ID,LegacySlotIndex,TriggerType,Charges,CoolDownMSec,CategoryCoolDownMSec,SpellCategoryID,SpellID,ChrSpecializationID,PlayerConditionID,ParentItemID
13641,0,0,-1,1000,-1,0,55884,0,0,69251
13642,1,6,0,-1,-1,0,97779,0,0,69251
27737,0,1,0,-1,-1,0,52172,0,0,134017
27738,1,0,0,1500,-1,0,51149,0,0,134017
27740,0,0,0,1500,3000,1476,52172,0,0,134019
97043,0,2,0,-1,-1,0,18077,0,0,899
97045,0,0,0,-1,-1,0,472,0,0,903
97046,0,0,-1,-1,-1,0,483,0,0,1105
97048,0,0,-1,-1,3000,330,55884,0,0,1041
97049,0,0,0,0,0,0,581,0,0,1042
97050,0,0,0,0,0,0,580,0,0,1043
97051,0,0,0,0,0,0,579,0,0,1044
97052,0,0,0,120000,60000,12,547,0,0,1184
97053,0,0,-1,-1,-1,0,8176,0,0,1187
97054,0,0,-1,-1,-1,0,483,0,0,1101
97055,0,0,-1,1000,0,0,54497,0,0,1177
97056,0,0,-1,0,60000,24,1940,0,0,1178
97057,0,0,-1,-1,-1,0,483,0,0,986
97058,0,0,-1,-1,-1,0,483,0,0,989
97059,0,0,0,3600000,0,0,18831,0,0,1315
97060,0,2,0,-1,-1,0,13480,0,0,1318
97061,0,0,-1,-1,-1,0,483,0,0,1136
97062,0,0,-1,-1,-1,0,483,0,0,1138
97063,0,0,-1,-1,-1,0,483,0,0,1139
97064,0,0,-1,-1,-1,0,483,0,0,1108
97065,0,0,-1,-1,-1,0,483,0,0,1109
97066,0,0,-1,-1,-1,0,483,0,0,1111
97067,0,0,-1,0,0,0,483,0,0,1052
97068,0,0,-1,0,1000,11,5005,0,0,724
97069,0,0,-1,-1,-1,0,483,0,0,728
97070,0,2,0,-1,-1,0,17504,0,0,809
97071,0,2,0,-1,-1,0,13439,0,0,810
97072,0,0,-1,0,1000,11,435,0,0,733
97073,0,0,-1,300000,60000,4,3591,0,0,737
97075,1,1,0,-1,-1,0,5707,0,0,833
97076,0,0,-1,0,60000,24,8312,0,0,835
97077,0,0,-1,0,1000,11,433,0,0,787
97078,0,0,-1,-1,-1,0,29467,0,0,23545
97080,0,0,0,-1,-1,0,459,0,0,842
97081,0,0,-1,-1,-1,0,483,0,0,1093
97082,0,0,-1,-1,-1,0,483,0,0,1095
97083,0,0,-1,-1,-1,0,483,0,0,1096
97084,0,0,-1,-1,-1,0,483,0,0,1099
97086,0,0,-1,0,0,0,483,0,0,1048
97087,0,2,0,-1,-1,0,18797,0,0,871
97089,0,0,-1,-1,-1,0,458,0,0,875
97090,0,2,0,-1,-1,0,8552,0,0,880
97091,0,0,-1,0,0,0,483,0,0,1049
97092,0,0,-1,0,1000,11,5006,0,0,1082
97095,2,1,0,-1,-1,0,18074,0,0,867
97097,0,0,-1,-1,-1,0,483,0,0,1086
97098,0,0,-1,-1,-1,0,483,0,0,1141
97099,0,0,-1,-1,-1,0,483,0,0,1144
97100,0,0,-1,-1,-1,0,483,0,0,1146
97101,0,0,-1,-1,-1,0,483,0,0,1149
97102,0,0,-1,-1,-1,0,483,0,0,1150
97103,0,0,-1,-1,-1,0,483,0,0,1151
97104,0,0,-1,0,1000,11,434,0,0,414
97105,0,0,-1,0,1000,11,435,0,0,422
97106,0,0,-1,-1,-1,0,483,0,0,1087
97107,0,0,-1,-1,-1,0,483,0,0,1088
97108,0,0,-1,0,1000,11,5006,0,0,1017
97109,0,0,-1,0,0,11,7291,0,0,1165
97110,0,0,-1,0,1000,11,433,0,0,961
97111,0,1,0,-1,-1,0,18815,0,0,1168
97112,1,1,0,-1,-1,0,18816,0,0,1168
97113,0,0,-1,-1,-1,4,431,0,0,1267
97114,0,2,0,-1,-1,0,18208,0,0,1265
97115,0,0,-1,-1,-1,0,483,0,0,1084
97116,0,0,-1,-1,-1,0,483,0,0,1085
97117,0,0,-1,-1,-1,0,483,0,0,1089
97118,0,0,-1,-1,-1,0,483,0,0,966
97119,0,0,-1,-1,1000,11,434,0,0,1321
97120,0,0,-1,-1,120000,1153,7396,0,0,1322
97121,0,0,-1,0,1000,11,434,0,0,1113
97122,0,0,-1,0,1000,11,435,0,0,1114
97123,0,0,-1,-1,1000,11,435,0,0,1119
97124,0,0,-10,-1,-1,0,0,0,0,836
97125,0,0,-1,-1,-1,4,432,0,0,1268
97126,0,0,0,-1,-1,0,468,0,0,1122
97127,0,0,0,-1,-1,0,472,0,0,1123
97128,0,0,0,-1,-1,0,471,0,0,1124
97129,0,0,-1,0,60000,24,2120,0,0,1127
97130,0,0,-1,-1,-1,0,0,0,0,951
97131,0,0,-1,1000,-1,0,8118,0,0,954
97132,0,0,-1,-1,-1,0,483,0,0,976
97133,0,0,-1,1000,-1,0,8096,0,0,955
97134,0,0,-1,0,1000,11,433,0,0,761
97135,0,0,-1,-1,-1,0,483,0,0,967
97136,0,0,-1,-1,-1,0,483,0,0,968
97137,0,0,-1,-1,-1,0,483,0,0,973
97138,0,0,-1,-1,-1,0,483,0,0,974
97139,0,0,-1,-1,-1,0,483,0,0,1224
97140,0,0,-1,-1,-1,0,483,0,0,1228
97141,0,0,-1,1000,-1,0,2006,0,0,1176
97142,0,0,-1,-1,-1,0,483,0,0,1091
97143,0,0,-1,-1,-1,0,483,0,0,1092
97144,0,0,-1,-1,-1,0,483,0,0,975
97145,0,0,-1,0,0,0,483,0,0,1053
97146,0,0,-1,0,0,0,483,0,0,1057
97147,0,0,-1,0,0,0,483,0,0,1061
97148,0,0,-1,-1,120000,4,438,0,0,1072
97149,0,2,0,-1,-1,0,13524,0,0,934
97150,0,2,0,-1,-1,0,18138,0,0,937
97151,0,0,0,900000,0,0,18820,0,0,940
97152,0,2,0,-1,-1,0,13752,0,0,869
97153,0,0,-1,0,0,0,483,0,0,1038
97154,0,0,0,30000,-1,0,47,0,0,941
97156,1,1,0,-1,-1,0,18799,0,0,942
97160,0,0,0,-1,-1,0,458,0,0,823
97163,0,0,-1,0,120000,1153,1138,0,0,1703
97164,0,0,-1,60000,30000,29,1139,0,0,1704
97165,0,2,0,-1,-1,0,16401,0,0,1726
97166,0,2,0,-1,-1,0,13528,0,0,1727
97167,0,0,-1,0,60000,4,441,0,0,929
97168,0,0,-1,0,0,0,483,0,0,1029
97169,0,0,-1,0,0,0,483,0,0,1030
97170,0,0,-1,0,0,0,483,0,0,1031
97171,0,0,-1,0,0,0,483,0,0,1032
97172,0,0,-1,0,0,0,483,0,0,1033
97173,0,0,-1,0,0,0,483,0,0,1034
97174,0,0,-1,-1,-1,0,483,0,0,1559
97175,0,0,-1,-1,-1,0,483,0,0,1641
97176,0,0,-1,0,1000,59,1135,0,0,1645
97177,0,0,-1,-1,-1,0,483,0,0,1648
97178,0,0,-1,0,1000,11,0,0,0,1649
97179,0,0,-1,-1,-1,0,483,0,0,1568
97180,0,0,-1,-1,-1,0,483,0,0,1655
97181,0,0,-1,-1,-1,0,483,0,0,1657
97182,0,0,-1,0,0,0,483,0,0,1035
97183,0,0,-1,0,0,0,483,0,0,1037
97184,0,0,-1,-1,3000,330,55884,0,0,1132
97185,0,0,-1,-1,3000,330,55884,0,0,1133
97186,0,0,-1,-1,3000,330,55884,0,0,1134
97187,0,0,-1,0,120000,1153,8070,0,0,1970
97188,0,0,0,60000,-1,0,403,0,0,1914
97189,0,0,-5,-1,-1,0,2352,0,0,1918
97190,0,0,-1,0,60000,24,49512,0,0,1399
97191,0,0,-1,0,300000,28,65,0,0,1400
97192,0,0,-3,1800000,-1,0,365,0,0,1700
97193,0,0,0,300000,0,0,8736,0,0,1933
97194,0,0,-1,-1,-1,0,3366,0,0,2363
97195,0,0,-1,0,0,0,483,0,0,1603
97196,0,0,-1,-1,-1,0,483,0,0,1231
97197,0,0,-1,-1,-1,0,483,0,0,1232
97198,0,0,-1,-1,-1,0,483,0,0,1238
97199,0,0,-1,-1,-1,0,483,0,0,1239
97200,0,0,-1,-1,-1,0,483,0,0,1243
97201,0,0,-1,-1,-1,0,483,0,0,1245
97202,0,2,0,-1,-1,0,18090,0,0,1986
97203,0,0,-1,0,1000,11,433,0,0,2070
97204,0,0,-1,0,0,59,430,0,0,2071
97205,0,0,-1,0,1000,150,746,0,0,1251
97206,0,0,-1,1000,0,0,2352,0,0,1253
97207,0,1,0,0,0,0,758,0,0,1254
97208,1,1,0,0,0,0,23480,0,0,1254
97209,0,0,0,30000,0,0,4960,0,0,1352
97211,0,0,0,30000,30000,24,133,0,0,1258
97212,0,0,-1,-1,-1,0,483,0,0,1334
97213,0,0,-1,-1,-1,0,483,0,0,992
97214,0,0,-1,-1,-1,0,483,0,0,994
97215,0,0,0,-1,-1,0,133,0,0,996
97216,0,2,0,-1,-1,0,89,0,0,997
97217,0,0,-1,-1,-1,0,483,0,0,1004
97218,0,0,-1,0,1000,59,430,0,0,159
97219,0,0,-1,-1,-1,0,483,0,0,3114
97220,0,0,-1,-1,-1,0,483,0,0,1651
97221,0,0,-1,0,60000,24,13424,0,0,1434
97222,0,0,-1,-1,-1,0,483,0,0,1339
97223,0,0,-1,-1,-1,0,483,0,0,1341
97224,0,0,0,60000,30000,22,805,0,0,1350
97225,0,0,-1,-1,-1,0,483,0,0,1567
97226,0,2,0,-1,-1,0,13440,0,0,1481
97227,0,0,-10,0,60000,24,5917,0,0,1191
97228,0,0,-1,-1,-1,0,483,0,0,1246
97229,0,0,-1,-1,-1,0,483,0,0,1250
97230,0,0,-1,-1,-1,0,483,0,0,1554
97231,0,2,0,-1,-1,0,13440,0,0,1482
97233,0,0,-1,0,1000,11,1127,0,0,1487
97234,0,0,-1,-1,-1,0,483,0,0,985
97235,0,0,0,1800000,0,0,12257,0,0,744
97236,0,0,-3,60000,20000,29,370,0,0,1995
97237,0,0,-5,-1,1000,59,5257,0,0,1262
97238,0,0,-10,30000,30000,29,835,0,0,1472
97239,0,1,0,-1,-1,0,19409,0,0,1979
97243,0,0,-1,1000,-1,0,8116,0,0,1477
97244,0,0,-1,1000,-1,0,8094,0,0,1478
97245,0,0,-1,-1,-1,0,483,0,0,1658
97249,0,0,-1,-1,-1,0,483,0,0,1886
97250,0,0,-1,-1,1000,11,434,0,0,1326
97251,0,0,-1,0,1000,11,1127,0,0,1707
97252,0,0,-1,0,1000,59,1133,0,0,1708
97254,0,0,-1,-1,-1,0,483,0,0,1676
97255,0,0,-1,-1,-1,0,483,0,0,3090
97256,0,2,0,-1,-1,0,18211,0,0,1982
97257,0,0,-5,120000,0,0,706,0,0,1612
97258,0,0,-1,0,0,0,483,0,0,1619
97259,0,0,-3,1800000,-1,0,955,0,0,1622
97260,0,0,-1,0,0,0,483,0,0,1597
97261,0,2,0,-1,-1,0,18086,0,0,1728
97262,0,0,-1,-1,-1,0,483,0,0,1229
97263,0,0,-1,-1,-1,0,9437,0,0,7586
97264,0,0,0,60000,-1,0,1152,0,0,2948
97265,0,0,-1,0,3000,79,2374,0,0,2457
97266,0,0,0,60000,-1,0,707,0,0,1444
97267,0,0,0,1800000,0,0,18826,0,0,1447
97268,0,0,-1,0,60000,4,806,0,0,1450
97269,0,0,-1,-1,-1,0,483,0,0,1112
97270,0,0,-1,0,1000,59,431,0,0,1179
97271,0,0,-1,1000,-1,0,8099,0,0,1180
97272,0,0,-1,1000,-1,0,8112,0,0,1181
97273,0,0,-1,-1,-1,0,29475,0,0,23547
97274,0,0,-1,0,1000,11,833,0,0,1401
97275,0,0,-5,0,60000,24,143,0,0,1402
97276,0,0,-10,30000,30000,28,834,0,0,1403
97277,0,0,-1,-1,-1,0,29483,0,0,23548
97278,0,0,-1,-1,-1,0,483,0,0,1328
97279,0,1,0,0,0,0,18097,0,0,1204
97280,0,0,-1,0,1000,59,432,0,0,1205
97281,0,0,-1,0,60000,4,2024,0,0,1710
97282,0,0,-1,1000,-1,0,8100,0,0,1711
97283,0,0,-1,1000,-1,0,8113,0,0,1712
97284,0,0,0,300000,0,0,14053,0,0,1713
97286,0,0,-1,-1,-1,0,483,0,0,1681
97288,0,0,-5,0,300000,28,1152,0,0,1851
97289,0,0,0,60000,-1,0,1139,0,0,1854
97290,0,0,-1,-1,-1,0,483,0,0,1877
97291,0,0,-1,-1,-1,0,3213,0,0,1878
97292,0,0,-1,-1,-1,0,483,0,0,1882
97293,0,0,-1,-1,-1,0,483,0,0,1534
97294,0,2,0,-1,-1,0,16409,0,0,3822
97295,0,0,-1,-1,-1,0,483,0,0,3612
97296,0,0,-1,0,60000,4,2379,0,0,2459
97297,0,0,-1,-1,-1,0,2006,0,0,3438
97298,0,0,-10,30000,-1,0,89,0,0,3441
97299,0,0,-1,0,0,0,483,0,0,4179
97301,0,0,-1,0,1000,11,5004,0,0,2680
97302,0,0,-1,0,1000,11,433,0,0,2681
97303,0,0,-1,0,1000,11,2639,0,0,2682
97304,0,0,-1,0,1000,11,5005,0,0,2683
97306,0,0,-1,-1,-1,0,3366,0,0,3499
97307,0,0,-1,0,1000,11,435,0,0,3770
97308,0,0,-1,0,1000,11,5005,0,0,2684
97309,0,0,-1,-1,-1,0,483,0,0,3118
97312,0,0,-1,1000,-1,0,3112,0,0,3239
97314,0,0,-1,0,1000,11,1127,0,0,3771
97315,0,0,-1,0,1000,59,1133,0,0,3772
97316,0,0,-1,-1,-1,0,483,0,0,3146
97317,0,0,-1,-1,60000,24,700,0,0,3434
97318,0,0,0,-1,-1,0,8913,0,0,2808
97319,0,0,-1,-1,-1,0,3366,0,0,3467
97320,0,0,-1,-1,-1,0,483,0,0,3139
97321,0,0,-1,0,60000,4,3592,0,0,2633
97322,0,0,-1,-1,-1,0,483,0,0,3096
97323,0,0,-1,0,120000,4,708,0,0,3768
97324,0,0,-1,1000,-1,0,2828,0,0,2862
97325,0,0,-1,1000,-1,0,2829,0,0,2863
97326,0,0,-1,0,-1,0,2824,0,0,2893
97327,0,0,-1,0,1000,11,5006,0,0,3665
97328,0,0,-1,-1,-1,0,483,0,0,3097
97329,0,0,-1,-1,-1,0,483,0,0,3098
97330,0,2,0,0,0,0,13440,0,0,2256
97331,0,0,-1,-1,-1,0,483,0,0,3094
97332,0,0,-1,-1,-1,0,483,0,0,3095
97333,0,0,-1,-1,-1,0,483,0,0,3092
97334,0,0,-1,-1,-1,0,483,0,0,3093
97335,0,0,-1,0,0,0,483,0,0,4183
97336,0,0,-1,0,0,0,483,0,0,4185
97337,0,2,0,-1,-1,0,18199,0,0,2299
97338,0,0,-1,-1,-1,0,483,0,0,2406
97339,0,0,-1,-1,-1,0,483,0,0,2407
97340,0,0,-1,-1,-1,0,483,0,0,2408
97341,0,0,-1,-1,-1,0,483,0,0,2409
97342,0,2,0,-1,-1,0,9796,0,0,3687
97343,1,2,0,-1,-1,0,13441,0,0,3687
97344,2,2,0,-1,-1,0,13438,0,0,3687
97346,0,0,-1,0,3000,79,3164,0,0,3391
97348,0,0,-1,0,3000,79,3166,0,0,3383
97349,0,0,-1,0,60000,4,2380,0,0,3384
97350,0,0,-1,0,60000,4,438,0,0,3385
97351,0,0,-10,1800000,-1,0,1459,0,0,1912
97352,0,0,-1,-1,-1,0,483,0,0,4211
97353,0,0,-1,0,0,0,483,0,0,4170
97354,0,0,-1,-1,-1,0,483,0,0,3393
97355,0,0,-1,0,0,79,483,0,0,3394
97356,0,2,0,-1,-1,0,16409,0,0,1387
97357,0,0,-1,0,120000,1153,4071,0,0,4366
97358,0,0,-1,1000,-1,0,4056,0,0,4367
97359,0,0,-1,0,1000,59,11008,0,0,2596
97360,0,0,-1,-1,-1,0,483,0,0,2598
97361,0,0,-1,-1,-1,0,0,0,0,2599
97363,0,0,-1,-1,-1,0,483,0,0,4217
97364,0,0,-1,-1,-1,0,483,0,0,1536
97365,0,0,0,900000,0,0,835,0,0,1404
97366,0,0,-1,-1,-1,0,483,0,0,1571
97367,0,0,-1,0,0,0,483,0,0,1589
97368,0,1,0,-1,-1,0,21142,0,0,3475
97369,0,0,-1,0,600000,4,3680,0,0,3823
97370,0,0,-1,-1,-1,0,483,0,0,3872
97371,0,0,-1,-1,-1,0,483,0,0,3873
97372,0,0,-1,0,0,0,483,0,0,1591
97373,0,0,-1,-1,-1,0,483,0,0,4355
97374,0,0,-1,0,-1,0,2823,0,0,2892
97375,0,0,-1,-1,-1,0,483,0,0,3874
97376,0,0,-1,1000,0,0,2352,0,0,2789
97377,0,0,-1,-1,-1,0,483,0,0,4216
97378,0,0,-1,0,3000,79,2381,0,0,2461
97379,0,0,-1,0,1000,11,5005,0,0,3662
97380,0,0,-1,0,0,0,483,0,0,4171
97381,0,0,-1,-1,-1,0,483,0,0,4356
97382,0,0,-1,-1,-1,0,2352,0,0,2790
97383,0,0,-1,-1,-1,0,2352,0,0,2792
97384,0,0,-1,-1,-1,0,483,0,0,2553
97385,0,0,0,1800000,-1,0,554,0,0,2826
97386,0,0,-1,0,1000,59,432,0,0,2136
97387,0,0,-1,-1,-1,0,483,0,0,3119
97388,0,0,-1,-1,-1,0,483,0,0,3120
97389,0,0,-1,-1,-1,0,483,0,0,3121
97390,0,0,-1,-1,3000,330,55884,0,0,2411
97392,0,1,0,-1,-1,0,29625,0,0,2099
97394,0,0,-1,-1,-1,0,483,0,0,2601
97395,0,0,-1,-1,-1,0,0,0,0,2602
97396,0,0,-1,-1,-1,0,483,0,0,3102
97397,0,0,-1,1000,-1,0,2830,0,0,2871
97398,0,0,-1,1000,-1,0,8119,0,0,2289
97399,0,0,-1,1000,-1,0,8097,0,0,2290
97401,0,0,-1,-1,-1,0,11007,0,0,2686
97402,0,0,-1,0,1000,11,5005,0,0,2687
97404,0,2,0,-1,-1,0,18091,0,0,2000
97406,0,0,-1,0,1000,11,433,0,0,2679
97407,0,0,-1,0,-1,0,11007,0,0,2894
97410,0,0,-1,0,0,0,483,0,0,3132
97411,0,0,-1,-1,-1,0,483,0,0,2881
97414,0,2,0,-1,-1,0,14119,0,0,2263
97415,0,0,-1,0,0,0,483,0,0,3130
97418,0,0,-1,-1,-1,0,483,0,0,2698
97419,0,0,-1,0,0,0,483,0,0,3127
97420,0,0,-1,0,1000,59,431,0,0,2288
97421,0,0,0,60000,-1,0,109,0,0,3015
97422,0,2,0,-1,-1,0,18217,0,0,2205
97423,0,2,0,-1,-1,0,17153,0,0,2291
97424,0,0,-1,0,0,0,483,0,0,3129
97425,0,0,-1,-1,-1,0,483,0,0,2404
97426,0,0,-1,-1,-1,0,483,0,0,2405
97427,0,0,-1,0,0,0,483,0,0,3133
97428,0,0,-1,-1,-1,0,483,0,0,3134
97430,0,0,-1,0,1000,59,11007,0,0,2723
97431,0,0,-1,-1,-1,0,483,0,0,3089
97432,0,0,-1,-1,-1,0,483,0,0,3611
97433,0,1,0,-1,-1,0,29501,0,0,2824
97434,0,1,0,-1,-1,0,29624,0,0,2825
97435,0,2,0,-1,-1,0,18205,0,0,3194
97437,0,0,0,1800000,0,0,14530,0,0,2820
97438,0,0,-1,-1,-1,0,483,0,0,3866
97439,0,0,-1,-1,-1,0,483,0,0,3868
97440,0,0,-1,-1,-1,0,483,0,0,3123
97441,0,0,-1,-1,-1,0,483,0,0,3124
97442,0,0,-1,0,0,0,483,0,0,3125
97443,0,0,-1,0,0,0,483,0,0,3126
97444,0,0,0,600000,0,0,13744,0,0,2802
97445,0,0,0,1800000,-1,0,0,0,0,2804
97446,0,0,-1,-1,-1,0,483,0,0,3140
97447,0,0,-1,0,1000,11,5004,0,0,2888
97448,0,0,-1,-1,-1,0,483,0,0,3141
97449,0,0,-1,-1,-1,0,483,0,0,3144
97450,0,0,-1,-1,60000,4,29236,0,0,3087
97451,0,0,-1,-1,-1,0,483,0,0,3088
97453,0,0,-1,-1,-1,0,483,0,0,3875
97454,0,0,-1,-1,-1,0,483,0,0,2882
97455,0,2,0,-1,-1,0,18138,0,0,2163
97456,0,0,-1,-1,-1,0,483,0,0,3869
97457,0,0,-1,-1,-1,0,483,0,0,3870
97458,0,0,-1,-1,-1,0,483,0,0,3871
97459,0,0,-1,-1,-1,0,483,0,0,3091
97460,0,0,-1,-1,-1,0,483,0,0,3678
97461,0,0,-1,-1,-1,0,483,0,0,3679
97462,0,0,-1,-1,-1,0,483,0,0,3832
97463,0,0,-1,-1,-1,0,483,0,0,3608
97466,0,0,0,60000,-1,0,437,0,0,2478
97467,0,0,-1,0,0,59,1135,0,0,3773
97468,0,0,-1,0,-1,0,3408,0,0,3775
97469,0,0,-1,0,3000,79,2378,0,0,2458
97470,0,0,-1,1000,-1,0,8115,0,0,3012
97471,0,0,-1,0,-1,0,11202,0,0,3776
97472,0,0,-1,0,1000,59,11008,0,0,2593
97473,0,0,-1,0,1000,59,11009,0,0,2594
97474,0,0,-1,-1,-1,0,483,0,0,2883
97475,0,0,-1,1000,-1,0,8091,0,0,3013
97476,0,2,0,-1,-1,0,18107,0,0,2164
97477,0,0,-1,-1,-1,0,483,0,0,3099
97478,0,0,-1,-1,-1,0,483,0,0,3100
97479,0,0,-1,-1,3000,330,55884,0,0,2414
97480,0,0,-1,0,1000,59,11009,0,0,2595
97482,0,0,-1,0,1000,11,5006,0,0,3666
97483,0,0,-1,0,1000,11,435,0,0,2685
97484,0,2,0,-1,-1,0,16409,0,0,2912
97485,0,0,-1,0,60000,24,1090,0,0,2091
97487,0,0,-1,-1,-1,0,483,0,0,3112
97488,0,0,-1,-1,-1,0,483,0,0,3113
97489,0,2,0,-1,-1,0,18803,0,0,2243
97491,0,0,-5,120000,-1,0,9489,0,0,7667
97492,0,0,-1,-1,3000,330,55884,0,0,2413
97493,0,2,0,-1,-1,0,16415,0,0,2915
97494,0,0,-1,-1,-1,0,483,0,0,2699
97495,0,0,-1,-1,-1,0,483,0,0,2701
97496,0,0,-1,0,1000,11,5005,0,0,3220
97497,0,0,-1,0,60000,4,4042,0,0,3928
97498,0,0,-1,-1,-1,0,483,0,0,5141
97499,0,0,-1,-1,-1,0,483,0,0,4222
97500,0,0,-1,-1,-1,0,483,0,0,4223
97501,0,0,-1,1000,0,0,3594,0,0,3824
97502,0,0,-1,-1,-1,0,483,0,0,4226
97503,0,0,-1,-1,-1,0,483,0,0,4351
97504,0,0,-1,-1,-1,0,483,0,0,4352
97505,0,0,-1,-1,-1,0,483,0,0,4353
97506,0,0,-1,0,60000,24,4068,0,0,4390
97507,0,0,-1,-1,-1,0,483,0,0,5161
97508,0,0,-1,-1,-1,0,483,0,0,5163
97509,0,0,-1,-1,-1,0,483,0,0,4411
97510,0,0,0,2000,-1,0,4954,0,0,4704
97511,0,0,-1,10000,-1,0,4130,0,0,4481
97512,0,0,-1,-1,0,0,55884,0,0,4401
97513,0,0,-1,0,0,0,483,0,0,4176
97514,0,0,-1,0,0,0,483,0,0,4177
97515,0,0,-1,0,0,0,483,0,0,4178
97516,0,0,-1,600000,60000,24,4078,0,0,4391
97517,0,0,-1,0,120000,1153,4072,0,0,4392
97518,0,0,-1,-1,-1,0,483,0,0,5126
97519,0,0,-1,-1,-1,0,483,0,0,5127
97520,0,0,-1,-1,-1,0,483,0,0,4218
97521,0,0,-1,-1,-1,0,483,0,0,4220
97522,0,0,-1,-1,-1,0,483,0,0,4221
97523,0,0,-1,-1,-1,0,483,0,0,5142
97524,0,0,-1,-1,-1,0,483,0,0,5153
97525,0,0,0,-1,-1,0,1538,0,0,3710
97526,0,0,-1,-1,-1,0,483,0,0,5129
97527,0,0,-1,-1,-1,0,483,0,0,4282
97528,0,0,-1,-1,-1,0,483,0,0,4283
97529,0,0,-1,10000,-1,0,5316,0,0,5165
97530,0,0,-1,-1,-1,0,483,0,0,4296
97531,0,0,-1,-1,-1,0,483,0,0,4297
97532,0,0,-1,-1,-1,0,483,0,0,4298
97533,0,0,-1,-1,-1,0,483,0,0,4300
97534,0,0,0,0,0,0,4506,0,0,4559
97535,0,0,-1,-1,-1,0,3670,0,0,3930
97536,0,0,-3,1000,0,0,4318,0,0,4546
97537,0,0,-1,-1,-1,0,0,0,0,4224
97538,0,0,-1,-1,-1,0,483,0,0,4225
97539,0,0,-1,600000,60000,24,6084,0,0,5332
97542,0,0,-1,0,1000,11,433,0,0,5349
97544,0,0,-1,0,1000,11,434,0,0,2287
97546,0,0,-1,-1,-1,0,3974,0,0,4405
97547,0,0,-1,1000,-1,0,3975,0,0,4406
97548,0,0,-1,-1,-1,0,483,0,0,4161
97549,0,0,-1,-1,-1,0,483,0,0,4162
97550,0,0,-1,0,1000,59,430,0,0,5350
97551,0,0,-1,0,1000,11,5006,0,0,3726
97554,0,2,0,-1,-1,0,18078,0,0,3336
97555,0,0,-1,0,0,0,483,0,0,4188
97556,0,0,-1,0,0,0,483,0,0,4189
97557,0,0,0,1200000,15000,1141,9174,0,0,4264
97558,0,0,-1,1000,-1,0,2833,0,0,4265
97559,0,0,-1,0,3000,79,2367,0,0,2454
97560,0,0,-1,0,60000,4,437,0,0,2455
97561,0,0,-1,0,60000,4,2370,0,0,2456
97562,0,0,-1,0,1000,11,5006,0,0,3727
97563,0,0,-1,-1,-1,0,483,0,0,3138
97564,0,0,-1,-1,-1,0,483,0,0,4267
97565,0,0,-1,0,1000,11,5007,0,0,4457
97566,0,0,-1,1000,-1,0,8101,0,0,4422
97567,0,0,-1,-1,-1,0,483,0,0,4165
97568,0,0,-1,-1,-1,0,483,0,0,4166
97569,0,0,-1,-1,-1,0,483,0,0,4167
97570,0,0,-1,0,0,0,483,0,0,4168
97571,0,0,-1,0,0,0,483,0,0,4169
97572,0,0,-1,-1,-1,0,483,0,0,4268
97574,0,0,-1,0,1000,11,435,0,0,4593
97575,0,0,-1,0,1000,11,1127,0,0,4594
97576,0,0,-1,0,1000,59,11009,0,0,4595
97578,0,0,-1,-1,-1,0,4975,0,0,4750
97579,0,0,-1,-1,-1,0,483,0,0,4141
97580,0,0,-1,-1,-1,0,483,0,0,4142
97581,0,0,-1,-1,-1,0,483,0,0,4143
97582,0,0,-1,-1,-1,0,483,0,0,4301
97583,0,0,-1,-1,-1,0,483,0,0,4147
97584,0,0,-1,300000,-1,0,2791,0,0,4423
97586,0,0,-1,0,60000,24,4062,0,0,4598
97587,0,0,-1,0,1000,59,11009,0,0,4600
97588,0,0,-1,0,1000,11,1129,0,0,4601
97589,0,0,-1,0,1000,11,1129,0,0,4602
97590,0,0,-1,0,1000,11,1127,0,0,4603
97591,0,0,-1,-1,-1,0,483,0,0,4624
97592,0,0,-1,-1,-1,0,483,0,0,4416
97593,0,0,-1,-1,-1,0,483,0,0,4157
97594,0,0,-1,-1,-1,0,483,0,0,4158
97595,0,0,-1,0,1000,11,434,0,0,4592
97596,0,0,-1,-1,-1,0,483,0,0,4412
97597,0,0,-1,-1,-1,0,483,0,0,4413
97598,0,0,-1,-1,-1,0,483,0,0,4414
97599,0,0,-1,-1,-1,0,483,0,0,4415
97600,0,0,-1,10000,-1,0,4131,0,0,4480
97601,0,2,0,-1,-1,0,13496,0,0,4090
97602,0,0,-1,-1,-1,0,483,0,0,5484
97603,0,0,-1,-1,-1,0,483,0,0,5485
97604,0,1,0,-1,-1,0,9133,0,0,4248
97605,0,0,-1,-1,-1,0,483,0,0,4409
97606,0,0,-1,-1,-1,0,483,0,0,4410
97609,0,0,-1,-1,-1,0,483,0,0,3115
97610,0,0,-1,0,60000,24,4065,0,0,4370
97611,0,0,-1,0,60000,4,440,0,0,4596
97612,0,0,-1,-1,-1,0,483,0,0,4597
97613,0,0,-1,-1,-1,0,483,0,0,4163
97614,0,0,-1,-1,-1,0,483,0,0,4345
97615,0,0,-1,-1,-1,0,483,0,0,4202
97616,0,0,-1,1000,-1,0,3113,0,0,3240
97617,0,0,-1,1000,-1,0,3114,0,0,3241
97618,0,0,-1,-1,-1,0,483,0,0,4198
97619,0,0,-1,-1,-1,0,483,0,0,4199
97620,0,0,-10,300000,120000,1153,18805,0,0,4381
97621,0,0,-5,5000,-1,0,65,0,0,3507
97622,0,0,-1,-1,-1,0,483,0,0,3682
97623,0,0,-1,0,1000,11,1127,0,0,4544
97624,0,0,-1,-1,-1,0,483,0,0,4354
97625,0,0,-1,0,60000,24,4054,0,0,4358
97626,0,0,-1,-1,-1,0,483,0,0,3395
97627,0,0,-1,-1,-1,0,483,0,0,4293
97628,0,0,-1,-1,-1,0,483,0,0,4294
97629,0,0,-1,-1,-1,0,483,0,0,4295
97630,0,0,-1,0,1000,11,5006,0,0,3663
97631,0,0,-1,0,1000,11,5006,0,0,3664
97633,0,0,0,3600000,0,0,4079,0,0,4397
97634,0,0,-1,1000,-1,0,4075,0,0,4398
97635,0,0,-1,-1,-1,0,483,0,0,4347
97636,0,0,-1,-1,-1,0,483,0,0,2554
97637,0,2,0,-1,-1,0,3742,0,0,3278
97638,0,0,-1,-1,-1,0,483,0,0,4212
97639,0,0,-1,-1,-1,0,483,0,0,3116
97640,0,0,-1,-1,-1,0,483,0,0,4348
97641,0,0,-1,-1,-1,0,483,0,0,4350
97642,0,0,-1,-1,-1,0,483,0,0,4152
97643,0,0,-1,-1,-1,0,483,0,0,4153
97646,0,0,-1,-1,-1,0,0,0,0,2761
97647,0,0,-1,-1,-1,0,898,0,0,2762
97648,0,0,-1,-1,-1,0,483,0,0,4154
97649,0,0,-1,-1,-1,0,483,0,0,4155
97650,0,0,-1,-1,-1,0,483,0,0,4156
97651,0,0,-1,0,1000,11,434,0,0,4605
97652,0,0,-1,0,1000,11,435,0,0,4606
97653,0,0,-1,0,1000,11,1127,0,0,4607
97654,0,0,-3,600000,60000,24,9515,0,0,3456
97655,0,0,-1,-1,-1,0,483,0,0,3609
97656,0,0,-1,1000,0,0,3595,0,0,3829
97657,0,0,-1,-1,-1,0,483,0,0,3830
97658,0,0,-1,0,1000,11,5007,0,0,3728
97659,0,0,-1,0,1000,11,5007,0,0,3729
97660,0,0,-1,-1,-1,0,483,0,0,4207
97661,0,0,-1,-1,-1,0,483,0,0,4208
97662,0,0,-1,-1,-1,0,483,0,0,4209
97663,1,0,-1,0,120000,100,10052,0,0,5513
97664,1,0,-1,0,120000,100,5405,0,0,5514
97665,0,0,-1,0,0,0,483,0,0,4172
97666,0,0,-1,-1,-1,0,483,0,0,3396
97667,0,0,-5,900000,0,0,4077,0,0,4386
97668,0,0,-1,-1,-1,0,483,0,0,3610
97669,0,0,-1,-1,-1,0,483,0,0,4215
97670,0,0,-1,0,1000,59,6114,0,0,5342
97671,0,0,-1,-1,-1,0,483,0,0,4417
97672,0,0,-1,0,1000,11,1129,0,0,4418
97673,0,0,-1,1000,-1,0,8098,0,0,4419
97674,0,0,-1,300000,-1,0,1008,0,0,4420
97675,0,0,-1,-1,1000,11,2639,0,0,3448
97676,0,0,-1,0,3000,79,3220,0,0,3389
97677,0,0,-1,0,3000,79,3160,0,0,3390
97678,0,0,-1,1000,-1,0,8095,0,0,4421
97679,0,0,-1,-1,-1,0,483,0,0,4210
97680,0,0,-1,0,60000,24,4066,0,0,4374
97681,0,0,-5,900000,0,0,4057,0,0,4376
97682,0,0,-1,0,0,0,483,0,0,4173
97683,0,0,-1,1000,-1,0,2831,0,0,2304
97684,0,0,-1,0,60000,24,4074,0,0,4384
97685,0,0,-1,-1,-1,0,4239,0,0,4529
97686,0,0,-1,0,60000,24,4062,0,0,4378
97687,0,0,-1,-1,-1,0,483,0,0,3735
97688,0,0,-1,-1,-1,0,483,0,0,3736
97689,0,0,-1,-1,-1,0,483,0,0,3737
97690,0,0,-1,-1,-1,0,483,0,0,4164
97691,0,0,-1,0,3000,79,6512,0,0,3828
97692,0,0,-1,0,60000,24,4069,0,0,4394
97693,0,0,-1,0,0,0,483,0,0,4180
97694,0,0,-1,-1,-1,0,483,0,0,3680
97695,0,0,-1,-1,-1,0,483,0,0,3681
97696,0,0,-1,-1,-1,0,4977,0,0,4760
97697,1,1,0,-1,-1,0,4977,0,0,4760
97698,0,0,-8,0,60000,24,4067,0,0,4403
97699,0,0,-1,0,0,0,483,0,0,4181
97700,0,0,-1,0,60000,79,26677,0,0,3386
97701,0,0,-1,0,3000,79,3219,0,0,3382
97702,0,0,-1,0,60000,24,4061,0,0,4365
97703,0,0,-1,-1,-1,0,483,0,0,4609
97704,0,0,-1,-1,-1,0,483,0,0,4206
97705,0,0,-1,0,1000,11,434,0,0,4537
97706,0,0,-1,0,1000,11,435,0,0,4538
97707,0,0,-1,0,1000,11,1127,0,0,4539
97708,0,0,-1,0,1000,11,433,0,0,4540
97710,1,2,0,-1,-1,0,13439,0,0,3854
97711,0,1,0,-1,-1,0,14565,0,0,3566
97712,0,0,-1,0,3000,79,3593,0,0,3825
97713,0,0,-1,0,3000,79,3223,0,0,3826
97714,0,0,-10,30000,0,0,7669,0,0,3251
97715,0,0,-1,0,1000,11,433,0,0,4536
97716,0,0,-1,-1,-1,0,483,0,0,4200
97717,0,0,-1,-1,-1,0,483,0,0,4201
97718,0,0,-1,0,1000,11,435,0,0,4542
97719,0,0,-1,-1,-1,0,483,0,0,4213
97722,0,0,-1,0,60000,24,4100,0,0,4395
97723,0,0,0,300000,60000,94,4073,0,0,4396
97724,0,0,-1,0,60000,24,4064,0,0,4360
97725,0,0,-1,-1,-1,0,3407,0,0,3745
97726,0,0,-1,1000,-1,0,2832,0,0,2313
97728,0,0,-1,-1,-1,0,483,0,0,2555
97729,0,0,-1,0,0,0,483,0,0,4182
97730,0,0,0,1000,-1,0,3678,0,0,4027
97731,0,0,-1,-1,-1,0,483,0,0,4292
97733,0,0,-1,-1,-1,0,483,0,0,4228
97734,0,0,-1,-1,-1,0,483,0,0,4229
97735,0,0,0,120000,0,0,3607,0,0,3912
97736,0,0,-1,-1,-1,0,483,0,0,2556
97739,0,0,-1,-1,-1,0,483,0,0,7613
97740,0,0,-1,0,0,0,483,0,0,5715
97741,0,0,-1,0,-1,0,5761,0,0,5237
97742,0,0,-1,-1,-1,0,483,0,0,5973
97743,0,0,-1,0,0,0,483,0,0,5711
97744,0,0,-1,0,1000,11,5004,0,0,5472
97745,0,0,-1,-1,-1,0,4976,0,0,5185
97746,0,0,-1,0,0,0,0,0,0,5406
97747,0,0,-1,0,0,0,0,0,0,5407
97748,0,0,-1,-1,-1,0,611,0,0,5678
97749,0,0,-1,-1,-1,0,483,0,0,5679
97750,0,0,-1,-1,3000,330,55884,0,0,5872
97751,0,0,-1,-1,3000,330,55884,0,0,5873
97752,0,0,-1,-1,3000,330,55884,0,0,5874
97753,0,0,-1,-1,3000,330,55884,0,0,5875
97754,0,0,-1,0,1000,11,7737,0,0,6299
97755,0,0,-1,1000,-1,0,6650,0,0,5654
97756,0,0,-1,-1,3000,330,55884,0,0,5655
97757,0,0,-1,-1,-1,0,483,0,0,5577
97758,0,0,-1,-1,-1,0,483,0,0,5578
97759,0,0,0,-1,-1,0,6249,0,0,5396
97760,0,0,-1,-1,-1,0,6250,0,0,5397
97761,0,0,-1,0,1000,59,5909,0,0,5265
97762,0,0,-1,-1,-1,0,483,0,0,6132
97763,0,0,-1,-1,-1,0,483,0,0,5786
97764,0,0,-1,0,60000,4,6724,0,0,5816
97765,0,0,-1,-1,-1,0,483,0,0,5666
97766,0,0,-1,-1,-1,0,483,0,0,5667
97767,0,0,-1,-1,3000,330,55884,0,0,5668
97769,0,0,0,-1,-1,0,3366,0,0,6893
97770,0,0,-1,-1,-1,0,8616,0,0,6897
97773,2,0,0,1800000,0,0,18956,0,0,6898
97775,0,0,-1,-1,-1,0,483,0,0,5727
97776,0,1,0,0,0,0,5718,0,0,5230
97777,1,0,-1,0,0,100,5720,0,0,5230
97778,0,1,0,0,0,0,5719,0,0,5231
97779,1,0,-1,0,0,100,5723,0,0,5231
97780,0,0,-1,-1,-1,0,3366,0,0,6210
97781,0,0,-1,-1,-1,0,483,0,0,6211
97782,0,0,-1,1000,-1,0,7407,0,0,6213
97783,0,0,-1,-1,-1,0,483,0,0,5719
97784,0,0,-1,-1,-1,0,483,0,0,5729
97785,0,0,-1,-1,-1,0,483,0,0,5730
97786,0,0,-1,-1,-1,0,483,0,0,5724
97787,0,0,-1,-1,-1,0,483,0,0,5725
97788,0,0,-1,-1,-1,0,483,0,0,5726
97789,0,0,-1,0,1000,11,5006,0,0,5527
97790,0,0,-1,-1,-1,0,483,0,0,5528
97791,0,0,-1,0,1000,11,433,0,0,5057
97792,0,0,-1,-1,-1,0,6902,0,0,5878
97793,0,0,-1,1000,0,0,5140,0,0,5021
97794,0,0,-1,-1,-1,0,3366,0,0,6208
97795,0,0,-1,-1,-1,0,483,0,0,5083
97796,0,0,-1,-1,-1,0,3366,0,0,6209
97797,0,2,0,-1,-1,0,18197,0,0,5426
97798,0,0,-1,0,60000,24,5134,0,0,4852
97799,0,0,-1,-1,-1,0,4977,0,0,5415
97800,0,0,-1,-1,-1,0,4978,0,0,5416
97801,0,0,-1,0,1000,150,1159,0,0,2581
97802,0,0,-1,-1,-1,0,483,0,0,3683
97803,0,0,-1,0,1000,11,1129,0,0,3927
97804,0,0,-5,0,60000,24,4060,0,0,4388
97805,0,0,0,-1,-1,0,8001,0,0,6145
97806,0,0,-1,-1,-1,0,483,0,0,5789
97807,0,0,-1,-1,-1,0,483,0,0,6330
97808,0,2,0,-1,-1,0,13490,0,0,6331
97809,0,0,-1,-1,-1,0,483,0,0,5685
97810,0,0,-1,0,0,0,483,0,0,5709
97811,0,0,-1,0,0,0,483,0,0,5710
97812,0,0,3,300000,0,0,14134,0,0,5613
97813,0,0,-1,-1,-1,0,483,0,0,6329
97814,0,0,-1,0,1000,11,434,0,0,5066
97815,1,0,-1,-1,-1,0,5206,0,0,5068
97816,0,1,0,0,0,0,6260,0,0,5408
97817,1,0,-1,0,0,100,6262,0,0,5408
97818,0,0,-1,0,60000,4,3169,0,0,3387
97819,0,0,-1,0,3000,79,3222,0,0,3388
97820,0,2,0,-1,-1,0,13491,0,0,2942
97821,0,0,-1,-1,-1,0,483,0,0,5670
97822,0,0,-1,-1,-1,0,483,0,0,5671
97823,0,0,-1,0,0,0,483,0,0,5702
97824,0,2,0,-1,-1,0,18092,0,0,5182
97826,0,0,0,300000,0,0,1139,0,0,5079
97827,0,0,-1,0,1000,11,435,0,0,5526
97828,0,0,-1,0,0,0,5665,0,0,5206
97829,0,0,-1,0,0,0,483,0,0,5703
97830,0,0,-1,1000,0,0,5161,0,0,5052
97831,0,0,-1,0,1000,11,6410,0,0,5473
97832,0,0,-1,0,1000,11,5004,0,0,5474
97833,0,0,-1,-1,-1,0,6527,0,0,5475
97835,0,0,-1,0,0,0,483,0,0,5708
97836,0,0,-1,1000,-1,0,6296,0,0,5421
97837,0,0,0,180000,0,0,7728,0,0,6928
97838,0,0,-5,30000,-1,0,6918,0,0,5880
97839,0,0,-1,0,1000,11,435,0,0,6362
97840,0,0,-1,-1,-1,0,483,0,0,6326
97841,0,0,-1,-1,-1,0,7285,0,0,6074
97842,0,0,-1,0,60000,4,6613,0,0,5633
97843,0,0,-1,-1,-1,0,5666,0,0,5218
97844,0,0,-1,0,0,0,0,0,0,5223
97845,0,0,-1,-1,-1,0,6620,0,0,5638
97846,0,0,-1,-1,-1,0,483,0,0,5640
97847,0,0,-1,0,1000,11,6727,0,0,5823
97848,0,0,-1,-1,-1,0,483,0,0,5641
97849,0,0,-1,0,60000,4,6615,0,0,5634
97850,0,0,-1,0,1000,11,5005,0,0,5525
97851,0,0,-1,0,0,0,483,0,0,5698
97852,0,0,-1,0,0,0,483,0,0,5699
97853,0,0,-1,0,0,0,483,0,0,5700
97854,0,0,-1,0,0,0,483,0,0,5701
97855,0,0,-1,0,1000,11,1127,0,0,6807
97856,0,0,-1,-1,-1,0,483,0,0,4280
97857,0,0,-1,-1,-1,0,483,0,0,4281
97858,0,0,-1,0,0,0,483,0,0,5704
97859,0,0,-1,0,0,0,483,0,0,5705
97860,0,0,-1,0,0,0,483,0,0,5706
97861,0,0,-1,0,0,0,483,0,0,5707
97862,0,0,-1,0,1000,11,5005,0,0,5476
97863,0,0,-1,-1,-1,0,483,0,0,5728
97864,0,1,0,0,0,0,6261,0,0,5409
97865,1,0,-1,0,0,100,6263,0,0,5409
97866,0,0,-1,-1,-1,0,4975,0,0,5411
97867,0,0,-1,-1,-1,0,6529,0,0,4882
97868,0,0,0,10000,-1,0,9095,0,0,7308
97869,0,0,-1,-1,-1,0,483,0,0,6401
97870,0,0,-1,-1,-1,0,483,0,0,6348
97871,0,0,-1,-1,-1,0,483,0,0,5156
97872,0,0,-1,-1,-1,0,5304,0,0,5157
97873,0,0,-1,-1,-1,0,483,0,0,5158
97874,0,2,0,-1,-1,0,20869,0,0,5815
97875,1,0,-1,0,120000,1153,6262,0,0,5512
97876,0,0,-1,-1,-1,0,483,0,0,6376
97877,0,0,-1,-1,-1,0,483,0,0,5677
97878,0,0,-1,0,1000,11,7737,0,0,6303
97879,0,0,0,180000,0,0,8674,0,0,6913
97880,0,0,-1,-1,-1,0,483,0,0,5673
97881,0,0,-1,-1,-1,0,483,0,0,5674
97882,0,0,-1,0,0,0,0,0,0,5227
97883,0,2,-1,0,-1,0,2607,0,0,4985
97884,0,0,-1,0,0,0,483,0,0,5154
97885,0,0,-1,0,0,0,483,0,0,5713
97886,0,0,-1,-1,-1,0,483,0,0,5684
97888,0,0,-1,-1,-1,0,483,0,0,5482
97889,0,0,-1,1000,-1,0,8114,0,0,4424
97891,0,0,-1,0,0,0,483,0,0,5139
97892,0,0,-1,-1,-1,0,6630,0,0,5694
97893,0,0,0,600000,1000,59,1135,0,0,4696
97894,0,0,0,-1,-1,0,6974,0,0,5916
97895,0,0,0,1800000,0,0,14053,0,0,5323
97896,0,0,-1,-1,-1,0,483,0,0,5486
97897,0,0,-1,0,1000,59,5020,0,0,4952
97898,0,0,-1,0,0,0,0,0,0,5228
97899,0,0,-1,0,0,0,0,0,0,5229
97900,0,0,-1,-1,-1,0,483,0,0,5682
97901,0,0,-1,0,1000,11,433,0,0,4604
97902,0,0,-1,-1,-1,0,483,0,0,4284
97903,0,0,-1,-1,-1,0,483,0,0,4285
97904,0,0,0,300000,0,0,5024,0,0,4984
97905,1,0,-1,0,120000,1153,5720,0,0,5509
97906,1,0,-1,0,120000,1153,5723,0,0,5510
97907,0,0,-1,-1,-1,0,6234,0,0,5338
97908,0,0,-1,-1,-1,0,483,0,0,5683
97909,0,0,-1,-1,-1,0,6310,0,0,5456
97911,0,0,-1,-1,-1,0,5107,0,0,5020
97912,0,0,-1,-1,-1,0,5099,0,0,4986
97913,0,0,-1,-1,-1,0,483,0,0,5974
97914,0,0,-1,0,60000,24,8277,0,0,5457
97915,0,0,-1,0,1000,150,3267,0,0,3530
97916,0,0,-1,0,1000,150,3268,0,0,3531
97917,0,0,-1,-1,-1,0,483,0,0,4287
97918,0,0,-1,-1,-1,0,483,0,0,4288
97919,0,0,-1,-1,-1,0,5303,0,0,5144
97920,0,0,-1,1000,-1,0,47004,0,0,5740
97921,0,0,-1,0,120000,1153,2052,0,0,5205
97922,0,0,1,1000,-1,0,6298,0,0,5387
97923,0,0,-1,10000,-1,0,4132,0,0,4479
97924,0,0,-1,-1,-1,0,483,0,0,6390
97925,0,0,-1,-1,-1,0,6627,0,0,5692
97926,0,0,-1,-1,-1,0,6656,0,0,5693
97927,0,0,-1,0,1000,11,433,0,0,4656
97928,0,0,-1,-1,-1,0,483,0,0,6325
97929,0,0,-1,-1,-1,0,483,0,0,5787
97930,0,0,-1,-1,-1,0,483,0,0,4270
97931,0,0,-1,-1,-1,0,483,0,0,5720
97932,0,0,-1,-1,-1,0,483,0,0,4144
97933,0,0,-1,-1,-1,0,483,0,0,4145
97934,0,0,0,0,0,0,12883,0,0,5507
97935,0,0,-1,-1,-1,0,483,0,0,5131
97936,0,0,-1,-1,-1,0,483,0,0,5132
97937,1,0,-1,0,120000,1153,6263,0,0,5511
97938,0,0,-1,-1,-1,0,483,0,0,5721
97939,0,0,-1,-1,-1,0,483,0,0,5722
97940,0,0,-1,-1,-1,0,4954,0,0,4702
97941,0,0,-1,-1,-1,0,4141,0,0,4472
97942,0,0,-1,-1,-1,0,483,0,0,5145
97943,0,0,-1,-1,-1,0,483,0,0,5146
97944,0,0,-1,-1,-1,0,483,0,0,5147
97945,0,0,0,-1,-1,0,3366,0,0,5521
97946,0,2,0,-1,-1,0,16400,0,0,4449
97947,0,0,0,-1,-1,0,265,0,0,5417
97948,0,0,-1,-1,-1,0,4978,0,0,4762
97949,0,0,0,0,180000,1148,128,0,0,5522
97951,0,0,-1,-1,-1,0,483,0,0,4274
97952,0,0,-1,-1,-1,0,483,0,0,4275
97953,0,0,-1,-1,-1,0,483,0,0,4276
97954,0,0,-1,-1,-1,0,483,0,0,4279
97955,0,0,-1,-1,-1,0,483,0,0,5155
97956,0,0,-1,0,1000,11,5005,0,0,5477
97957,0,0,-1,0,1000,11,435,0,0,5478
97958,0,0,-1,-1,-1,0,483,0,0,5483
97959,0,0,0,-1,-1,0,6509,0,0,5384
97960,0,0,-1,-1,-1,0,483,0,0,5149
97961,0,0,-1,-1,-1,0,483,0,0,5150
97962,0,0,-1,-1,-1,0,483,0,0,5152
97963,0,0,-1,-1,-1,0,483,0,0,4148
97964,0,0,0,300000,0,0,9163,0,0,4262
97965,0,0,-1,-1,-1,0,483,0,0,5488
97966,0,0,-1,-1,-1,0,4975,0,0,4956
97967,0,0,-1,-1,-1,0,483,0,0,4271
97968,0,0,0,-1,-1,0,5,0,0,5418
97969,0,0,-1,-1,-1,0,483,0,0,5489
97970,0,0,-1,-1,-1,0,20707,0,0,5232
97971,0,0,-1,0,1000,59,1133,0,0,4791
97972,0,0,-1,1000,-1,0,8117,0,0,4425
97973,0,0,-1,1000,-1,0,8120,0,0,4426
97974,0,0,-1,0,1000,11,5006,0,0,5479
97975,0,0,-1,-1,-1,0,483,0,0,6377
97976,0,0,5,300000,0,0,14253,0,0,4444
97977,0,2,0,-1,-1,0,13518,0,0,4446
97978,0,0,-1,-1,-1,0,483,0,0,4269
97979,0,1,0,-1,-1,0,4152,0,0,4491
97980,0,0,-1,-1,-1,0,4945,0,0,4639
97981,0,0,0,-1,-1,0,4982,0,0,4640
97982,0,0,-1,-1,-1,0,483,0,0,5680
97983,0,0,-1,-1,-1,0,483,0,0,4149
97984,0,0,-1,-1,-1,0,483,0,0,4150
97985,0,0,0,-1,-1,0,7023,0,0,5937
97986,0,0,-1,-1,-1,0,483,0,0,6391
97987,0,0,-1,-1,-1,0,483,0,0,4272
97988,0,0,-1,-1,-1,0,483,0,0,4273
97989,0,0,-1,0,0,0,483,0,0,5148
97990,0,0,-1,0,60000,24,8312,0,0,4941
97991,0,0,-1,-1,-1,0,483,0,0,5159
97992,0,0,-1,-1,-1,0,483,0,0,5160
97993,0,0,-1,0,0,0,483,0,0,5696
97994,0,0,0,60000,-1,0,6405,0,0,5462
97995,0,0,-1,0,1000,11,434,0,0,5095
97996,0,0,-1,-1,-1,0,16375,0,0,4945
97997,0,0,-1,0,1000,11,5006,0,0,5480
97998,0,0,-1,0,1000,59,5021,0,0,4953
98000,0,0,0,1800000,-1,0,9774,0,0,4328
98002,0,0,-1,-1,-1,0,483,0,0,8801
98003,0,0,-1,-1,-1,0,483,0,0,8803
98007,0,0,-1,0,1000,59,1137,0,0,8766
98008,0,0,-1,-1,-1,0,483,0,0,8767
98009,0,0,-1,-1,-1,0,483,0,0,8771
98010,0,0,-1,-1,-1,0,483,0,0,8772
98011,0,0,0,180000,0,0,8344,0,0,7506
98012,0,0,-1,-1,-1,0,483,0,0,8879
98013,0,0,-1,-1,-1,0,483,0,0,8880
98015,0,0,-1,-1,-1,0,8900,0,0,6638
98016,0,2,0,-1,-1,0,8191,0,0,6622
98017,0,0,-1,1000,-1,0,11544,0,0,9315
98018,0,0,-1,1000,-1,0,11543,0,0,9317
98019,0,0,-1,-1,-1,0,483,0,0,8744
98020,0,0,-1,-1,-1,0,483,0,0,8745
98021,0,1,0,-1,-1,0,7619,0,0,7747
98022,0,0,-1,-1,-1,0,483,0,0,7983
98023,0,0,-1,-1,-1,0,483,0,0,8797
98024,0,2,0,0,0,0,18197,0,0,6472
98025,0,0,-1,1000,1000,11,8213,0,0,6657
98026,0,0,-1,-1,-1,0,6610,0,0,5621
98027,0,0,-1,-1,-1,0,483,0,0,6476
98028,0,0,0,180000,0,0,8913,0,0,7297
98029,0,0,-1,-1,-1,0,483,0,0,8884
98030,0,0,-1,-1,-1,0,483,0,0,8386
98031,0,0,-1,-1,-1,0,483,0,0,8895
98032,0,0,-1,-1,-1,0,9052,0,0,7269
98033,0,0,-1,-1,-1,0,483,0,0,6623
98037,0,0,0,-1,-1,0,9976,0,0,7970
98039,0,0,-1,-1,-1,0,483,0,0,8773
98040,0,0,-1,-1,-1,0,483,0,0,7979
98041,0,0,-1,-1,-1,0,483,0,0,7980
98042,0,0,0,1000,-1,0,8283,0,0,6684
98043,0,0,-1,-1,-1,0,483,0,0,6988
98044,0,0,-1,-1,-1,0,55884,0,0,8500
98045,0,0,-1,0,60000,24,5100,0,0,5013
98046,0,0,-1,-1,-1,0,8593,0,0,6866
98047,0,0,-1,1000,-1,0,6668,0,0,9318
98048,0,0,-1,-1,-1,0,483,0,0,8778
98049,0,0,-1,-1,-1,0,483,0,0,8886
98050,0,0,-1,-1,-1,0,483,0,0,8887
98051,0,0,-1,-1,-1,0,483,0,0,8888
98052,0,0,-1,-1,-1,0,483,0,0,7976
98053,0,0,-1,0,1000,11,435,0,0,8365
98054,0,0,-1,-1,-1,0,10723,0,0,8095
98055,0,0,-1,-1,-1,0,483,0,0,7981
98056,0,0,-1,-1,-1,0,483,0,0,5771
98057,0,0,-1,0,1000,11,1129,0,0,8075
98058,0,0,-1,0,1000,11,1131,0,0,8076
98059,0,0,0,1800000,1800000,1051,8342,0,0,7148
98060,0,2,0,-1,-1,0,13526,0,0,6909
98061,0,0,-1,-1,-1,0,483,0,0,9297
98062,0,0,10,-1,-1,0,10113,0,0,8051
98063,0,1,0,0,0,38,8299,0,0,6706
98064,0,0,-1,-1,-1,0,8089,0,0,6533
98066,0,0,-1,0,1000,11,1127,0,0,8364
98067,0,0,-1,-1,-1,0,483,0,0,9219
98068,0,0,-1,-1,-1,0,483,0,0,9220
98069,0,0,-1,-1,-1,0,483,0,0,7450
98070,0,0,-1,-1,-1,0,483,0,0,8821
98071,0,0,-1,-1,-1,0,483,0,0,8883
98073,0,0,-1,-1,-1,0,483,0,0,6892
98074,0,0,-1,60000,0,150,7932,0,0,6452
98075,0,0,-1,-1,-1,0,483,0,0,8779
98076,0,0,-1,-1,-1,0,483,0,0,9303
98077,0,0,-1,-1,-1,0,483,0,0,8835
98078,0,0,0,1200000,300000,1203,9175,0,0,7391
98079,0,0,-1,-1,-1,0,483,0,0,8837
98080,0,0,0,-1,-1,0,7914,0,0,6436
98081,0,1,0,10000,-1,0,9160,0,0,7375
98082,0,0,-1,0,3000,79,16589,0,0,8529
98083,0,0,-1,0,1000,11,1127,0,0,8543
98084,0,2,0,-1,-1,0,18204,0,0,7730
98085,0,0,-1,-1,-1,0,483,0,0,6272
98086,0,0,-1,-1,-1,0,483,0,0,6273
98087,0,0,-1,-1,-1,0,483,0,0,8882
98088,0,0,10,8000,-1,0,9082,0,0,7247
98089,0,0,-1,-1,-1,0,483,0,0,9218
98090,0,0,-1,0,1000,150,10838,0,0,8544
98091,0,0,-1,0,1000,150,10839,0,0,8545
98092,0,0,-1,-1,-1,0,483,0,0,6221
98093,0,0,-1,0,60000,24,8331,0,0,6714
98094,0,0,-1,-1,-1,0,483,0,0,6716
98095,0,0,-1,-1,-1,0,483,0,0,7085
98096,0,0,0,180000,-1,0,8712,0,0,6999
98097,0,0,-1,-1,-1,0,483,0,0,6475
98098,0,0,-1,-1,-1,0,483,0,0,8816
98099,0,0,-1,-1,-1,0,483,0,0,8817
98100,0,0,-1,0,1000,11,1129,0,0,6887
98101,0,0,-1,0,1000,11,5004,0,0,6888
98102,0,0,-1,-1,-1,0,483,0,0,7982
98103,0,0,-1,-1,-1,0,10772,0,0,8493
98104,0,0,-1,-1,-1,0,483,0,0,8398
98105,0,0,-1,-1,-1,0,483,0,0,6648
98106,0,0,-1,-1,-1,0,483,0,0,6649
98107,0,0,-1,-1,-1,0,8917,0,0,7208
98108,0,2,0,-1,-1,0,8348,0,0,6660
98109,0,0,-1,-1,-1,0,483,0,0,6661
98110,0,0,-1,-1,-1,0,483,0,0,7087
98111,0,0,-1,-1,-1,0,483,0,0,7088
98112,0,0,-1,-1,-1,0,483,0,0,7090
98113,0,2,0,-1,-1,0,9800,0,0,7960
98114,0,0,-1,-1,-1,0,8087,0,0,6529
98115,0,1,0,-1,-1,0,29636,0,0,6469
98116,0,0,-1,-1,-1,0,55884,0,0,8495
98117,0,0,-1,-1,-1,0,55884,0,0,8497
98118,0,0,-1,-1,-1,0,55884,0,0,8499
98120,0,0,-1,1000,-1,0,9900,0,0,7964
98121,0,0,-1,0,1000,150,7926,0,0,6450
98122,0,0,-1,-1,3000,330,55884,0,0,8588
98123,0,0,-1,-1,3000,330,55884,0,0,8589
98124,0,0,-1,-1,3000,330,55884,0,0,8590
98125,0,0,-1,-1,-1,0,483,0,0,8878
98126,0,0,0,180000,-1,0,8712,0,0,6931
98127,0,1,0,0,0,38,8299,0,0,6698
98128,0,0,-1,0,1000,150,7927,0,0,6451
98129,0,0,-1,-1,-1,0,483,0,0,6275
98131,0,0,-1,-1,-1,0,483,0,0,6710
98132,0,0,-1,-1,3000,330,55884,0,0,8591
98133,0,0,-1,-1,3000,330,55884,0,0,8592
98134,0,0,-1,0,1000,11,434,0,0,6890
98135,0,0,-1,0,3000,79,8212,0,0,6662
98136,0,0,-1,-1,-1,0,483,0,0,6663
98137,0,0,-1,-1,-1,0,483,0,0,6650
98138,0,0,-1,-1,-1,0,483,0,0,8389
98139,0,0,-1,-1,-1,0,483,0,0,8390
98141,0,0,-1,-1,-1,0,483,0,0,6621
98142,0,0,-1,-1,-1,0,483,0,0,7091
98143,0,0,-1,-1,-1,0,7364,0,0,6183
98144,0,0,-1,-1,-1,0,483,0,0,6672
98145,0,0,0,60000,-1,0,9712,0,0,7866
98146,0,0,0,180000,0,0,9224,0,0,6626
98147,0,0,-1,-1,-1,0,483,0,0,8788
98148,0,0,-1,-1,-1,0,8121,0,0,6619
98149,0,0,-1,0,1000,11,433,0,0,6289
98150,0,0,-1,0,1000,11,433,0,0,6290
98151,0,0,-1,-1,-1,0,483,0,0,6274
98152,0,0,-1,0,1000,11,5007,0,0,6038
98153,0,0,-1,0,60000,4,7254,0,0,6052
98154,0,0,-1,0,1000,11,434,0,0,6308
98155,0,0,-1,-1,-1,0,483,0,0,5672
98156,0,0,-1,-1,-1,0,483,0,0,8796
98157,0,0,0,180000,-1,0,8712,0,0,6997
98158,0,0,0,3600000,600000,0,10618,0,0,8367
98159,0,0,-1,-1,-1,0,483,0,0,6735
98160,0,1,0,-1,-1,0,9134,0,0,7349
98161,0,0,-1,-1,-1,0,483,0,0,8815
98163,0,0,0,10000,-1,0,9172,0,0,7388
98164,0,0,-1,0,1000,11,435,0,0,5845
98165,0,0,-1,0,60000,4,11903,0,0,6149
98166,0,0,-1,0,1000,11,433,0,0,6317
98167,0,0,-1,-1,-1,0,483,0,0,6133
98168,0,0,-1,-1,-1,0,8532,0,0,6811
98172,0,0,-1,1000,-1,0,6805,0,0,5868
98173,0,0,-1,-1,-1,0,483,0,0,5772
98174,0,0,-1,-1,-1,0,483,0,0,5773
98175,0,0,-1,0,1000,11,434,0,0,6316
98176,0,0,-1,-1,-1,0,483,0,0,6039
98177,0,0,-1,-1,-1,0,483,0,0,8802
98178,0,0,-1,-1,-1,0,483,0,0,8805
98179,0,0,-1,-1,-1,0,483,0,0,8806
98180,0,0,-1,-1,-1,0,483,0,0,8807
98181,0,0,-1,-1,-1,0,483,0,0,8808
98182,0,0,-1,-1,-1,0,886,0,0,8870
98183,0,0,-1,-1,-1,0,483,0,0,6544
98184,0,0,-1,-1,-1,0,483,0,0,8395
98185,0,2,0,-1,-1,0,16400,0,0,5752
98186,0,0,-1,0,0,0,483,0,0,9043
98187,0,0,-1,-1,-1,0,483,0,0,8930
98188,0,0,-1,-1,-1,0,483,0,0,8939
98189,0,0,-1,-1,-1,0,483,0,0,9201
98190,0,0,-1,-1,-1,0,483,0,0,9202
98191,0,0,-1,0,3000,79,7844,0,0,6373
98192,0,2,0,-1,-1,0,16406,0,0,5616
98193,0,0,-1,-1,-1,0,483,0,0,5643
98194,0,0,-1,-1,-1,0,483,0,0,5644
98195,0,0,-1,-1,-1,0,483,0,0,5676
98196,0,0,-1,-1,-1,0,6758,0,0,5859
98197,0,0,-1,-1,-1,0,6611,0,0,5623
98198,0,0,-1,0,60000,4,7233,0,0,6049
98199,0,0,-1,-1,3000,330,55884,0,0,5656
98200,0,0,-1,0,0,0,483,0,0,9041
98201,0,0,-1,-1,-1,0,6609,0,0,5619
98202,0,0,-1,-1,-1,0,483,0,0,8397
98203,0,0,-1,-1,-1,0,483,0,0,8873
98204,0,0,-1,-1,-1,0,483,0,0,8876
98205,0,0,-1,-1,-1,0,483,0,0,6068
98206,0,1,0,-1,-1,0,9233,0,0,7284
98207,0,0,-1,0,3000,79,673,0,0,5997
98208,0,0,-1,-1,-1,0,483,0,0,8877
98209,0,0,-1,-1,-1,0,483,0,0,6046
98210,0,0,-1,-1,-1,0,483,0,0,8889
98211,0,0,-1,-1,-1,0,483,0,0,8891
98212,0,0,-1,-1,-1,0,483,0,0,8892
98213,0,0,-1,-1,-1,0,483,0,0,8893
98214,0,0,-1,-1,-1,0,483,0,0,8894
98215,0,0,-1,-1,-1,0,483,0,0,6270
98216,0,0,-1,-1,-1,0,483,0,0,6271
98217,0,1,0,0,0,38,8315,0,0,6707
98218,0,0,-1,-1,-1,0,8517,0,0,6783
98219,0,1,0,0,0,38,8357,0,0,6724
98220,0,0,-1,-1,-1,0,483,0,0,7092
98221,0,0,-1,-1,-1,0,483,0,0,7093
98222,0,0,-1,0,1000,11,433,0,0,7097
98223,0,0,-1,-1,-1,0,6717,0,0,5810
98224,0,0,-1,0,3600000,103,10668,0,0,8411
98225,0,0,0,300000,300000,1203,8892,0,0,7189
98226,0,0,-1,-1,-1,0,6803,0,0,5867
98227,0,0,-1,0,0,0,483,0,0,5657
98228,0,0,-1,-1,-1,0,8919,0,0,7207
98229,0,0,-1,-1,-1,0,483,0,0,6891
98230,0,0,-1,-1,-1,0,483,0,0,8871
98231,0,0,-1,-1,-1,0,483,0,0,6044
98232,0,0,-1,-1,-1,0,483,0,0,6222
98233,0,0,-1,-1,-1,0,483,0,0,6057
98234,0,1,0,-1,-1,0,7823,0,0,6365
98235,0,1,0,-1,-1,0,7825,0,0,6366
98236,0,1,0,-1,-1,0,7826,0,0,6367
98237,0,0,-1,0,60000,4,7840,0,0,6372
98238,0,0,-1,-1,-1,0,483,0,0,6347
98239,0,1,0,0,0,38,8360,0,0,6728
98240,0,0,-1,-1,-1,0,483,0,0,6375
98241,0,0,-1,-1,-1,0,7216,0,0,6042
98242,0,0,-1,-1,-1,0,483,0,0,7288
98243,0,0,-1,-1,-1,0,483,0,0,7289
98244,0,0,-1,-1,-1,0,9092,0,0,7307
98245,0,0,-1,-1,-1,0,483,0,0,5647
98246,0,0,-1,-1,-1,0,483,0,0,5648
98247,0,0,-1,-1,-1,0,483,0,0,7084
98248,0,0,-1,-1,-1,0,483,0,0,7089
98249,0,2,0,-1,-1,0,8313,0,0,6904
98250,0,0,-1,0,1000,11,7737,0,0,6291
98251,0,0,-1,-1,-1,0,483,0,0,6053
98252,0,0,-1,-1,-1,0,483,0,0,6054
98253,0,0,-1,-1,-1,0,483,0,0,8399
98254,0,0,-1,-1,-1,0,483,0,0,8400
98255,0,0,-1,-1,-1,0,483,0,0,5775
98256,0,0,-1,0,3000,79,7178,0,0,5996
98258,0,0,-1,-1,-1,0,483,0,0,8799
98259,0,0,-1,-1,-1,0,483,0,0,5661
98260,0,0,-1,-1,-1,0,483,0,0,5662
98261,0,2,0,-1,-1,0,18398,0,0,5756
98262,0,0,-1,-1,-1,0,483,0,0,8872
98263,0,0,0,3600000,15000,1141,70537,0,0,6972
98264,0,0,0,-1,-1,0,8690,0,0,6948
98265,0,0,-1,0,-1,0,8686,0,0,6949
98266,0,0,-1,0,-1,0,8688,0,0,6950
98267,0,0,0,180000,0,0,9222,0,0,7464
98268,0,0,-1,-1,-1,0,483,0,0,6342
98269,0,0,-1,-1,-1,0,483,0,0,6343
98270,0,0,-1,-1,-1,0,483,0,0,6345
98271,0,0,-1,-1,-1,0,483,0,0,6346
98272,0,0,-5,120000,-1,0,5809,0,0,5251
98273,0,2,0,-1,-1,0,13440,0,0,6831
98274,0,2,0,-1,-1,0,16403,0,0,6738
98275,0,0,-1,-1,-1,0,4981,0,0,4823
98276,0,0,-1,-1,-1,0,9055,0,0,7273
98277,0,0,-1,-1,-1,0,483,0,0,6368
98278,0,0,-1,-1,-1,0,483,0,0,6369
98279,0,0,-1,0,60000,4,7239,0,0,6050
98280,0,0,-1,0,60000,4,7245,0,0,6051
98281,0,0,0,-1,-1,0,10137,0,0,8066
98282,0,0,-1,-1,3000,330,55884,0,0,5665
98283,0,0,0,180000,0,0,9221,0,0,6284
98284,0,0,-1,-1,-1,0,483,0,0,6055
98285,0,0,-1,-1,-1,0,483,0,0,5650
98287,0,0,-1,-1,-1,0,483,0,0,8384
98288,0,0,-1,300000,120000,1153,9512,0,0,7676
98289,0,0,-1,-1,-1,0,483,0,0,8793
98290,0,0,-1,-1,-1,0,483,0,0,8794
98291,0,0,-1,-1,-1,0,483,0,0,8795
98292,0,0,-1,-1,-1,0,483,0,0,5642
98293,0,0,-1,-1,-1,0,7218,0,0,6043
98294,0,0,-1,-1,-1,0,483,0,0,5658
98295,0,0,-1,-1,-1,0,483,0,0,5660
98296,0,0,-1,-1,-1,0,483,0,0,8809
98297,0,0,-1,-1,-1,0,483,0,0,8811
98298,0,0,-1,-1,-1,0,483,0,0,8812
98299,0,0,-1,-1,-1,0,483,0,0,8814
98300,0,0,-1,-1,-1,0,11513,0,0,9283
98302,0,0,-1,-1,-1,0,483,0,0,9033
98303,0,0,-1,0,60000,4,11364,0,0,9036
98304,0,0,-1,-1,-1,0,483,0,0,10304
98305,0,0,-1,1000,-1,0,12175,0,0,10305
98306,0,0,-1,1000,-1,0,12177,0,0,10306
98307,0,0,-1,1000,-1,0,12178,0,0,10307
98308,0,2,0,-1,-1,0,13482,0,0,9446
98309,0,0,-1,-1,-1,0,483,0,0,9367
98310,0,0,-1,0,1000,11,1131,0,0,8957
98311,0,0,-1,-1,-1,0,483,0,0,8804
98312,0,0,-1,-1,-1,0,483,0,0,8822
98313,0,0,-1,-1,-1,0,483,0,0,8824
98314,0,0,-1,-1,-1,0,483,0,0,8906
98315,0,0,-1,-1,-1,0,483,0,0,8907
98316,0,0,-1,-1,-1,0,483,0,0,8974
98317,0,0,-1,0,1000,11,435,0,0,7228
98318,0,0,-1,-1,-1,0,483,0,0,8898
98319,0,0,-1,-1,-1,0,483,0,0,8899
98320,0,0,-1,-1,-1,0,483,0,0,7993
98322,0,0,-1,0,1000,11,1129,0,0,8959
98323,0,0,-1,-1,-1,0,483,0,0,9018
98324,0,0,-1,0,0,0,483,0,0,9057
98325,0,0,-1,0,0,0,483,0,0,9058
98326,0,0,-1,-1,-1,0,10723,0,0,8432
98328,0,0,-1,-1,-1,0,483,0,0,7994
98330,0,1,0,-1,-1,0,18087,0,0,10698
98331,1,0,0,0,0,0,12938,0,0,10698
98332,0,0,-1,-1,-1,0,483,0,0,7995
98333,0,2,0,-1,-1,0,13482,0,0,8006
98334,1,0,-1,0,120000,100,10057,0,0,8007
98335,0,0,-1,0,0,0,483,0,0,9059
98336,0,2,0,-1,-1,0,11879,0,0,9608
98337,0,0,-1,-1,-1,0,483,0,0,8998
98338,0,0,-1,-1,-1,0,483,0,0,8999
98339,0,0,-1,-1,-1,0,483,0,0,9000
98340,0,0,-1,-1,-1,0,483,0,0,9002
98341,0,0,-1,-1,-1,0,483,0,0,8918
98343,0,0,-1,-1,-1,0,483,0,0,8979
98344,0,0,-1,-1,-1,0,483,0,0,8980
98345,0,0,-1,-1,-1,0,483,0,0,9223
98346,0,0,-1,0,3000,79,11406,0,0,9224
98347,0,0,-1,-1,-1,0,483,0,0,9225
98348,0,0,-1,-1,-1,0,483,0,0,9193
98349,0,0,-1,-1,-1,0,483,0,0,8960
98350,0,0,-1,-1,-1,0,483,0,0,8961
98351,0,0,-1,-1,-1,0,483,0,0,8962
98354,0,0,0,900000,0,0,9252,0,0,7508
98355,1,0,-1,0,120000,100,10058,0,0,8008
98356,0,0,-1,-1,-1,0,483,0,0,8029
98358,0,0,-1,-1,-1,0,483,0,0,8954
98359,0,0,-1,0,0,0,483,0,0,9062
98360,0,0,-1,0,0,0,483,0,0,9166
98362,0,0,-1,-1,-1,0,483,0,0,8909
98363,0,0,-1,-1,-1,0,483,0,0,8912
98364,0,0,-1,0,0,0,483,0,0,9052
98365,0,0,-1,-1,-1,0,483,0,0,8388
98366,0,0,0,-1,-1,0,11923,0,0,9719
98367,0,0,-1,-1,-1,0,483,0,0,9023
98368,0,0,-1,-1,-1,0,483,0,0,9024
98369,0,0,-1,-1,-1,0,483,0,0,9025
98372,0,0,-1,-1,-1,0,11840,0,0,9530
98373,0,1,0,-1,-1,0,17746,0,0,7953
98374,0,0,-1,-1,-1,0,483,0,0,8917
98375,0,0,-1,0,-1,0,11339,0,0,8927
98376,0,0,-1,-1,-1,0,483,0,0,8775
98377,0,0,-1,-1,-1,0,483,0,0,9204
98378,0,0,-1,-1,-1,0,483,0,0,9205
98379,0,0,-1,-1,-1,0,483,0,0,8780
98381,0,0,-1,-1,-1,0,483,0,0,8955
98382,0,0,-1,-1,-1,0,483,0,0,8958
98383,0,0,-1,-1,-1,0,483,0,0,8965
98384,0,0,0,1500,-1,0,11885,0,0,9606
98386,0,2,0,-1,-1,0,12731,0,0,9418
98389,0,2,0,-1,-1,0,13438,0,0,9386
98391,0,0,-1,-1,-1,0,483,0,0,9019
98392,0,0,-1,-1,-1,0,483,0,0,8404
98394,0,0,-1,0,0,0,483,0,0,9141
98395,0,0,-1,-1,-1,0,483,0,0,9195
98396,0,0,-1,-1,-1,0,483,0,0,9196
98397,0,0,-1,-1,-1,0,11435,0,0,9241
98399,0,2,0,-1,-1,0,9796,0,0,7959
98400,0,0,-1,-1,-1,0,10617,0,0,8149
98401,0,0,-1,-1,-1,0,483,0,0,9003
98402,0,0,-1,-1,-1,0,483,0,0,9014
98404,0,0,-1,0,0,0,483,0,0,9139
98405,0,0,-1,0,0,0,483,0,0,9140
98406,0,0,-1,0,0,0,483,0,0,9142
98407,0,0,-1,0,60000,4,11387,0,0,9144
98408,0,0,-1,-1,-1,0,483,0,0,7560
98409,0,0,-1,0,1000,11,5004,0,0,7808
98410,0,0,-1,-1,-1,0,483,0,0,7992
98411,0,0,-1,-1,-1,0,483,0,0,9212
98412,0,0,-1,-1,-1,0,483,0,0,9213
98413,0,0,-1,-1,-1,0,483,0,0,9214
98414,0,0,-1,-1,-1,0,483,0,0,9216
98415,0,0,-1,-1,-1,0,483,0,0,9217
98416,0,0,-1,-1,-1,0,483,0,0,10301
98417,0,0,-1,0,0,0,483,0,0,9054
98418,0,0,-1,0,0,0,483,0,0,9185
98419,0,0,-1,-1,-1,0,483,0,0,9230
98420,0,0,-1,0,0,0,483,0,0,9055
98421,0,0,-1,0,0,0,483,0,0,9056
98422,0,0,0,5000,-1,0,12699,0,0,10699
98423,0,0,-1,-1,-1,0,483,0,0,8902
98424,0,0,-1,-1,-1,0,483,0,0,8904
98425,0,0,-1,-1,-1,0,483,0,0,8905
98426,0,0,-1,-1,-1,0,483,0,0,9008
98427,0,0,-1,-1,-1,0,483,0,0,8776
98428,0,0,-1,-1,3000,330,55884,0,0,8627
98429,0,0,-1,-1,-1,0,483,0,0,9231
98430,0,0,-1,0,3000,79,11405,0,0,9232
98431,0,0,-1,0,3000,79,11407,0,0,9233
98432,0,0,-1,-1,-1,0,483,0,0,9198
98434,0,0,-1,-1,-1,0,483,0,0,9208
98435,0,0,-1,-1,-1,0,483,0,0,9209
98436,0,0,-1,-1,-1,0,483,0,0,8991
98437,0,2,0,-1,-1,0,18081,0,0,9651
98438,0,0,-1,0,0,0,483,0,0,9063
98439,0,0,-1,-1,-1,0,483,0,0,8981
98440,0,0,-1,-1,-1,0,483,0,0,8982
98441,0,0,-1,-1,-1,0,483,0,0,8403
98442,0,0,-1,-1,-1,0,483,0,0,8405
98443,0,0,-1,-1,-1,0,483,0,0,8406
98445,0,0,-1,0,0,0,483,0,0,8782
98446,0,0,-1,0,0,0,483,0,0,9150
98447,0,0,-1,0,0,0,483,0,0,9152
98448,0,0,-1,1000,-1,0,11540,0,0,9312
98449,0,0,-1,1000,-1,0,11541,0,0,9313
98450,0,0,-1,0,0,0,483,0,0,9165
98451,0,0,-1,-1,-1,0,483,0,0,8992
98452,0,0,-1,-1,-1,0,483,0,0,8993
98453,0,0,-1,-1,-1,0,483,0,0,9006
98454,0,0,-1,-1,-1,0,483,0,0,10312
98455,0,0,-1,-1,-1,0,11537,0,0,9263
98456,0,1,0,0,0,0,17768,0,0,8345
98457,0,0,-1,0,0,0,483,0,0,9169
98459,0,0,-1,-1,-1,0,483,0,0,8900
98460,0,0,-1,-1,-1,0,483,0,0,9009
98461,0,0,-1,-1,-1,0,483,0,0,9010
98462,0,0,-1,0,0,0,483,0,0,9048
98465,0,0,-1,-1,-1,0,55884,0,0,8485
98466,0,0,-1,-1,-1,0,55884,0,0,8486
98467,0,0,-1,-1,-1,0,55884,0,0,8487
98468,0,0,-1,0,0,0,483,0,0,9102
98469,0,0,-1,0,0,0,483,0,0,9105
98470,0,0,-1,0,0,0,483,0,0,9123
98471,0,0,-1,-1,-1,0,483,0,0,8919
98472,0,0,-1,-1,-1,0,483,0,0,8920
98473,0,0,-1,0,0,0,483,0,0,9183
98474,0,0,-1,-1,3000,330,55884,0,0,8632
98476,0,0,-1,-1,-1,0,483,0,0,8971
98477,0,0,-1,-1,-1,0,55884,0,0,8488
98478,0,0,0,1800000,0,0,22641,0,0,9394
98479,0,0,-1,-1,-1,0,483,0,0,9229
98481,0,2,0,-1,-1,0,13533,0,0,9423
98482,0,0,-1,0,0,0,483,0,0,9047
98483,0,0,-1,-1,-1,0,483,0,0,8825
98484,0,0,-1,-1,-1,0,483,0,0,8842
98485,0,0,-1,-1,-1,0,483,0,0,8826
98486,0,0,-1,-1,-1,0,483,0,0,8828
98487,0,0,-1,-1,-1,0,483,0,0,8829
98488,0,0,-1,-1,-1,0,483,0,0,8830
98489,0,0,-1,-1,-1,0,483,0,0,8931
98490,0,0,-1,0,1000,11,1131,0,0,8932
98491,0,1,0,-1,-1,0,11789,0,0,9452
98492,0,0,-1,-1,-1,0,483,0,0,8963
98493,0,0,-1,-1,-1,0,483,0,0,10303
98494,0,0,-1,-1,-1,0,11629,0,0,9361
98495,0,0,-1,0,0,0,483,0,0,9127
98496,0,0,-1,0,0,0,483,0,0,9128
98497,0,0,-1,-1,-1,0,483,0,0,8972
98498,0,2,0,-1,-1,0,11790,0,0,9453
98500,0,0,-1,-1,-1,0,483,0,0,8983
98501,0,0,-1,-1,-1,0,483,0,0,8781
98502,0,0,-1,0,1000,11,7737,0,0,8683
98503,0,0,-1,-1,-1,0,483,0,0,9203
98504,0,0,-1,0,0,0,483,0,0,9044
98505,0,0,-1,0,0,0,483,0,0,9145
98506,0,0,-1,0,0,0,483,0,0,9146
98507,0,0,-1,0,0,0,483,0,0,9100
98508,0,0,-1,0,0,0,483,0,0,9101
98509,0,0,-1,-1,-1,0,483,0,0,7449
98510,0,0,-1,0,0,0,483,0,0,9184
98511,0,0,0,3600000,180000,0,5405,0,0,9397
98512,0,0,-1,0,-1,0,11356,0,0,8985
98513,0,0,-1,-1,-1,0,483,0,0,8986
98514,0,0,-1,0,3000,79,11328,0,0,8949
98515,0,0,-1,-1,-1,0,483,0,0,8970
98516,0,0,-1,-1,-1,0,483,0,0,8975
98517,0,0,-1,-1,-1,0,483,0,0,8897
98518,0,0,-1,-1,-1,0,483,0,0,8852
98519,0,0,-1,-1,-1,0,483,0,0,8854
98520,0,0,-1,-1,-1,0,483,0,0,8856
98521,0,0,-1,0,0,0,483,0,0,9147
98522,0,0,-1,-1,-1,0,483,0,0,9226
98523,0,0,-1,-1,-1,0,483,0,0,9227
98524,0,0,-1,-1,-1,0,483,0,0,9228
98525,0,0,-1,0,0,0,483,0,0,9188
98526,0,0,-1,-1,-1,0,483,0,0,9200
98527,0,0,-1,-1,-1,0,483,0,0,9207
98528,0,2,0,-1,-1,0,13486,0,0,9511
98529,0,0,-1,-1,-1,0,483,0,0,8851
98530,0,0,-1,-1,-1,0,483,0,0,8969
98531,0,0,-1,0,0,0,483,0,0,9045
98532,0,0,-1,0,0,0,483,0,0,9046
98533,0,0,-1,0,0,0,483,0,0,9158
98534,0,0,-1,0,0,0,483,0,0,9159
98536,0,0,-1,0,1000,59,22734,0,0,8079
98537,0,0,-1,-1,-1,0,483,0,0,9293
98538,0,0,-1,-1,3000,330,55884,0,0,8628
98539,0,2,0,-1,-1,0,18083,0,0,9419
98540,0,0,-1,-1,-1,0,483,0,0,7985
98541,0,0,-1,-1,-1,0,483,0,0,7986
98542,0,0,-1,-1,-1,0,483,0,0,8547
98543,0,0,-1,-1,3000,330,55884,0,0,8583
98544,0,0,-1,-1,-1,0,483,0,0,8028
98545,0,0,-1,-1,-1,0,9595,0,0,7741
98546,0,0,-1,-1,-1,0,483,0,0,9294
98547,0,0,-1,-1,-1,0,483,0,0,9295
98548,0,0,-1,-1,-1,0,483,0,0,9296
98549,0,0,-1,0,0,0,483,0,0,9086
98550,0,0,-1,0,0,0,483,0,0,9125
98551,0,0,-1,0,0,0,483,0,0,9126
98552,0,0,-1,-1,-1,0,483,0,0,7678
98553,0,0,-1,-1,-1,0,483,0,0,8947
98554,0,0,-1,0,0,0,483,0,0,9160
98555,0,0,-1,0,0,0,483,0,0,9161
98556,0,2,0,-1,-1,0,16413,0,0,10797
98557,0,0,-1,-1,-1,0,483,0,0,9031
98558,0,0,-1,-1,-1,0,483,0,0,9032
98559,0,0,-1,-1,-1,0,483,0,0,8756
98560,0,0,-1,-1,-1,0,483,0,0,9302
98561,0,0,-1,-1,-1,0,483,0,0,9304
98562,0,1,0,-1,-1,0,17746,0,0,8197
98563,0,0,-1,0,0,0,483,0,0,9162
98564,0,0,-1,0,0,0,483,0,0,9163
98565,0,0,-1,-1,-1,0,55884,0,0,8489
98566,0,0,-1,0,1000,59,1135,0,0,8077
98567,0,0,-1,0,1000,59,1137,0,0,8078
98569,0,0,-1,-1,-1,0,483,0,0,3867
98570,0,0,-1,-1,-1,0,483,0,0,8840
98571,0,0,-1,-1,-1,0,483,0,0,7360
98572,0,0,-1,-1,-1,0,483,0,0,7361
98573,0,0,-1,-1,-1,0,483,0,0,7362
98574,0,0,-1,-1,-1,0,483,0,0,8757
98575,0,0,-1,-1,-1,0,483,0,0,8791
98576,0,0,-1,0,0,0,483,0,0,8792
98577,0,0,-1,-1,-1,0,483,0,0,8857
98578,0,0,-1,1000,-1,0,10344,0,0,8173
98579,0,0,-1,-1,-1,0,483,0,0,7987
98580,0,0,-1,-1,-1,0,483,0,0,8409
98581,0,0,-1,-1,-1,0,55884,0,0,8492
98582,0,0,-1,-1,-1,0,14008,0,0,11141
98583,0,0,-1,0,3000,79,11389,0,0,9154
98584,0,0,-1,0,0,0,483,0,0,9085
98585,0,2,0,-1,-1,0,11658,0,0,9372
98586,0,0,-1,1000,-1,0,10850,0,0,8546
98587,0,0,-1,0,1000,11,5004,0,0,7806
98588,0,0,-1,0,1000,11,5004,0,0,7807
98589,0,0,-1,-1,-1,0,9586,0,0,7766
98590,0,2,0,-1,-1,0,18206,0,0,9475
98591,0,0,-1,0,3000,79,11390,0,0,9155
98592,0,0,-1,0,0,0,483,0,0,9156
98593,0,0,-1,-1,3000,330,55884,0,0,8633
98594,0,0,0,30000,30000,24,133,0,0,8688
98595,0,0,-1,0,0,0,483,0,0,9135
98596,0,0,-1,-1,-1,0,483,0,0,6516
98597,0,0,-1,-1,-1,0,483,0,0,7453
98598,0,0,-1,-1,-1,0,10369,0,0,8243
98599,0,0,-1,-1,-1,0,483,0,0,11098
98600,0,0,-1,-1,-1,0,483,0,0,5649
98601,0,0,-1,-1,-1,0,483,0,0,6344
98602,0,0,-1,-1,-1,0,483,0,0,8385
98603,0,0,-1,-1,-1,0,483,0,0,9300
98604,0,0,0,10800000,-1,0,11209,0,0,8703
98605,0,0,-1,-1,-1,0,483,0,0,8774
98606,0,0,0,300000,10000,1141,10578,0,0,8348
98607,0,0,-1,-1,-1,0,483,0,0,8914
98608,0,0,-1,0,1000,11,1131,0,0,8953
98609,0,0,0,-1,-1,0,11654,0,0,9380
98610,1,2,0,-1,-1,0,11657,0,0,9380
98611,0,0,0,3600000,0,0,12438,0,0,9404
98612,0,0,-1,-1,-1,0,483,0,0,7988
98613,0,0,-1,-1,-1,0,11009,0,0,9360
98614,0,0,-1,0,0,0,483,0,0,9087
98615,0,0,-1,-1,-1,0,483,0,0,8903
98616,0,0,-1,-1,-1,0,483,0,0,8908
98617,0,0,0,-1,-1,0,12709,0,0,9364
98618,0,0,-1,-1,-1,0,9583,0,0,7768
98619,0,0,-1,0,3600000,103,10669,0,0,8412
98621,0,2,0,-1,-1,0,16403,0,0,8224
98625,1,0,0,1800000,0,0,9253,0,0,7515
98626,0,0,-1,1000,-1,0,11542,0,0,9314
98627,0,0,0,180000,10000,1141,14537,0,0,7734
98628,0,0,-1,-1,-1,0,483,0,0,8997
98629,0,0,-1,-1,-1,0,483,0,0,8859
98630,0,0,-1,-1,-1,0,483,0,0,8861
98631,0,0,-1,-1,-1,0,483,0,0,8863
98632,0,0,-1,-1,-1,0,483,0,0,8864
98633,0,0,-1,-1,-1,0,483,0,0,8784
98634,0,0,-1,-1,-1,0,483,0,0,8785
98635,0,0,-1,-1,-1,0,483,0,0,8786
98636,0,0,-1,-1,-1,0,8202,0,0,6635
98637,0,0,-1,-1,-1,0,8898,0,0,6636
98638,0,0,-1,0,0,0,483,0,0,9137
98639,0,0,-1,0,0,0,483,0,0,9038
98640,0,0,-1,0,0,0,483,0,0,9065
98641,0,0,-1,-1,-1,0,483,0,0,8865
98642,0,0,-1,-1,-1,0,483,0,0,8866
98643,0,0,-1,-1,-1,0,483,0,0,8867
98644,0,0,-1,-1,-1,0,483,0,0,8868
98645,0,0,-1,-1,-1,0,483,0,0,9026
98646,0,0,-1,-1,-1,0,483,0,0,9027
98647,0,0,-1,-1,-1,0,8899,0,0,6637
98648,0,0,-1,0,-1,0,11340,0,0,8928
98649,0,0,-1,-1,-1,0,483,0,0,8832
98650,0,0,-1,-1,-1,0,483,0,0,8833
98651,0,0,-1,-1,-1,0,483,0,0,8834
98652,0,0,-1,-1,-1,0,483,0,0,8777
98653,0,0,-1,-1,-1,0,483,0,0,8844
98654,0,0,-1,0,0,0,483,0,0,9074
98655,0,0,-1,0,0,0,483,0,0,9078
98656,0,0,-1,0,0,0,483,0,0,9080
98657,0,0,-1,0,0,0,483,0,0,9082
98658,0,0,-1,0,0,0,483,0,0,9083
98659,0,0,-1,0,0,0,483,0,0,9084
98660,0,0,-1,-1,-1,0,55884,0,0,8491
98661,0,0,-1,-1,-1,0,483,0,0,8858
98662,0,0,-1,-1,-1,0,483,0,0,8765
98663,0,0,-1,-1,-1,0,483,0,0,7561
98664,0,0,-1,-1,-1,0,483,0,0,7989
98665,0,0,-1,-1,-1,0,483,0,0,7990
98666,0,0,-1,-1,3000,330,55884,0,0,8630
98667,0,0,-1,-1,-1,0,483,0,0,6474
98668,0,0,-1,-1,-1,0,8856,0,0,7131
98669,0,0,0,3600000,15000,1141,70537,0,0,7133
98670,0,0,-1,-1,-1,0,483,0,0,7114
98671,0,0,-1,-1,-1,0,9594,0,0,7740
98672,0,0,-1,-1,-1,0,483,0,0,8743
98673,0,0,-1,10000,1000,11,8063,0,0,6522
98674,0,0,-1,-1,-1,0,483,0,0,8789
98675,0,0,-1,0,3000,79,11474,0,0,9264
98676,0,0,0,1000,-1,0,11610,0,0,9328
98678,0,0,-1,-1,-1,0,483,0,0,8847
98679,0,0,-1,-1,-1,0,483,0,0,8848
98681,1,0,0,1800000,0,0,9774,0,0,7936
98682,0,0,-1,60000,0,150,7933,0,0,6453
98683,0,0,-1,-1,-1,0,483,0,0,6454
98684,0,0,-1,-1,-1,0,9584,0,0,7767
98687,0,1,0,-1,-1,0,29633,0,0,9412
98688,0,0,-1,-1,-1,0,483,0,0,8849
98689,0,0,-1,-1,-1,0,483,0,0,8850
98690,0,0,-1,-1,-1,0,55884,0,0,8501
98691,0,0,-1,0,1000,11,433,0,0,6458
98692,0,0,-1,-1,-1,0,0,0,0,8758
98693,0,0,-1,-1,-1,0,483,0,0,8759
98694,0,0,-1,-1,-1,0,483,0,0,8818
98695,0,0,-1,-1,-1,0,483,0,0,8819
98696,0,0,-1,-1,-1,0,483,0,0,8820
98697,0,0,-1,-1,3000,330,55884,0,0,8563
98698,0,0,-1,-1,-1,0,483,0,0,9021
98699,0,0,-1,0,0,0,483,0,0,9037
98701,0,0,-1,-1,-1,0,483,0,0,8407
98702,0,0,-1,0,0,0,483,0,0,9171
98703,0,0,-1,0,0,0,483,0,0,9174
98704,0,0,-1,0,0,0,483,0,0,9177
98705,0,0,-1,0,0,0,483,0,0,9178
98706,0,0,-1,0,3000,79,11396,0,0,9179
98707,0,2,0,9000,-1,0,9632,0,0,7717
98708,0,0,0,1800000,0,0,9252,0,0,7507
98709,0,0,-1,-1,-1,0,483,0,0,7978
98710,0,0,0,-1,-1,0,3366,0,0,7146
98711,0,0,-1,-1,-1,0,483,0,0,8030
98713,0,0,-1,-1,-1,0,11547,0,0,9319
98714,0,0,-1,-1,-1,0,11548,0,0,9323
98715,0,0,-1,-1,-1,0,10738,0,0,8444
98716,0,0,-1,-1,-1,0,8088,0,0,6530
98717,0,0,-1,-1,-1,0,8090,0,0,6532
98719,0,0,-1,-1,-1,0,483,0,0,8764
98720,0,0,-1,-1,-1,0,483,0,0,8945
98721,0,0,-1,-1,-1,0,483,0,0,8761
98724,0,0,-1,-1,-1,0,515,0,0,1002
98725,0,0,-1,-1,-1,0,483,0,0,7742
98726,0,0,-1,-1,-1,0,483,0,0,6056
98727,0,0,-1,-1,-1,0,483,0,0,10325
98728,0,0,-1,-1,-1,0,483,0,0,10326
98730,0,0,-1,-1,-1,0,483,0,0,8787
98731,0,0,0,60000,30000,24,689,0,0,2012
98732,0,0,0,300000,10000,1141,13278,0,0,10645
98733,0,0,-1,-1,-1,0,483,0,0,11208
98734,0,0,0,1000,-1,0,6658,0,0,5687
98735,0,0,0,3600000,0,0,13234,0,0,10721
98737,0,2,0,-1,-1,0,13519,0,0,754
98739,0,2,0,-1,-1,0,13049,0,0,10847
98740,0,0,-1,-1,-1,0,7108,0,0,5951
98741,0,0,-1,-1,-1,0,7220,0,0,6041
98742,0,0,-5,-1,-1,0,12851,0,0,10831
98744,0,0,-1,-1,-1,0,483,0,0,10311
98746,0,0,-1,0,0,0,483,0,0,9072
98747,0,0,-1,0,0,0,483,0,0,9073
98748,0,0,-1,0,3000,79,11350,0,0,8956
98749,0,0,-1,-1,-1,0,886,0,0,4160
98750,0,0,-1,-1,-1,0,483,0,0,4346
98751,0,0,-1,0,0,0,483,0,0,4174
98752,0,0,-1,0,0,0,483,0,0,4184
98753,0,1,0,0,0,38,8324,0,0,6711
98755,0,0,0,1500,-1,0,11889,0,0,9621
98756,1,2,0,-1,-1,0,11791,0,0,9465
98757,0,0,-1,-1,3000,330,55884,0,0,5663
98758,0,0,-1,-1,-1,0,483,0,0,10858
98759,0,0,-1,-1,-1,0,483,0,0,11152
98760,0,0,-1,30000,-1,0,12189,0,0,10327
98761,0,0,0,-1,-1,0,12304,0,0,10445
98762,0,0,-1,-1,-1,0,483,0,0,10315
98763,0,0,-1,-1,-1,0,483,0,0,10317
98764,0,0,-1,-1,-1,0,483,0,0,11206
98767,0,0,-1,-1,-1,0,483,0,0,11163
98768,0,0,-1,0,0,0,483,0,0,9157
98769,0,0,0,1800000,0,0,23134,0,0,10587
98770,0,1,0,-1,-1,0,11789,0,0,10506
98771,0,0,-1,-1,-1,0,483,0,0,7451
98772,0,0,-1,1000,-1,0,14209,0,0,10792
98774,0,0,-1,1000,-1,0,14210,0,0,10794
98775,0,0,-1,-1,-1,0,14929,0,0,11412
98776,0,0,-1,0,1000,11,1131,0,0,11415
98777,0,0,-3,60000,30000,29,0,0,0,1533
98778,0,0,-1,-1,-1,0,483,0,0,11165
98779,0,0,-1,-1,-1,0,483,0,0,4286
98780,0,0,-1,-1,-1,0,483,0,0,6736
98781,0,1,0,-1,-1,0,8747,0,0,7052
98782,0,0,-1,-1,-1,0,13565,0,0,11100
98783,0,0,-1,-1,-1,0,483,0,0,11101
98784,0,0,-1,-1,-1,0,483,0,0,10602
98785,0,0,-1,-1,-1,0,483,0,0,10316
98786,0,0,-1,-1,-1,0,483,0,0,10320
98787,0,0,-1,-1,-1,0,15490,0,0,11683
98789,0,0,-1,-1,-1,0,6626,0,0,5695
98790,0,0,-1,1000,-1,0,9903,0,0,7965
98791,0,0,-1,0,0,0,483,0,0,5716
98792,0,0,-1,0,60000,24,12421,0,0,10514
98793,0,0,0,-1,-1,0,13143,0,0,10757
98794,0,0,-1,0,60000,24,12419,0,0,10507
98795,0,0,-1,-1,-1,0,55884,0,0,10394
98796,0,0,-1,-1,-1,0,483,0,0,11203
98797,0,0,-1,-1,-1,0,3366,0,0,6207
98798,0,0,-1,0,0,0,483,0,0,5712
98799,0,0,-1,-1,500,1952,13739,0,0,11174
98800,0,0,-1,-1,500,1952,13740,0,0,11175
98801,0,0,-5,-1,-1,0,12938,0,0,11582
98802,0,0,-1,-1,-1,0,55884,0,0,10361
98803,0,0,-1,-1,-1,0,483,0,0,10644
98804,0,0,-1,-1,-1,0,12802,0,0,10687
98805,0,0,-1,-1,-1,0,12806,0,0,10689
98806,0,0,-1,-1,-1,0,12808,0,0,10690
98807,0,0,-1,0,-1,0,13226,0,0,10921
98808,0,0,-1,0,-1,0,13227,0,0,10922
98809,0,0,-1,-1,500,1952,13361,0,0,10938
98810,0,0,-1,-1,500,1952,13362,0,0,10939
98811,0,0,-1,0,-1,0,13225,0,0,10920
98812,0,0,0,45000,-1,0,14247,0,0,11170
98813,0,0,-1,-1,-1,0,483,0,0,7364
98814,0,0,0,300000,-1,0,12346,0,0,10818
98815,0,0,-1,0,60000,24,13808,0,0,10830
98816,0,0,-1,0,0,0,483,0,0,4175
98817,0,0,-1,-1,-1,0,483,0,0,4299
98818,0,0,-1,-1,-1,0,483,0,0,5151
98819,0,0,-1,-1,-1,0,18974,0,0,15208
98820,0,0,-1,-1,-1,0,483,0,0,11205
98823,0,0,-1,-1,-1,0,55884,0,0,10822
98824,0,0,-1,-1,-1,0,483,0,0,11224
98825,0,0,0,300000,10000,1141,13183,0,0,10727
98826,0,0,0,-1,-1,0,12534,0,0,10515
98827,0,0,0,30000,-1,0,12438,0,0,10518
98828,0,0,-1,-1,-1,0,483,0,0,11167
98829,0,0,0,300000,-1,0,13978,0,0,11169
98830,0,0,6,600000,10000,1141,13237,0,0,10577
98831,0,0,0,900000,300000,1203,13141,0,0,10724
98832,0,0,-1,-1,-1,0,483,0,0,11207
98833,0,2,0,-1,-1,0,18075,0,0,10772
98834,0,0,-1,-1,-1,0,483,0,0,7363
98835,0,0,-1,0,-1,0,13219,0,0,10918
98836,0,2,0,-1,-1,0,18200,0,0,7753
98837,0,0,-1,0,1000,11,433,0,0,6361
98838,0,0,-1,0,1000,11,7737,0,0,11109
98839,0,0,-1,-1,-1,0,483,0,0,8401
98840,0,0,-1,-1,-1,0,55884,0,0,8498
98841,0,0,-1,-1,-1,0,483,0,0,11166
98842,0,0,-1,-1,-1,0,483,0,0,11168
98843,0,0,-1,-1,-1,0,55884,0,0,10398
98847,0,2,0,-1,-1,0,12685,0,0,10625
98848,0,0,-1,0,1000,11,1129,0,0,9681
98849,0,0,0,300000,10000,1141,17283,0,0,13171
98850,0,0,0,-1,-1,0,3366,0,0,12143
98852,0,0,-1,-1,-1,0,483,0,0,11081
98853,0,0,-1,0,0,0,483,0,0,9089
98854,0,0,-1,0,0,0,483,0,0,9090
98855,0,0,-1,-1,-1,0,55884,0,0,10392
98856,0,0,-1,-1,-1,0,55884,0,0,10393
98857,0,0,-1,-1,-1,0,483,0,0,8967
98858,0,0,-1,-1,-1,0,483,0,0,8968
98859,0,0,-1,-1,-1,0,483,0,0,9015
98860,0,0,-1,-1,-1,0,12438,0,0,10684
98861,0,0,-1,-1,-1,0,0,0,0,1335
98862,0,0,-1,-1,500,1952,13498,0,0,11082
98864,0,0,-1,-1,-1,0,483,0,0,4214
98865,0,2,0,-1,-1,0,56,0,0,9477
98866,0,0,0,60000,0,0,12022,0,0,10030
98868,0,0,0,60000,-1,0,11402,0,0,9189
98869,0,0,-1,0,0,0,483,0,0,9051
98870,0,0,0,1500,-1,0,11886,0,0,9618
98871,0,0,-1,-1,-1,0,12199,0,0,10338
98872,0,0,-1,0,0,0,483,0,0,9091
98873,0,0,-1,0,0,0,483,0,0,9092
98874,0,0,-1,0,0,0,483,0,0,9180
98875,0,2,0,-1,-1,0,16405,0,0,9478
98877,0,0,-1,-1,-1,0,483,0,0,9016
98878,0,0,-1,-1,-1,0,483,0,0,8913
98879,0,0,-1,-1,-1,0,483,0,0,8916
98880,0,0,0,5000,-1,0,15748,0,0,12144
98881,0,2,0,-1,-1,0,18089,0,0,11902
98882,0,0,-1,-1,-1,0,55884,0,0,11903
98883,0,0,-1,-1,-1,0,16447,0,0,12534
98884,0,0,0,300000,-1,0,1184,0,0,1544
98885,0,0,-1,0,0,0,483,0,0,1588
98886,0,0,-1,0,0,0,483,0,0,9168
98887,0,0,-1,0,0,0,483,0,0,9170
98888,0,0,-1,300000,60000,24,13241,0,0,10646
98889,0,0,-1,-1,-1,0,483,0,0,8942
98891,0,2,0,-1,-1,0,16405,0,0,8190
98892,0,0,-1,0,0,0,483,0,0,9039
98894,0,0,-1,-1,-1,0,15491,0,0,11682
98895,0,0,-1,-1,-1,0,15118,0,0,11569
98896,0,0,-1,-1,-1,0,483,0,0,6734
98897,0,0,0,1500,-1,0,11887,0,0,9619
98898,0,0,-1,-1,-1,0,483,0,0,8921
98899,0,0,2,-1,-1,0,12283,0,0,10444
98900,0,0,-1,-1,-1,0,55884,0,0,10360
98901,0,0,-1,-1,-1,0,13982,0,0,11231
98902,0,0,-1,-1,-1,0,14050,0,0,11243
98905,0,0,-1,0,0,0,483,0,0,9040
98907,0,0,-1,0,600000,4,11392,0,0,9172
98908,0,0,-1,0,0,0,483,0,0,9070
98909,0,0,-1,-1,-1,0,483,0,0,8885
98910,0,0,-1,-1,-1,0,483,0,0,8841
98911,0,0,-1,0,0,0,483,0,0,9176
98912,0,0,-1,0,0,0,483,0,0,9181
98913,0,0,-1,-1,-1,0,483,0,0,10463
98914,0,0,-1,0,0,0,483,0,0,9094
98915,0,1,0,-1,-1,0,12560,0,0,10542
98916,0,0,-1,0,3000,79,12608,0,0,10592
98917,0,2,0,-1,-1,0,56,0,0,10627
98918,0,1,0,-1,-1,0,18079,0,0,10696
98919,1,0,0,0,0,0,12938,0,0,10696
98920,0,2,0,-1,-1,0,12686,0,0,10626
98922,0,0,-1,-1,-1,0,11009,0,0,9260
98923,0,0,0,1500,-1,0,11888,0,0,9620
98924,0,0,0,-1,-1,0,11757,0,0,9466
98925,0,2,0,-1,-1,0,3742,0,0,9467
98926,0,0,-1,0,0,0,483,0,0,9095
98927,0,0,-1,0,0,0,483,0,0,9098
98928,0,0,-1,-1,-1,0,483,0,0,8933
98929,0,0,-1,-1,-1,0,483,0,0,8934
98930,0,0,-1,-1,-1,0,483,0,0,9007
98932,0,0,-1,-1,-1,0,12253,0,0,10419
98933,0,1,0,-1,-1,0,29634,0,0,10567
98934,0,0,-1,-1,-1,0,12253,0,0,10460
98935,0,0,0,-1,-1,0,12347,0,0,10464
98936,0,0,-1,0,3600000,103,10692,0,0,8423
98937,0,0,-1,0,3600000,103,10693,0,0,8424
98938,0,0,-1,0,0,0,483,0,0,9079
98939,0,0,-1,-1,-1,0,483,0,0,8922
98940,0,1,0,10000,-1,0,9778,0,0,7939
98941,0,2,0,0,-1,0,13534,0,0,7954
98942,0,2,0,-1,-1,0,9806,0,0,7961
98943,0,0,-1,0,60000,4,439,0,0,118
98944,0,0,-1,0,0,0,483,0,0,9131
98945,0,0,-1,0,0,0,483,0,0,9132
98946,0,0,-1,0,0,0,483,0,0,9133
98947,0,0,-1,0,0,0,483,0,0,9134
98948,0,0,-1,-1,-1,0,483,0,0,8988
98949,0,0,-1,0,0,0,483,0,0,9075
98951,0,0,-1,-1,-1,0,483,0,0,8896
98952,0,0,-1,0,0,0,483,0,0,9066
98953,0,0,-1,0,0,0,483,0,0,9067
98954,0,0,-1,-1,-1,0,483,0,0,8966
98955,0,0,-1,0,0,0,483,0,0,9081
98956,0,0,-1,0,3000,79,11371,0,0,9088
98957,0,0,-1,-1,-1,0,9781,0,0,7967
98958,0,0,-1,-1,-1,0,9783,0,0,7969
98959,0,0,-1,0,0,0,483,0,0,9096
98960,0,0,-1,0,0,0,483,0,0,9097
98961,0,2,0,-1,-1,0,11791,0,0,9485
98962,0,1,0,-1,-1,0,11992,0,0,9978
98963,0,0,-1,-1,-1,0,483,0,0,9005
98964,0,0,-1,1000,-1,0,12176,0,0,10308
98965,0,0,-1,1000,-1,0,12179,0,0,10310
98966,0,0,-1,-1,-1,0,483,0,0,8994
98967,0,0,-1,0,0,0,483,0,0,9071
98968,0,0,-1,-1,-1,0,483,0,0,10302
98969,0,0,0,1200000,0,1180,22641,0,0,10588
98970,0,0,-1,-1,-1,0,483,0,0,10604
98971,0,0,-1,-1,-1,0,483,0,0,10605
98972,0,0,-1,-1,-1,0,483,0,0,10606
98973,0,0,-1,-1,-1,0,483,0,0,10607
98974,0,0,-1,-1,-1,0,483,0,0,10608
98979,0,0,-1,-1,-1,0,483,0,0,10713
98980,0,0,0,300000,0,0,13006,0,0,10716
98981,0,0,-1,-1,-1,0,483,0,0,1102
98982,0,0,-1,-1,-1,0,483,0,0,10603
98983,0,0,-1,0,0,0,483,0,0,4186
98985,0,0,-1,0,1000,11,433,0,0,117
98986,0,0,-1,0,1000,11,6727,0,0,8526
98988,0,0,-1,-1,-1,0,483,0,0,9221
98989,0,0,-1,-1,-1,0,483,0,0,9222
98990,0,0,0,3600000,0,0,13494,0,0,9449
98991,0,0,-1,-1,-1,0,483,0,0,8938
98992,0,0,-1,-1,-1,0,483,0,0,8940
98993,0,0,-1,-1,-1,0,483,0,0,8976
98994,0,0,-1,-1,-1,0,483,0,0,8977
98996,0,0,-1,-1,-1,0,483,0,0,10601
98997,0,0,-1,-1,-1,0,483,0,0,7991
98998,0,0,-1,0,1000,11,1131,0,0,8950
98999,0,0,-1,0,3000,79,11349,0,0,8951
99000,0,0,-1,-1,-1,0,483,0,0,9194
99001,0,0,-1,-1,-1,0,483,0,0,10322
99002,0,0,-1,-1,-1,0,483,0,0,10324
99003,0,0,-1,-1,-1,0,483,0,0,8978
99004,0,0,-1,-1,-1,0,483,0,0,8996
99005,0,0,-1,0,0,0,483,0,0,9064
99006,0,0,-1,0,60000,24,4074,0,0,10719
99007,0,0,-1,0,60000,24,12562,0,0,10586
99008,0,1,0,-1,-1,0,18074,0,0,10805
99010,0,0,-1,-1,-1,0,12684,0,0,10622
99011,0,2,0,-1,-1,0,13439,0,0,10623
99015,0,0,-1,-1,-1,0,483,0,0,9191
99016,0,0,-1,-1,-1,0,483,0,0,9192
99017,0,0,-1,0,0,0,483,0,0,9129
99018,0,0,-1,-1,-1,0,11437,0,0,9249
99019,0,0,0,-1,-1,0,11438,0,0,9252
99020,0,0,-1,-1,-1,0,483,0,0,8943
99021,0,0,-1,-1,-1,0,483,0,0,1244
99022,0,1,0,-1,-1,0,12418,0,0,10501
99024,0,0,0,-1,-1,0,12735,0,0,10663
99025,0,0,-1,0,3000,79,11403,0,0,9197
99026,0,2,0,0,-1,0,13532,0,0,9639
99028,0,0,-1,0,1000,59,432,0,0,9451
99029,0,0,-1,0,-1,0,11338,0,0,8926
99030,0,0,-1,-1,-1,0,483,0,0,8929
99031,0,0,-1,-1,-1,0,483,0,0,8946
99032,0,0,-1,-1,-1,0,15340,0,0,11622
99035,0,0,-1,0,0,0,483,0,0,9069
99036,0,2,0,-1,-1,0,16408,0,0,11121
99037,0,0,-1,-1,-1,0,483,0,0,12685
99039,0,0,-1,-1,-1,0,483,0,0,8800
99040,0,0,-1,-1,-1,0,483,0,0,8874
99041,0,0,-1,-1,-1,0,483,0,0,8910
99042,0,0,-1,-1,-1,0,15441,0,0,11667
99043,0,0,-1,-1,-1,0,15449,0,0,11673
99044,0,0,-1,-1,-1,0,483,0,0,3831
99045,0,0,-1,0,0,0,483,0,0,9138
99046,0,0,-1,-1,-1,0,483,0,0,12683
99047,0,0,-1,-1,-1,0,483,0,0,12226
99048,0,0,-1,-1,-1,0,483,0,0,12227
99049,0,0,-1,-1,-1,0,483,0,0,12229
99050,0,0,-1,0,0,0,483,0,0,9103
99051,0,2,0,-1,-1,0,10373,0,0,9425
99052,0,0,-1,0,1000,0,434,0,0,12238
99053,0,0,-1,-1,-1,0,483,0,0,12239
99054,0,0,-1,-1,-1,0,483,0,0,9301
99055,0,2,0,-1,-1,0,15494,0,0,11684
99058,0,1,0,-1,-1,0,18076,0,0,11907
99059,0,0,-1,-1,-1,0,9577,0,0,7733
99061,0,2,0,-1,-1,0,19260,0,0,13148
99062,0,0,0,30000,-1,0,17536,0,0,13536
99063,0,2,0,-1,-1,0,18214,0,0,13051
99064,0,0,-1,-1,-1,0,55884,0,0,11825
99066,0,0,-1,-1,-1,0,16077,0,0,12350
99067,0,0,-1,-1,-1,0,483,0,0,11610
99068,0,0,-1,-1,-1,0,483,0,0,11611
99069,0,0,-1,-1,-1,0,483,0,0,11612
99070,0,0,-1,-1,-1,0,483,0,0,9199
99071,0,0,0,1800000,10000,1141,11826,0,0,9492
99072,0,0,-1,0,3000,79,11405,0,0,9206
99073,0,2,0,-1,-1,0,16939,0,0,12802
99077,0,0,-1,-1,-1,0,483,0,0,12835
99080,0,0,-1,-1,-1,0,483,0,0,8860
99081,0,0,-1,-1,-1,0,483,0,0,1332
99082,0,0,-1,-1,-1,0,483,0,0,8798
99083,0,0,-1,-1,-1,0,483,0,0,8408
99084,0,0,-1,-1,-1,0,15391,0,0,11643
99085,0,0,-1,0,0,0,483,0,0,9104
99086,0,0,-1,-1,-1,0,483,0,0,8783
99088,0,0,-1,-1,-1,0,55884,0,0,8496
99092,0,0,-1,-1,-1,0,483,0,0,9190
99093,0,0,0,900000,45000,1141,12766,0,0,10455
99094,0,0,-1,0,1000,11,1131,0,0,12763
99095,0,0,-1,-1,-1,0,12460,0,0,10548
99096,0,0,-1,-1,-1,0,483,0,0,6045
99097,0,0,-1,-1,-1,0,483,0,0,5774
99098,0,0,-1,1000,-1,0,14227,0,0,10793
99099,0,0,0,-1,-1,0,15303,0,0,11613
99100,0,0,-1,0,90000,4,4941,0,0,4623
99101,0,0,-1,-1,-1,0,483,0,0,8855
99102,0,0,-1,-1,-1,0,483,0,0,8823
99103,0,0,-1,0,3000,79,11334,0,0,9187
99104,0,0,-1,-1,-1,0,55884,0,0,11826
99107,0,0,-1,-1,-1,0,16796,0,0,12733
99108,0,0,-1,0,1000,11,1131,0,0,8948
99109,0,0,-1,-1,-1,0,483,0,0,12726
99110,0,0,-1,-1,-1,0,483,0,0,12727
99111,0,0,0,1800000,0,0,10577,0,0,8346
99112,0,0,-1,-1,-1,0,483,0,0,4408
99113,0,0,0,180000,0,0,9223,0,0,6286
99114,0,1,0,-1,-1,0,43588,0,0,12639
99119,0,0,-1,-1,-1,0,483,0,0,3101
99120,0,0,-1,-1,-1,0,483,0,0,12728
99121,0,0,-1,-1,-1,0,483,0,0,3122
99123,0,0,-1,-1,-1,0,483,0,0,12261
99124,0,0,-1,0,0,0,483,0,0,9077
99125,0,1,0,0,0,0,48777,0,0,11122
99126,0,0,-1,-1,-1,0,483,0,0,12696
99127,0,0,-1,-1,-1,0,483,0,0,12698
99128,0,0,-1,-1,-1,0,483,0,0,12836
99129,0,0,-1,-1,-1,0,483,0,0,12837
99130,0,0,-1,-1,-1,0,483,0,0,12838
99132,0,0,-1,0,1000,11,10256,0,0,12215
99133,0,0,-1,0,1000,11,10256,0,0,12216
99134,0,0,-1,-1,-1,0,483,0,0,8862
99135,0,0,-1,-1,-1,0,483,0,0,5487
99136,0,1,0,0,0,38,39704,0,0,6708
99137,0,0,-1,-1,-1,0,3366,0,0,12301
99138,0,1,0,-1,-1,0,7617,0,0,1131
99139,0,0,-1,-1,-1,0,483,0,0,8915
99140,0,0,-1,0,60000,24,15239,0,0,11566
99142,0,0,-1,-1,-1,0,483,0,0,8810
99143,0,0,-1,-1,-1,0,11758,0,0,8584
99144,0,0,-1,-1,-1,0,483,0,0,8768
99145,0,0,0,60000,60000,28,905,0,0,2803
99146,0,2,0,-1,-1,0,18104,0,0,811
99147,0,2,0,-1,-1,0,17148,0,0,1263
99148,0,1,0,-1,-1,0,16718,0,0,12709
99149,1,1,0,-1,-1,0,18067,0,0,12709
99150,0,0,-1,-1,-1,0,483,0,0,12719
99151,0,0,-1,-1,-1,0,483,0,0,12720
99152,0,0,-1,-1,-1,0,483,0,0,5723
99153,0,0,-1,-1,3000,330,55884,0,0,8629
99154,0,0,-1,-1,-1,0,483,0,0,12706
99155,0,0,-1,-1,-1,0,483,0,0,12707
99156,0,0,-1,-1,-1,0,0,0,0,1880
99157,0,1,0,-1,-1,0,7823,0,0,12222
99158,0,0,-1,0,1000,11,5004,0,0,12224
99159,0,0,0,-1,-1,0,14250,0,0,11286
99161,0,0,0,-1,-1,0,16007,0,0,12284
99162,0,0,-1,0,0,0,483,0,0,5697
99165,0,0,-1,60000,-1,0,16629,0,0,12650
99166,0,0,-1,0,0,0,483,0,0,9182
99168,0,0,-1,0,1000,11,5004,0,0,11584
99169,0,0,-1,-1,-1,0,483,0,0,10300
99170,0,0,-1,-1,-1,0,483,0,0,10424
99171,0,0,-1,-1,-1,0,483,0,0,2697
99172,0,0,-1,180000,-1,0,16031,0,0,12288
99173,0,0,-1,0,1000,11,1131,0,0,11444
99174,0,0,-1,-1,-1,0,0,0,0,2600
99175,0,0,-1,-1,-1,0,483,0,0,8901
99176,0,0,-1,-1,-1,0,483,0,0,9001
99177,0,0,-4,-1,-1,0,17155,0,0,12906
99179,0,1,0,-1,-1,0,16611,0,0,12628
99180,0,0,-1,-1,-1,0,483,0,0,8763
99181,0,0,-1,-1,-1,0,483,0,0,8875
99182,0,0,-1,1000,-1,0,12174,0,0,10309
99183,0,0,-1,-1,-1,0,483,0,0,12704
99184,0,0,-1,-1,-1,0,483,0,0,12705
99185,0,0,0,-1,-1,0,14247,0,0,11522
99186,0,0,-1,-1,-1,0,483,0,0,12231
99187,0,0,-1,-1,-1,0,483,0,0,9035
99188,0,0,-1,-1,-1,0,483,0,0,7192
99189,0,0,-1,0,0,0,483,0,0,9050
99193,0,0,-1,0,0,0,483,0,0,9130
99195,0,1,0,-1,-1,0,7363,0,0,6182
99196,0,0,-5,-1,-1,0,16053,0,0,12300
99197,0,2,0,-1,-1,0,16433,0,0,11744
99199,0,0,-1,2000,-1,0,17047,0,0,12844
99200,0,0,0,300000,0,0,17447,0,0,11808
99201,0,2,0,-1,-1,0,16559,0,0,11809
99202,0,1,0,-1,-1,0,15594,0,0,11810
99205,0,0,-1,0,-1,0,11355,0,0,8984
99206,0,0,-1,0,120000,1153,15229,0,0,11562
99208,0,0,0,1800000,0,0,17252,0,0,13143
99211,0,2,0,-1,-1,0,17510,0,0,13032
99212,0,0,-1,-1,-1,0,15276,0,0,11602
99213,0,2,0,-1,-1,0,16405,0,0,11603
99215,0,0,-1,-1,-1,0,13564,0,0,11197
99216,0,0,-1,-1,3000,330,55884,0,0,12327
99218,0,0,-1,-1,-1,0,483,0,0,8387
99219,0,0,-1,-1,-1,0,483,0,0,980
99222,0,0,0,-1,-1,0,16447,0,0,12526
99224,0,0,-1,0,0,0,483,0,0,9049
99225,0,0,0,-1,-1,0,11438,0,0,9251
99226,0,1,0,-1,-1,0,19691,0,0,1465
99227,0,0,-1,-1,-1,0,483,0,0,9211
99228,0,0,-1,0,0,0,483,0,0,9167
99229,0,0,-1,-1,900000,1153,16666,0,0,12662
99230,0,2,0,-1,-1,0,13442,0,0,6220
99231,0,0,-1,-1,-1,0,12459,0,0,10546
99233,0,0,-1,-1,-1,0,2352,0,0,2791
99234,0,0,0,-1,-1,0,17133,0,0,12888
99235,0,2,0,-1,-1,0,16413,0,0,12992
99238,0,1,0,-1,-1,0,15600,0,0,11815
99240,0,0,-1,120000,120000,1153,15700,0,0,11951
99241,0,0,-1,0,120000,1153,15701,0,0,11952
99242,0,0,-1,-1,-1,0,483,0,0,8853
99243,0,0,0,1800000,0,0,13180,0,0,10726
99244,0,0,-1,-1,-1,0,55884,0,0,11023
99247,0,1,0,0,0,0,8397,0,0,11302
99250,0,0,-1,-1,-1,0,483,0,0,11614
99251,0,0,-1,-1,-1,0,483,0,0,9298
99252,0,0,-1,-1,3000,330,55884,0,0,12325
99253,0,0,-1,-1,-1,0,483,0,0,11827
99254,0,0,-1,-1,-1,0,55884,0,0,11026
99255,0,0,-1,-1,-1,0,55884,0,0,11027
99260,0,0,-1,-1,-1,0,483,0,0,7086
99261,0,0,-1,-1,-1,0,483,0,0,11828
99262,0,1,0,-1,-1,0,15438,0,0,11669
99264,0,0,-1,-1,-1,0,15444,0,0,11670
99265,0,0,-1,-1,-1,0,15446,0,0,11671
99266,0,0,-1,-1,-1,0,15458,0,0,11672
99267,0,0,0,3000,-1,0,16028,0,0,12286
99268,0,0,-1,-1,3000,330,55884,0,0,12353
99269,0,0,-1,0,0,0,483,0,0,9175
99270,0,0,-1,0,0,0,483,0,0,9093
99272,0,0,-1,-1,-1,0,483,0,0,11615
99274,0,0,-1,-1,-1,0,14199,0,0,11148
99275,0,0,-1,0,0,0,15233,0,0,11564
99276,0,0,-1,-1,-1,0,11008,0,0,11846
99277,0,0,-1,-1,-1,0,483,0,0,4266
99278,0,0,-1,1000,-1,0,14814,0,0,11325
99279,0,0,-1,-1,-1,0,483,0,0,9013
99280,0,0,-1,-1,-1,0,483,0,0,9004
99283,0,0,-1,-1,-1,0,483,0,0,9305
99284,0,0,-1,-1,-1,0,483,0,0,11038
99285,0,0,0,120000,-1,0,18364,0,0,14134
99288,0,0,-1,-1,-1,0,55884,0,0,8494
99289,0,0,-1,-1,3000,330,55884,0,0,8595
99290,0,0,-1,-1,-1,0,483,0,0,8843
99291,0,0,-1,0,0,0,483,0,0,1036
99292,0,2,0,-1,-1,0,13439,0,0,10761
99293,0,2,0,-1,-1,0,16411,0,0,10628
99294,0,0,-1,-1,-1,0,483,0,0,10609
99297,0,0,-1,-1,-1,0,15649,0,0,11836
99298,0,0,-1,-1,-1,0,483,0,0,5130
99299,0,0,-1,-1,-1,0,4976,0,0,4754
99300,0,0,-1,-1,3000,330,55884,0,0,5864
99301,0,0,0,-1,-1,0,15033,0,0,11445
99302,0,0,-1,-1,-1,0,15406,0,0,11649
99303,0,0,-1,-1,-1,0,483,0,0,8989
99304,0,0,-1,-1,-1,0,483,0,0,4146
99305,0,0,-1,-1,-1,0,15397,0,0,11645
99306,0,0,-1,-1,-1,0,15404,0,0,11648
99307,0,0,-1,-1,-1,0,483,0,0,5972
99308,0,0,-1,0,0,0,15231,0,0,11563
99309,0,0,-1,0,3000,79,11319,0,0,8827
99310,0,0,-1,-1,-1,0,483,0,0,4277
99311,0,0,-1,-1,-1,0,15463,0,0,11676
99312,0,0,-1,-1,-1,0,55884,0,0,11110
99313,0,1,0,-1,-1,0,7823,0,0,7996
99315,0,0,-1,-1,-1,0,483,0,0,10318
99316,0,2,0,-1,-1,0,15280,0,0,11607
99317,0,0,-1,-1,-1,0,15699,0,0,11948
99318,0,0,-1,-1,-1,0,483,0,0,8935
99319,0,0,-1,-1,-1,0,483,0,0,9034
99320,1,0,-1,0,120000,1153,11732,0,0,9421
99321,0,0,-1,-1,-1,0,483,0,0,11039
99322,0,0,-1,-1,-1,0,15389,0,0,11642
99323,0,0,0,-1,-1,0,471,0,0,902
99325,0,2,0,-1,-1,0,15283,0,0,11608
99326,0,0,-1,0,0,0,483,0,0,9099
99327,0,2,0,-1,-1,0,13527,0,0,9486
99328,0,0,-1,-1,-1,0,483,0,0,8911
99329,0,0,-1,-1,-1,0,15394,0,0,11644
99332,0,0,-1,120000,0,0,15057,0,0,11590
99333,0,0,-1,-1,-1,0,483,0,0,11164
99334,0,0,-1,-1,-1,0,483,0,0,11226
99335,0,0,0,300000,60000,94,12749,0,0,10576
99336,0,2,0,-1,-1,0,13530,0,0,8225
99337,0,0,0,-1,-1,0,14806,0,0,11320
99338,0,0,-1,-1,-1,0,15429,0,0,11664
99339,0,0,-1,-1,-1,0,483,0,0,10319
99340,0,0,-1,-1,-1,0,483,0,0,3143
99341,0,0,0,-1,-1,0,3366,0,0,11000
99342,0,0,-1,0,0,0,483,0,0,9068
99343,0,0,-1,0,0,0,483,0,0,1063
99344,0,0,-1,300000,0,0,15279,0,0,11567
99345,0,0,-1,-1,-1,0,483,0,0,8890
99346,0,0,-1,-1,-1,0,10459,0,0,8155
99347,0,0,-1,-1,-1,0,483,0,0,7984
99348,0,0,0,5000,-1,0,13399,0,0,11020
99349,0,0,-1,0,120000,4,6614,0,0,5632
99350,0,0,-1,-1,3000,330,55884,0,0,2415
99351,0,0,-1,0,0,0,483,0,0,9151
99352,0,2,0,-1,-1,0,18088,0,0,10803
99353,0,2,0,-1,-1,0,18084,0,0,10804
99354,0,0,-1,-1,-1,0,15702,0,0,11953
99355,0,0,-1,-1,-1,0,483,0,0,1090
99356,0,0,-1,-1,-1,0,15066,0,0,11473
99357,0,0,-1,-1,-1,0,55884,0,0,11474
99359,0,0,-1,-1,-1,0,13564,0,0,11085
99360,0,0,0,600000,0,0,13120,0,0,10720
99362,0,2,0,-1,-1,0,13526,0,0,11635
99363,0,0,0,3600000,0,0,12561,0,0,10543
99364,0,0,-1,-1,-1,0,3976,0,0,4407
99365,0,0,-1,0,1000,11,1129,0,0,4599
99366,0,0,-1,-1,-1,0,15998,0,0,12262
99367,0,0,-1,-1,-1,0,483,0,0,12691
99368,0,0,-1,-1,-1,0,483,0,0,12692
99369,0,0,-1,-1,-1,0,483,0,0,12693
99370,0,0,-1,-1,-1,0,483,0,0,12694
99373,0,0,-1,-1,-1,0,15627,0,0,11833
99374,0,0,0,1200000,90000,94,23133,0,0,10725
99375,0,0,-1,-1,-1,0,483,0,0,9022
99376,0,0,0,1200000,0,0,12733,0,0,10418
99378,0,0,0,-1,-1,0,55884,0,0,13582
99379,0,0,0,-1,-1,0,55884,0,0,13584
99380,0,0,-1,-1,-1,0,483,0,0,11813
99381,0,2,0,-1,-1,0,16603,0,0,12621
99383,0,0,-1,-1,-1,0,483,0,0,3734
99384,0,0,0,2000,-1,0,4954,0,0,5410
99385,0,0,-1,-1,500,1952,13632,0,0,11134
99386,0,0,-1,-1,500,1952,13633,0,0,11135
99387,0,0,-1,-1,-1,0,483,0,0,4203
99388,0,0,-1,0,60000,4,17546,0,0,13458
99389,0,0,-1,0,60000,4,17545,0,0,13460
99390,0,0,-1,0,60000,4,17550,0,0,13462
99394,0,1,0,0,0,0,17947,0,0,13700
99395,1,1,0,0,0,0,23482,0,0,13700
99396,0,1,0,0,0,0,17949,0,0,13701
99397,1,1,0,0,0,0,23483,0,0,13701
99398,0,0,0,-1,-1,0,3366,0,0,13704
99399,0,0,-1,-1,-1,0,483,0,0,11204
99400,0,0,-1,0,1000,11,26030,0,0,11950
99401,0,0,-1,-1,-1,0,483,0,0,13947
99404,0,0,0,-1,-1,0,17133,0,0,12886
99405,0,0,0,-1,-1,0,17133,0,0,12887
99407,0,0,-5,-1,-1,0,16057,0,0,12323
99408,0,0,-1,0,1000,11,18071,0,0,13724
99409,0,0,-1,-1,-1,0,17432,0,0,13302
99410,0,0,-1,-1,-1,0,483,0,0,12164
99411,0,0,0,-1,-1,0,3366,0,0,12186
99414,0,0,-1,-1,-1,0,13982,0,0,11609
99415,0,1,0,-1,-1,0,4070,0,0,1490
99416,0,0,-1,0,60000,4,17543,0,0,13457
99417,0,0,-1,0,1000,11,1129,0,0,13893
99418,0,2,0,0,-1,0,16921,0,0,12794
99419,0,2,0,-1,-1,0,13318,0,0,12795
99420,0,2,0,-1,-1,0,56,0,0,12796
99421,0,0,-1,-1,-1,0,483,0,0,13517
99422,0,0,-1,-1,-1,0,483,0,0,13518
99423,0,0,-1,-1,-1,0,483,0,0,13948
99424,0,1,0,-1,-1,0,18065,0,0,13716
99426,0,0,-1,-1,-1,0,483,0,0,13485
99427,0,0,-1,-1,-1,0,483,0,0,13486
99430,0,2,0,-1,-1,0,18112,0,0,13262
99431,0,0,-1,-1,-1,0,483,0,0,13943
99433,0,2,0,-1,-1,0,16405,0,0,13060
99434,0,0,-1,-1,-1,0,483,0,0,12826
99435,0,0,-1,-1,-1,0,483,0,0,12827
99436,0,0,-1,-1,-1,0,483,0,0,12828
99437,0,0,0,1800000,0,0,16739,0,0,1973
99438,0,1,0,-1,-1,0,17623,0,0,13544
99439,0,2,0,-1,-1,0,16414,0,0,11920
99444,0,0,-1,-1,-1,0,483,0,0,13949
99445,0,0,0,300000,-1,0,12346,0,0,10465
99449,0,0,-1,0,60000,24,4067,0,0,4380
99450,0,0,-1,-1,3000,330,55884,0,0,12351
99451,0,0,-1,-1,3000,330,55884,0,0,12354
99453,0,0,0,1800000,0,0,17275,0,0,13164
99454,0,0,-1,-1,-1,0,483,0,0,13479
99455,0,0,-1,-1,-1,0,483,0,0,13481
99456,0,0,-1,-1,-1,0,483,0,0,13482
99457,0,0,-1,-1,-1,0,483,0,0,13520
99458,0,0,0,-1,-1,0,16628,0,0,12646
99459,0,0,-1,-1,3000,330,55884,0,0,8631
99460,0,1,0,-1,-1,0,7721,0,0,12631
99462,0,0,-1,-1,-1,0,483,0,0,13521
99463,0,0,-1,-1,-1,0,483,0,0,13522
99464,0,0,-1,-1,-1,0,3366,0,0,13523
99465,0,0,0,-1,-1,0,17368,0,0,13256
99469,0,1,0,-1,-1,0,16615,0,0,12632
99473,0,0,-1,-1,-1,0,16623,0,0,12645
99474,0,0,-1,-1,-1,0,483,0,0,10323
99475,0,0,0,1000,-1,0,17176,0,0,12942
99477,0,0,-1,-1,-1,0,483,0,0,14512
99478,0,0,-1,-1,-1,0,483,0,0,14514
99483,0,0,-1,-1,-1,0,483,0,0,14509
99484,0,0,-1,1000,-1,0,2864,0,0,4427
99487,0,1,0,-1,-1,0,17670,0,0,12846
99488,0,0,-1,-1,-1,0,483,0,0,12716
99489,0,0,-1,-1,-1,0,483,0,0,12717
99490,0,0,-1,-1,-1,0,483,0,0,13483
99491,0,2,0,-1,-1,0,13318,0,0,12791
99492,0,0,10,30000,30000,0,17166,0,0,12928
99493,0,1,0,0,0,0,16982,0,0,12805
99494,0,0,-1,-1,-1,0,483,0,0,13484
99499,0,0,-1,-1,-1,0,483,0,0,14510
99500,0,0,-1,-1,3000,330,55884,0,0,13325
99501,0,2,0,-1,-1,0,16916,0,0,12790
99503,0,0,-1,-1,-1,0,17432,0,0,13303
99507,0,0,-1,-1,-1,0,16537,0,0,12586
99510,0,0,-1,-1,-1,0,483,0,0,12162
99511,0,0,-1,-1,-1,0,483,0,0,12714
99512,0,0,-1,-1,-1,0,483,0,0,12715
99513,0,0,-1,0,3000,79,17539,0,0,13454
99514,0,0,0,0,180000,1148,17730,0,0,13603
99516,0,1,0,-1,-1,0,7823,0,0,12221
99517,0,0,-1,-1,-1,0,483,0,0,12163
99518,0,0,-1,-1,-1,0,483,0,0,13477
99519,0,0,0,-1,-1,0,16996,0,0,12785
99522,0,0,-1,-1,-1,0,483,0,0,14505
99523,0,0,-1,-1,-1,0,483,0,0,14506
99528,0,0,-1,-1,-1,0,483,0,0,14482
99529,0,0,-1,-1,-1,0,483,0,0,14483
99530,0,0,-1,-1,-1,0,483,0,0,14484
99531,0,0,-1,-1,-1,0,483,0,0,14488
99532,0,0,-1,-1,-1,0,483,0,0,14478
99533,0,0,-1,-1,-1,0,483,0,0,14479
99534,0,0,-1,-1,-1,0,483,0,0,14480
99535,0,0,-1,-1,-1,0,483,0,0,14481
99536,0,1,0,-1,-1,0,16718,0,0,12686
99537,0,0,-1,-1,-1,0,483,0,0,12713
99538,0,0,-1,0,120000,4,17540,0,0,13455
99539,0,0,-1,0,60000,4,17544,0,0,13456
99540,0,0,-1,-1,-1,0,483,0,0,13489
99541,0,0,-1,-1,-1,0,483,0,0,14489
99544,2,1,0,0,0,0,18388,0,0,14154
99547,0,0,-1,-1,-1,0,483,0,0,13939
99550,0,0,-1,-1,-1,0,483,0,0,12825
99551,0,1,0,-1,-1,0,15956,0,0,12225
99553,0,0,-1,0,0,0,483,0,0,9148
99555,0,0,0,-1,-1,0,17179,0,0,13752
99556,0,0,0,1000,-1,0,17271,0,0,13156
99558,0,2,0,-1,-1,0,16551,0,0,12590
99559,0,2,0,-1,-1,0,16602,0,0,12592
99561,0,0,-1,-1,-1,0,13478,0,0,11078
99562,0,0,-1,-1,-1,0,13484,0,0,11079
99563,0,0,-1,0,1000,11,1127,0,0,13756
99564,0,2,0,-1,-1,0,17484,0,0,13361
99565,0,0,-1,-1,-1,0,11629,0,0,12003
99566,0,0,-1,-1,3000,330,55884,0,0,12302
99567,0,0,-1,-1,3000,330,55884,0,0,12303
99568,0,0,-1,-1,-1,0,483,0,0,8964
99569,0,0,-1,-1,-1,0,483,0,0,8941
99570,0,0,-1,-1,-1,0,483,0,0,9020
99571,0,0,-1,-1,-1,0,483,0,0,8987
99572,0,0,-1,-1,-1,0,16195,0,0,12440
99573,0,2,0,-1,-1,0,18086,0,0,11803
99574,0,0,0,45000,-1,0,15591,0,0,11804
99576,0,0,0,60000,0,0,18400,0,0,13379
99577,0,0,-10,60000,-1,0,682,0,0,1186
99578,0,0,-1,-1,-1,0,483,0,0,12830
99579,0,0,-1,-1,-1,0,483,0,0,12831
99580,0,0,-1,-1,-1,0,483,0,0,12833
99581,0,0,0,-1,-1,0,16627,0,0,12647
99582,0,0,-1,60000,-1,0,16326,0,0,12455
99583,0,2,0,-1,-1,0,17483,0,0,13348
99585,0,2,0,-1,-1,0,16898,0,0,12777
99586,0,1,0,-1,-1,0,60244,0,0,12185
99587,0,1,0,-1,-1,0,15805,0,0,12188
99592,0,0,-1,-1,-1,0,483,0,0,12834
99593,0,0,-1,-1,-1,0,16073,0,0,12346
99594,0,1,0,-1,-1,0,17619,0,0,13503
99595,0,0,0,900000,60000,94,17490,0,0,13353
99597,0,0,-1,-1,-1,0,17432,0,0,13307
99598,0,0,-1,-1,-1,0,483,0,0,13308
99599,0,0,-1,-1,-1,0,483,0,0,13310
99600,0,0,-1,0,60000,4,15822,0,0,12190
99601,0,0,-1,0,1000,11,10256,0,0,12218
99603,0,0,-1,1500,-1,0,15647,0,0,12565
99604,0,0,-1,-1,-1,0,15649,0,0,12566
99605,0,2,0,-1,-1,0,18082,0,0,12792
99606,0,0,-1,60000,-1,0,16323,0,0,12451
99607,0,0,-1,0,1000,11,1129,0,0,13930
99608,0,0,-1,0,1000,11,1131,0,0,13933
99609,0,0,0,600000,0,0,18264,0,0,13937
99611,0,0,-1,0,1000,11,15852,0,0,12217
99612,0,0,-5,1500,-1,0,17016,0,0,12815
99613,0,0,-1,-1,-1,0,483,0,0,12816
99615,0,0,0,0,-1,0,16613,0,0,12627
99616,0,0,0,0,180000,1148,17729,0,0,13602
99618,0,0,0,900000,0,0,16470,0,0,12532
99621,0,0,-1,0,1000,11,1127,0,0,13758
99622,0,1,0,-1,-1,0,7617,0,0,11861
99626,0,1,0,-1,-1,0,17625,0,0,13505
99627,0,0,-1,0,60000,4,17624,0,0,13506
99628,0,2,0,-1,-1,0,13440,0,0,12250
99629,0,0,-1,0,1000,11,1127,0,0,13759
99630,0,1,0,-1,-1,0,17495,0,0,13375
99632,0,0,-1,-1,3000,330,55884,0,0,12330
99633,0,0,-1,-1,-1,0,483,0,0,12684
99634,0,0,-1,-1,-1,0,483,0,0,8990
99636,0,0,-1,-1,-1,0,483,0,0,14507
99637,0,0,-1,-1,-1,0,483,0,0,14508
99639,0,2,0,-1,-1,0,17407,0,0,13285
99642,0,2,0,-1,-1,0,10370,0,0,12469
99643,0,0,-1,-1,-1,0,483,0,0,12687
99644,0,0,-1,60000,-1,0,16325,0,0,12457
99645,0,0,-1,60000,-1,0,16327,0,0,12458
99646,0,0,-1,-1,-1,0,13630,0,0,11132
99648,0,2,0,-1,-1,0,56,0,0,12528
99649,0,1,0,-1,-1,0,14803,0,0,11806
99651,0,0,-1,0,1000,11,1129,0,0,13546
99652,0,2,0,-1,-1,0,17511,0,0,13035
99654,0,2,0,-1,-1,0,16549,0,0,12583
99655,0,0,-1,-1,-1,0,483,0,0,12817
99656,0,0,-1,-1,-1,0,483,0,0,12821
99658,0,0,-1,-1,3000,330,55884,0,0,13326
99659,0,0,-1,-1,-1,0,55884,0,0,12264
99660,0,0,-1,-1,3000,330,55884,0,0,13322
99661,0,0,-1,-1,3000,330,55884,0,0,13332
99662,0,0,-1,-1,3000,330,55884,0,0,13335
99663,0,0,-1,0,1000,11,1129,0,0,4608
99664,0,0,-1,-1,3000,330,55884,0,0,13327
99665,0,0,-1,-1,3000,330,55884,0,0,13329
99666,0,0,-1,-1,3000,330,55884,0,0,13331
99667,0,0,-1,0,60000,24,12543,0,0,10562
99668,0,1,0,-1,-1,0,17482,0,0,13212
99669,0,0,-1,-1,-1,0,55884,0,0,12529
99670,0,0,-1,-1,-1,0,483,0,0,13491
99671,0,0,-1,60000,20000,24,16322,0,0,12450
99672,0,0,-1,0,1000,11,5006,0,0,12209
99673,0,0,-1,0,1000,11,5007,0,0,12210
99674,0,0,-1,0,1000,11,5007,0,0,12211
99675,0,0,-1,0,1000,11,5007,0,0,12213
99677,0,0,-1,-1,-1,0,483,0,0,8813
99678,0,2,0,-1,-1,0,18203,0,0,13183
99679,0,0,-1,-1,-1,0,483,0,0,13487
99680,0,0,0,120000,10000,1141,17330,0,0,13213
99681,0,1,0,-1,-1,0,17328,0,0,13215
99682,0,0,-1,0,1000,11,1127,0,0,13754
99683,0,0,-1,-1,-1,0,483,0,0,12688
99684,0,2,0,-1,-1,0,14118,0,0,12463
99685,0,0,-1,-1,-1,0,483,0,0,7975
99686,0,0,-1,-1,-1,0,483,0,0,12823
99688,0,0,-1,-1,-1,0,483,0,0,12689
99689,0,0,-1,-1,-1,0,483,0,0,12690
99690,0,1,0,-1,-1,0,16550,0,0,12588
99691,0,0,-1,-1,-1,0,16072,0,0,12347
99693,0,0,-1,0,1000,11,18230,0,0,13928
99695,0,2,0,-1,-1,0,17196,0,0,12969
99696,0,0,-1,0,1000,11,1127,0,0,13760
99698,0,0,-1,-1,-1,0,483,0,0,12240
99699,0,2,0,-1,-1,0,15662,0,0,12243
99700,0,0,-1,0,1000,11,1129,0,0,13888
99701,0,0,0,-1,-1,0,17474,0,0,12891
99702,0,0,-1,1000,-1,0,16138,0,0,12404
99703,0,0,-1,-1,-1,0,483,0,0,12824
99706,0,0,-1,-1,-1,0,483,0,0,12702
99707,0,0,-1,-1,-1,0,483,0,0,8790
99710,0,0,-1,0,60000,4,17528,0,0,13442
99711,0,0,-1,0,3000,79,11348,0,0,13445
99713,0,0,-1,-1,3000,330,55884,0,0,13086
99716,0,0,-1,0,1000,11,1131,0,0,8952
99717,0,0,-1,-1,-1,0,12805,0,0,10688
99718,0,0,-1,-1,-1,0,16197,0,0,12443
99719,0,0,-1,-1,-1,0,483,0,0,12695
99720,0,0,-1,-1,-1,0,483,0,0,12697
99721,0,0,-1,-1,-1,0,483,0,0,12703
99722,0,0,-1,-1,-1,0,483,0,0,12711
99723,0,1,0,-1,-1,0,16620,0,0,12641
99725,0,1,0,-1,-1,0,18198,0,0,13017
99726,0,0,-1,-1,-1,0,483,0,0,8760
99728,0,0,-1,-1,-1,0,483,0,0,13940
99729,0,0,-1,-1,-1,0,483,0,0,13941
99731,0,1,0,-1,-1,0,14550,0,0,16139
99732,0,2,0,-1,-1,0,17506,0,0,13408
99734,0,0,-1,-1,-1,0,483,0,0,15762
99735,0,0,-1,-1,-1,0,483,0,0,14630
99736,0,0,-1,-1,-1,0,483,0,0,5543
99737,0,0,-1,-1,-1,0,483,0,0,15763
99739,0,0,-1,-1,-1,0,483,0,0,15765
99747,0,0,0,-1,-1,0,18762,0,0,14547
99748,0,0,-1,-1,-1,0,15427,0,0,11663
99749,0,0,-1,0,0,0,3366,0,0,11885
99753,0,0,-1,-1,3000,330,55884,0,0,12326
99754,0,0,-1,60000,-1,0,16329,0,0,12460
99755,0,0,-1,1000,-1,0,16622,0,0,12643
99756,0,1,0,-1,-1,0,14630,0,0,16129
99757,0,1,0,-1,-1,0,14635,0,0,16130
99758,0,1,0,-1,-1,0,14628,0,0,16132
99764,0,0,-1,-1,-1,0,18711,0,0,14644
99765,0,0,-1,0,1000,11,5007,0,0,12212
99766,0,0,-1,-1,3000,330,55884,0,0,13333
99767,0,0,3,-1,-1,0,19688,0,0,15914
99768,0,0,3,-1,-1,0,19689,0,0,15915
99771,0,0,-1,-1,-1,0,18397,0,0,14338
99772,0,0,-1,-1,-1,0,483,0,0,13490
99773,0,0,-1,-1,-1,0,483,0,0,13492
99774,0,0,-1,-1,-1,0,483,0,0,13493
99775,0,0,-1,0,0,0,483,0,0,8769
99776,0,0,-1,-1,-1,0,483,0,0,8770
99779,0,0,-1,-1,-1,0,483,0,0,10314
99780,0,0,0,300000,10000,1141,6251,0,0,13382
99781,0,1,0,-1,-1,0,18212,0,0,13044
99783,0,0,-1,0,1000,11,5007,0,0,13851
99784,0,0,-1,-1,-1,0,483,0,0,11223
99785,0,1,0,-1,-1,0,18201,0,0,11629
99786,0,0,-1,0,60000,24,15235,0,0,11565
99787,0,0,-1,0,1000,59,18140,0,0,13813
99788,0,1,0,-1,-1,0,14635,0,0,16133
99789,0,1,0,-1,-1,0,14550,0,0,16135
99790,0,0,3,-1,-1,0,19548,0,0,15908
99791,0,0,-1,-1,-1,0,15402,0,0,11647
99794,0,2,0,-1,-1,0,18202,0,0,13057
99796,0,2,0,-1,-1,0,15602,0,0,11817
99797,0,0,-1,-1,-1,0,17432,0,0,13306
99798,0,0,-1,-1,3000,330,55884,0,0,15290
99799,0,0,-1,-1,-1,0,19646,0,0,15869
99800,0,0,-1,-1,-1,0,19649,0,0,15870
99801,0,0,-1,-1,-1,0,19651,0,0,15871
99802,0,0,-1,-1,-1,0,20709,0,0,15872
99803,0,0,-1,0,0,0,483,0,0,9076
99805,0,0,-1,-1,-1,0,483,0,0,13287
99810,0,0,-1,-1,-1,0,17199,0,0,12973
99811,0,2,0,-1,-1,0,14106,0,0,12974
99813,0,0,-1,-1,-1,0,483,0,0,13288
99814,0,0,0,-1,-1,0,17368,0,0,13289
99815,0,1,0,-1,-1,0,29626,0,0,13040
99818,0,0,-1,-1,-1,0,483,0,0,11225
99819,0,2,0,-1,-1,0,17308,0,0,13198
99824,0,0,-1,-1,-1,0,483,0,0,13499
99826,0,1,0,-1,-1,0,18063,0,0,13714
99828,0,0,-1,-1,-1,0,483,0,0,14467
99829,0,0,-1,-1,-1,0,20321,0,0,16325
99830,0,0,-3,0,120000,1153,19199,0,0,15723
99831,0,0,-1,-1,-1,0,483,0,0,15724
99833,0,0,0,-1,-1,0,3366,0,0,12382
99834,0,2,0,-1,-1,0,18833,0,0,14555
99835,0,1,0,0,-1,0,14710,0,0,16125
99836,0,1,0,-1,-1,0,14630,0,0,16126
99837,0,1,0,-1,-1,0,14628,0,0,16127
99838,0,0,-1,-1,-1,0,483,0,0,15725
99841,0,0,-1,-1,3000,330,55884,0,0,13334
99845,0,1,0,-1,-1,0,14550,0,0,16136
99846,0,1,0,-1,-1,0,14548,0,0,16137
99847,0,1,0,-1,-1,0,14553,0,0,16138
99849,0,2,0,-1,-1,0,18211,0,0,13053
99852,0,2,0,-1,-1,0,18656,0,0,14576
99853,0,1,0,-1,-1,0,18201,0,0,11628
99854,0,0,-1,-1,-1,0,15400,0,0,11646
99855,0,1,0,0,-1,0,14548,0,0,16124
99857,0,0,-1,-1,-1,0,15119,0,0,11570
99858,0,0,-1,-1,-1,0,483,0,0,6047
99859,0,0,0,900000,30000,1141,18787,0,0,14554
99860,0,2,0,-1,-1,0,17505,0,0,13401
99861,0,0,-1,0,60000,4,17531,0,0,13444
99863,0,0,-1,0,1000,11,434,0,0,4541
99864,0,0,-1,-1,-1,0,483,0,0,4219
99865,0,0,3,60000,0,0,126,0,0,13508
99867,0,0,-1,-1,-1,0,3366,0,0,13873
99868,0,2,0,-1,-1,0,18633,0,0,14531
99869,0,0,-1,-1,-1,0,483,0,0,14499
99871,0,0,-1,-1,-1,0,483,0,0,13494
99872,0,0,-1,-1,-1,0,483,0,0,14472
99874,0,2,0,-1,-1,0,17315,0,0,13204
99875,0,0,-1,0,1000,11,18124,0,0,13810
99880,0,2,0,-1,-1,0,18381,0,0,14145
99885,0,2,0,-1,-1,0,17331,0,0,13218
99886,0,2,0,-1,-1,0,16528,0,0,12582
99888,0,0,-1,0,1000,11,1129,0,0,13889
99890,0,1,0,0,0,0,20847,0,0,14557
99891,0,0,0,-1,-1,0,18153,0,0,13892
99892,0,2,0,-1,-1,0,16927,0,0,12797
99893,0,2,0,-1,-1,0,14126,0,0,13054
99894,0,0,-1,-1,-1,0,483,0,0,12233
99898,0,0,0,-1,-1,0,3366,0,0,11140
99899,0,0,0,180000,-1,0,17468,0,0,13342
99900,0,0,0,180000,-1,0,17469,0,0,13343
99901,0,0,-1,-1,-1,0,14125,0,0,11115
99902,0,0,-1,-1,-1,0,55884,0,0,8490
99905,2,0,0,300000,0,0,18385,0,0,14152
99907,1,0,0,600000,0,0,18386,0,0,14153
99908,0,0,0,600000,60000,94,18307,0,0,14022
99909,0,0,0,600000,60000,94,18308,0,0,14023
99910,0,2,0,-1,-1,0,19755,0,0,14024
99912,0,0,-1,0,1000,11,18231,0,0,13929
99913,0,0,-1,-1,-1,0,483,0,0,13945
99916,0,0,-1,-1,3000,330,55884,0,0,13317
99917,0,2,0,-1,-1,0,17500,0,0,13393
99918,0,0,-1,0,1000,11,18229,0,0,13927
99919,0,0,-1,-1,-1,0,483,0,0,14635
99922,0,0,0,10000,-1,0,16378,0,0,12472
99924,0,0,-1,-1,-1,0,17432,0,0,13304
99925,0,0,-1,-1,-1,0,483,0,0,14469
99926,0,0,-1,-1,-1,0,483,0,0,14470
99927,0,0,-1,-1,-1,0,483,0,0,15726
99928,0,0,-1,-1,-1,0,483,0,0,15727
99933,0,0,-1,0,1000,11,5007,0,0,12214
99938,0,0,0,1800000,0,0,17448,0,0,13315
99939,0,1,0,-1,-1,0,29635,0,0,13146
99940,0,0,-1,-1,-1,0,483,0,0,14634
99942,0,0,-1,-1,-1,0,17432,0,0,13305
99943,0,0,-1,0,1000,11,18232,0,0,13932
99944,0,1,0,-1,-1,0,23930,0,0,13209
99946,0,0,-1,0,1000,150,18610,0,0,14530
99947,0,0,-1,-1,-1,0,483,0,0,14474
99948,0,0,-1,-1,-1,0,483,0,0,14476
99950,0,0,-1,-1,-1,0,483,0,0,13488
99953,0,0,-1,-1,-1,0,483,0,0,14491
99954,0,0,-1,-1,-1,0,483,0,0,14492
99955,0,0,-1,-1,-1,0,483,0,0,14493
99957,0,0,-1,-1,-1,0,483,0,0,14494
99958,0,0,-1,-1,-1,0,483,0,0,14466
99959,0,0,-1,-1,-1,0,483,0,0,11150
99960,0,0,-1,0,60000,4,17534,0,0,13446
99961,0,0,-1,0,3000,79,17535,0,0,13447
99967,0,0,-1,0,60000,24,17291,0,0,13180
99968,0,0,-1,-1,60000,24,29443,0,0,13509
99969,0,0,-1,0,3000,79,17626,0,0,13510
99970,0,0,-1,0,3000,79,17627,0,0,13511
99971,0,0,0,300000,10000,1141,17668,0,0,13515
99972,0,0,-1,-1,-1,0,483,0,0,14490
99973,0,0,-1,-1,-1,0,483,0,0,13311
99974,0,2,0,-1,-1,0,18289,0,0,13983
99975,0,1,0,-1,-1,0,18287,0,0,13985
99977,0,0,-1,-1,-1,0,483,0,0,14504
99978,0,0,-1,-1,-1,0,483,0,0,12958
99979,0,0,-1,0,60000,4,2023,0,0,3827
99980,0,0,-1,-1,-1,0,483,0,0,6349
99981,0,0,-1,-1,3000,330,55884,0,0,13323
99982,0,0,-1,-1,3000,330,55884,0,0,13324
99983,0,1,0,0,0,0,17945,0,0,13699
99984,1,1,0,0,0,0,23481,0,0,13699
99985,0,2,0,-1,-1,0,16454,0,0,12531
99987,0,1,0,-1,-1,0,18061,0,0,13712
99989,0,1,0,-1,-1,0,17350,0,0,13243
99991,0,0,-1,-1,-1,0,483,0,0,14468
99992,0,0,-1,-1,-1,0,483,0,0,13495
99993,0,0,-1,-1,-1,0,483,0,0,13496
99994,0,0,-1,-1,-1,0,483,0,0,13497
99997,0,0,-1,-1,-1,0,483,0,0,14495
99998,0,0,-1,-1,3000,330,55884,0,0,13321
99999,0,0,-1,-1,3000,330,55884,0,0,14062
100001,0,0,-1,0,3000,79,17538,0,0,13452
100002,0,0,-1,0,3000,79,17537,0,0,13453
100003,0,0,-1,-1,-1,0,483,0,0,14496
100004,0,0,-1,-1,-1,0,483,0,0,14497
100005,0,0,-1,-1,-1,0,483,0,0,13946
100006,0,0,-1,0,1000,11,1131,0,0,13935
100007,0,2,0,-1,-1,0,18278,0,0,13953
100008,0,0,0,1800000,0,0,20587,0,0,15873
100010,0,0,-1,-1,-1,0,483,0,0,16052
100011,0,0,-1,-1,-1,0,483,0,0,16054
100012,0,0,-1,-1,-1,0,483,0,0,15730
100013,0,0,-1,-1,-1,0,483,0,0,15732
100021,0,2,0,-1,-1,0,20586,0,0,15853
100022,0,1,0,900000,30000,0,14635,0,0,16141
100023,0,0,-1,-1,-1,0,19903,0,0,16084
100024,0,0,-1,-1,-1,0,19902,0,0,16085
100025,0,0,0,-1,-1,0,20529,0,0,16645
100027,1,0,0,1800000,0,0,18957,0,0,15107
100028,0,0,-1,-1,-1,0,483,0,0,15772
100031,0,0,-1,-1,-1,0,20431,0,0,16386
100032,0,0,-1,-1,-1,0,483,0,0,17023
100033,0,0,-1,-1,-1,0,19886,0,0,16072
100034,0,0,-1,-1,-1,0,483,0,0,15728
100036,0,0,-10,15000,-1,0,19512,0,0,15826
100037,0,1,0,-1,-1,0,14590,0,0,16064
100039,1,1,0,-1,-1,0,25975,0,0,16536
100040,0,0,-1,-1,-1,0,19887,0,0,16073
100041,0,1,0,900000,30000,0,14716,0,0,16159
100042,0,1,0,-1,-1,0,14548,0,0,16142
100043,0,1,0,-1,-1,0,14673,0,0,16145
100045,0,0,-1,-1,-1,0,483,0,0,15768
100046,0,0,-1,-1,-1,0,483,0,0,15769
100047,0,0,-1,0,60000,24,19784,0,0,16005
100048,0,0,-1,-1,-1,0,483,0,0,16049
100049,0,0,-1,-1,-1,0,483,0,0,16050
100050,0,0,-1,-1,-1,0,483,0,0,16051
100055,0,0,-1,-1,-1,0,20364,0,0,16333
100056,0,0,-1,-1,-1,0,20404,0,0,16376
100057,0,0,-1,-1,-1,0,20407,0,0,16379
100060,0,1,0,0,-1,0,42184,0,0,16009
100061,0,0,-1,-1,-1,0,20329,0,0,16331
100062,0,0,3,-1,-1,0,19674,0,0,15911
100064,0,0,-1,-1,-1,0,20312,0,0,16316
100068,0,0,-1,-1,-1,0,483,0,0,15774
100069,0,0,-1,-1,-1,0,483,0,0,15776
100070,0,0,-1,-1,-1,0,483,0,0,15777
100076,0,1,0,-1,-1,0,22778,0,0,16510
100077,0,0,0,-1,-1,0,20531,0,0,16655
100078,0,0,0,-1,-1,0,20531,0,0,16656
100079,0,1,0,-1,-1,0,14590,0,0,16065
100080,0,1,0,0,180000,0,14588,0,0,16067
100081,0,0,-1,-1,-1,0,20434,0,0,16389
100082,0,1,0,-1,-1,0,28539,0,0,16571
100084,0,1,0,-1,-1,0,22801,0,0,16573
100088,0,0,-1,0,1000,59,11009,0,0,17402
100089,0,0,-1,0,1000,59,11008,0,0,17403
100090,0,0,-1,0,1000,59,431,0,0,17404
100093,0,0,-1,-1,-1,0,483,0,0,16044
100094,0,0,-1,-1,-1,0,483,0,0,16045
100095,0,1,0,-1,-1,0,14712,0,0,16154
100096,0,1,0,-1,-1,0,14712,0,0,16163
100097,0,0,-1,-1,-1,0,20397,0,0,16321
100098,0,0,-1,-1,-1,0,20318,0,0,16322
100099,0,1,0,-1,-1,0,14590,0,0,16061
100100,0,0,-1,0,1000,11,1129,0,0,16168
100101,0,0,-1,0,1000,11,435,0,0,16170
100102,0,0,-1,-1,-1,0,483,0,0,17413
100105,0,2,0,-1,-1,0,18202,0,0,13399
100106,0,0,-1,-1,-1,0,483,0,0,16046
100107,0,0,-1,-1,-1,0,483,0,0,16047
100108,0,0,-1,-1,-1,0,483,0,0,16048
100109,0,1,0,-1,-1,0,14675,0,0,16161
100110,0,0,-1,-1,-1,0,483,0,0,15749
100111,0,0,-1,-1,-1,0,483,0,0,15752
100112,0,0,3,-1,-1,0,19692,0,0,15916
100113,0,0,-1,0,120000,1153,19805,0,0,16023
100114,0,0,-1,-1,-1,0,20319,0,0,16323
100116,0,0,-1,-1,-1,0,483,0,0,16251
100117,0,0,-1,-1,-1,0,20428,0,0,16383
100118,0,0,-1,-1,-1,0,20432,0,0,16387
100120,0,0,-1,0,1000,150,18608,0,0,14529
100121,0,0,-1,0,0,0,22098,0,0,17891
100122,0,0,-1,0,0,0,22099,0,0,17892
100124,0,0,-1,-1,3000,330,55884,0,0,15277
100125,0,0,-1,-1,-1,0,483,0,0,17051
100126,0,0,-1,-1,-1,0,483,0,0,17053
100133,1,1,0,-1,-1,0,25975,0,0,16444
100134,0,1,0,-1,-1,0,23049,0,0,16446
100137,0,0,-1,-1,-1,0,18887,0,0,15002
100140,0,1,0,-1,-1,0,23300,0,0,16410
100141,0,0,-1,0,1000,11,1131,0,0,16171
100142,0,0,-1,-1,-1,0,483,0,0,15748
100143,0,1,0,-1,-1,0,22683,0,0,15138
100144,0,1,0,-1,-1,0,14630,0,0,16117
100145,0,0,-1,0,0,0,22101,0,0,17894
100149,0,0,3,-1,-1,0,19694,0,0,15917
100150,0,0,-1,-1,-1,0,20323,0,0,16327
100151,0,0,-1,-1,-1,0,483,0,0,16252
100152,0,0,-1,0,0,0,22102,0,0,17895
100154,0,1,0,-1,-1,0,14633,0,0,16172
100155,0,0,-1,-1,-1,0,20324,0,0,16328
100156,0,0,-1,-1,-1,0,20327,0,0,16330
100157,0,1,0,-1,-1,0,14716,0,0,16165
100158,0,0,-1,0,1000,11,434,0,0,16167
100160,0,0,-1,0,0,0,22103,0,0,17896
100161,0,0,-1,0,0,0,22104,0,0,17897
100162,0,0,-1,0,0,0,22106,0,0,17899
100163,0,0,-1,-1,-1,0,20394,0,0,16364
100164,0,0,-1,0,1000,59,20875,0,0,17048
100165,0,0,-1,-1,-1,0,483,0,0,15733
100166,0,0,-1,-1,-1,0,483,0,0,15734
100167,0,0,-1,-1,-1,0,483,0,0,15735
100168,0,0,-10,-1,-1,0,19250,0,0,15736
100169,0,0,-1,-1,-1,0,483,0,0,15737
100174,0,0,-1,-1,-1,0,20398,0,0,16368
100176,0,0,-1,-1,-1,0,20399,0,0,16371
100177,0,0,-1,0,1000,11,434,0,0,17406
100178,0,0,-1,-1,-1,0,483,0,0,15755
100183,0,0,0,0,3000,330,16081,0,0,16344
100184,0,1,0,-1,-1,0,14552,0,0,16162
100186,0,1,0,-1,-1,0,14712,0,0,16152
100187,0,1,0,-1,-1,0,14710,0,0,16153
100188,0,1,0,-1,-1,0,14712,0,0,16155
100189,0,1,0,-1,-1,0,14712,0,0,16157
100190,0,0,-5,-1,-1,0,19690,0,0,15875
100192,0,0,-1,-1,-1,0,483,0,0,16043
100193,0,1,0,-1,-1,0,14710,0,0,16158
100194,0,0,-1,-1,-1,0,483,0,0,17025
100196,0,0,-1,-1,-1,0,20315,0,0,16319
100197,0,0,-1,-1,-1,0,483,0,0,14627
100198,0,0,0,1000,-1,0,19935,0,0,16107
100203,0,0,0,-1,-1,0,20274,0,0,15042
100204,0,0,-1,-1,3000,330,55884,0,0,15292
100205,0,0,-1,-1,3000,330,55884,0,0,15293
100206,0,0,0,1000,-1,0,19470,0,0,15766
100207,0,0,-1,0,0,0,19932,0,0,16104
100208,0,0,-1,-1,-1,0,483,0,0,15756
100209,0,1,0,-1,-1,0,14635,0,0,16140
100210,0,1,0,-1,-1,0,14550,0,0,16143
100211,0,1,0,-1,-1,0,14550,0,0,16144
100212,0,2,0,-1,-1,0,18652,0,0,14541
100217,0,0,-1,1000,-1,0,19057,0,0,15564
100229,0,0,-1,-1,-1,0,483,0,0,15753
100230,0,0,-1,-1,-1,0,483,0,0,15754
100233,0,1,0,-1,-1,0,14635,0,0,16118
100234,0,1,0,-1,-1,0,14628,0,0,16119
100235,0,1,0,-1,-1,0,14630,0,0,16122
100236,0,1,0,0,-1,0,14628,0,0,16123
100237,0,0,-1,-1,-1,0,483,0,0,15758
100238,0,0,-1,-1,-1,0,483,0,0,15759
100239,0,0,-1,-1,-1,0,483,0,0,15760
100240,0,0,-1,-1,-1,0,483,0,0,15761
100245,0,1,0,-1,-1,0,14673,0,0,16148
100246,0,0,-1,-1,-1,0,18987,0,0,15209
100247,0,0,0,300000,60000,94,19804,0,0,16022
100248,0,0,-1,-1,-1,0,483,0,0,16056
100256,0,0,-1,-1,-1,0,483,0,0,15745
100257,0,0,-1,-1,-1,0,483,0,0,15746
100265,0,2,0,-1,-1,0,16406,0,0,15814
100266,0,0,-1,-1,-1,0,483,0,0,16112
100268,0,0,-1,-1,-1,0,11008,0,0,3703
100269,0,0,-1,60000,-1,0,16321,0,0,12459
100270,0,0,-1,0,1000,0,19069,0,0,15688
100271,0,0,-1,-1,-1,0,19565,0,0,15842
100275,0,0,-1,-1,-1,0,20326,0,0,16329
100276,0,0,0,5000,-1,0,19938,0,0,16114
100278,0,0,-1,0,60000,4,7242,0,0,6048
100279,0,1,0,-1,-1,0,14565,0,0,11906
100280,0,0,-1,0,60000,24,19769,0,0,15993
100281,0,0,-1,-1,-1,0,483,0,0,15744
100286,0,0,-1,-1,-1,0,19720,0,0,15883
100287,0,1,0,-1,-1,0,14628,0,0,16116
100288,0,0,-1,-1,-1,0,483,0,0,12232
100293,0,0,-1,-1,-1,0,483,0,0,16110
100294,0,0,-1,-1,-1,0,483,0,0,16111
100295,0,1,0,-1,-1,0,14673,0,0,16149
100296,0,1,0,-1,-1,0,14712,0,0,16151
100299,0,0,-1,-1,-1,0,18952,0,0,16308
100300,0,1,0,-1,-1,0,14590,0,0,16063
100305,0,2,0,-1,-1,0,17152,0,0,647
100306,0,2,0,-1,-1,0,19874,0,0,15418
100312,1,0,0,1800000,0,0,18957,0,0,15108
100313,0,0,-1,-1,-1,0,19029,0,0,15454
100316,0,0,3,-1,-1,0,19696,0,0,15919
100317,0,0,3,-1,-1,0,19697,0,0,15920
100318,0,0,3,-1,-1,0,19693,0,0,15921
100319,0,0,3,-1,-1,0,19700,0,0,15923
100320,0,0,-1,-1,-1,0,483,0,0,15740
100321,0,0,-1,-1,-1,0,483,0,0,15741
100322,0,0,-1,0,1000,11,1127,0,0,16169
100323,0,1,0,-1,-1,0,14635,0,0,16128
100324,0,0,0,1800000,0,0,19634,0,0,15866
100325,0,0,-1,-1,-1,0,483,0,0,4204
100326,0,0,-1,-1,-1,0,483,0,0,4205
100327,0,0,-1,-1,-1,0,483,0,0,15773
100328,0,0,0,1000,-1,0,19933,0,0,16105
100329,0,0,-1,0,0,0,22095,0,0,17888
100330,0,0,-1,0,0,0,22097,0,0,17890
100333,0,0,-1,0,1800000,951,21355,0,0,17324
100334,0,0,-1,0,1800000,951,21370,0,0,17325
100335,0,0,-1,-1,-1,0,483,0,0,9029
100336,0,0,-1,0,60000,4,11359,0,0,9030
100337,0,0,0,-1,-1,0,21885,0,0,17696
100341,0,1,0,-1,-1,0,22588,0,0,18163
100343,0,0,-1,0,1000,11,1129,0,0,16766
100350,0,2,0,-1,-1,0,18276,0,0,14487
100351,0,0,0,-1,-1,0,21848,0,0,17712
100354,0,1,0,-1,-1,0,23037,0,0,16487
100356,0,0,-1,-1,-1,0,483,0,0,17022
100358,0,2,0,-1,-1,0,16928,0,0,12798
100364,0,1,0,-1,-1,0,23049,0,0,16558
100365,0,0,0,30000,-1,0,21332,0,0,17310
100368,0,0,-1,0,3000,79,17628,0,0,13512
100369,0,0,-1,-1,-1,0,483,0,0,18514
100370,0,0,-1,-1,-1,0,483,0,0,18515
100372,0,1,0,-1,-1,0,23300,0,0,16471
100379,0,0,-1,-1,-1,0,483,0,0,18416
100380,0,0,-1,-1,-1,0,20388,0,0,16358
100381,0,0,-1,-1,-1,0,20389,0,0,16359
100382,0,2,0,-1,-1,0,16407,0,0,17704
100384,0,0,3,-1,-1,0,19687,0,0,15913
100394,0,0,-1,-1,-1,0,20763,0,0,16893
100395,0,0,-1,0,1000,11,5004,0,0,17199
100396,0,0,-1,-1,-1,0,20390,0,0,16360
100397,0,2,0,-1,-1,0,21919,0,0,17705
100398,0,0,-1,-1,-1,0,20380,0,0,16350
100399,0,0,-1,-1,-1,0,20381,0,0,16351
100400,0,0,-1,-1,3000,330,55884,0,0,18243
100401,0,0,-1,-1,-1,0,483,0,0,12700
100407,0,0,-1,0,0,0,22092,0,0,17885
100419,0,0,-1,1000,1000,1197,21343,0,0,17202
100420,0,0,-1,-1,-1,0,483,0,0,16217
100421,0,0,-1,-1,-1,0,483,0,0,16249
100423,0,1,0,-1,-1,0,22590,0,0,18165
100426,0,0,-1,-1,-1,0,483,0,0,17725
100429,0,1,0,-1,-1,0,17816,0,0,10036
100430,0,0,-1,0,1800000,951,21371,0,0,17323
100436,0,0,-1,0,1000,11,1127,0,0,13755
100437,0,0,-1,-1,-1,0,22736,0,0,18258
100439,0,1,0,-1,-1,0,14630,0,0,16131
100440,0,0,0,-1,-1,0,11438,0,0,9253
100442,0,0,-1,-1,-1,0,20379,0,0,16349
100443,0,2,0,-1,-1,0,21153,0,0,17076
100447,0,0,-1,-1,-1,0,483,0,0,18290
100448,0,0,-1,-1,-1,0,483,0,0,18291
100449,0,0,-1,-1,-1,0,483,0,0,18292
100450,0,0,-1,-1,-1,0,483,0,0,15729
100451,0,0,-1,-1,-1,0,483,0,0,15747
100452,0,0,0,-1,-1,0,20530,0,0,16650
100456,0,0,-1,0,120000,1153,18832,0,0,14894
100458,0,0,-3,0,60000,24,17639,0,0,13514
100459,0,0,-1,-1,3000,330,55884,0,0,18248
100460,0,0,-1,0,3000,79,21920,0,0,17708
100463,1,1,0,-1,-1,0,22801,0,0,16518
100464,0,0,-1,-1,-1,0,483,0,0,18415
100465,0,0,-1,-1,-1,0,20762,0,0,16892
100469,0,0,-1,0,1000,59,11007,0,0,17196
100470,0,0,-1,0,1000,11,5004,0,0,17197
100471,1,0,-1,0,120000,1153,23471,0,0,19007
100474,0,0,0,300000,0,0,21954,0,0,17744
100475,0,1,0,-1,-1,0,21991,0,0,17782
100477,0,0,-1,0,120000,1153,21955,0,0,17747
100478,0,0,-1,-1,-1,0,22846,0,0,18331
100484,0,0,-1,-1,-1,0,483,0,0,14473
100488,0,0,-1,0,0,0,22090,0,0,17883
100489,0,0,-1,-1,-1,0,483,0,0,17060
100495,0,0,-1,-1,-1,0,20377,0,0,16347
100497,0,0,0,1000,-1,0,19931,0,0,16103
100498,0,0,-1,-1,-1,0,20429,0,0,16384
100500,0,1,0,0,0,0,21969,0,0,17774
100501,0,0,-1,-1,-1,0,483,0,0,18259
100502,0,0,-1,-1,-1,0,21866,0,0,17689
100503,1,0,-1,0,120000,1153,23468,0,0,19004
100504,0,0,-1,-1,-1,0,483,0,0,12682
100505,0,0,-1,-1,-1,0,483,0,0,12699
100508,0,0,-1,-1,-1,0,483,0,0,14500
100509,0,0,-1,-1,-1,0,20378,0,0,16348
100510,0,0,-1,-1,-1,0,483,0,0,15739
100512,0,1,0,30000,-1,0,21978,0,0,17780
100515,1,0,-1,0,120000,1153,23469,0,0,19005
100516,1,0,-1,0,120000,1153,23470,0,0,19006
100522,0,0,-1,0,1000,59,22789,0,0,18269
100523,0,0,0,-1,-1,0,11434,0,0,9239
100524,0,0,-1,0,60000,4,17548,0,0,13459
100529,0,0,-1,-1,-1,0,0,0,0,17729
100530,0,0,0,0,-1,0,21950,0,0,17731
100533,0,0,-1,-1,-1,0,17045,0,0,12368
100534,0,0,-1,-1,-1,0,16781,0,0,12722
100536,0,0,-1,-1,-1,0,483,0,0,12819
100537,0,0,0,1500,-1,0,22567,0,0,18157
100538,0,0,0,1500,-1,0,22567,0,0,18158
100539,0,0,0,-1,-1,0,21050,0,0,17117
100540,0,0,-1,-1,-1,0,483,0,0,18414
100541,0,1,0,-1,-1,0,22586,0,0,18161
100542,0,1,0,-1,-1,0,22587,0,0,18162
100543,0,0,-1,-1,-1,0,15439,0,0,11666
100547,0,0,0,-1,-1,0,19937,0,0,16787
100551,0,0,-1,-1,-1,0,483,0,0,13480
100552,0,0,-1,-1,-1,0,483,0,0,13519
100555,2,0,0,120000,120000,1091,22564,0,0,17902
100556,0,0,-1,-1,-1,0,22599,0,0,18182
100560,0,0,-1,0,1000,11,434,0,0,17119
100561,0,1,0,-1,-1,0,14673,0,0,16150
100562,0,0,-1,0,1000,11,433,0,0,16166
100563,0,1,0,-1,-1,0,14712,0,0,16164
100564,0,0,-1,-1,-1,0,20317,0,0,16346
100565,0,0,0,-1,-1,0,20529,0,0,16646
100566,0,0,0,1500,-1,0,22567,0,0,18156
100567,0,0,-1,-1,-1,0,483,0,0,17062
100570,0,0,-1,-1,-1,0,483,0,0,7290
100571,0,0,0,-1,-1,0,21957,0,0,17764
100572,0,2,0,-1,-1,0,21961,0,0,17766
100575,0,0,-1,-1,-1,0,483,0,0,16665
100584,1,1,0,-1,-1,0,23037,0,0,16440
100590,0,2,0,0,-1,0,16908,0,0,12781
100591,0,0,-1,-1,-1,0,483,0,0,14471
100592,0,0,-1,-1,-1,0,483,0,0,14486
100594,0,0,-1,0,0,0,22091,0,0,17884
100599,0,0,-1,-1,-1,0,483,0,0,15775
100600,0,0,-1,0,600000,1193,22700,0,0,18232
100601,0,0,-1,-1,-1,0,483,0,0,15738
100604,0,0,-1,-1,-1,0,16989,0,0,12807
100605,0,0,-1,-1,-1,0,483,0,0,12818
100606,0,1,0,-1,-1,0,23046,0,0,17584
100608,0,0,-1,-1,-1,0,483,0,0,8936
100609,0,0,-1,-1,-1,0,483,0,0,8937
100615,0,0,-1,-1,-1,0,483,0,0,15771
100616,0,0,-1,-1,-1,0,483,0,0,18235
100618,0,0,-1,0,3000,79,17629,0,0,13513
100619,0,0,-1,0,120000,4,2023,0,0,17350
100620,0,0,-1,0,60000,4,21396,0,0,17352
100621,0,0,-1,0,0,0,22094,0,0,17887
100622,0,2,0,-1,-1,0,22863,0,0,18410
100624,0,0,-1,-1,-1,0,483,0,0,16242
100625,0,0,-1,-1,-1,0,483,0,0,16244
100626,0,0,-1,-1,-1,0,20408,0,0,16380
100632,0,0,-1,-1,-1,0,20393,0,0,16363
100633,0,0,0,-1,-1,0,20529,0,0,16648
100634,0,0,0,-1,-1,0,20530,0,0,16649
100635,0,0,0,-1,-1,0,20530,0,0,16651
100638,0,0,-1,-1,3000,330,55884,0,0,16339
100644,0,0,-1,-1,-1,0,20270,0,0,16302
100645,0,0,-1,-1,-1,0,19890,0,0,16082
100648,0,0,-1,0,1000,59,1133,0,0,17405
100650,0,0,-1,60000,60000,0,17038,0,0,12820
100654,0,0,-1,-1,-1,0,483,0,0,16055
100655,0,0,0,-1,-1,0,20530,0,0,16652
100661,0,0,-1,-1,-1,0,483,0,0,15757
100662,0,0,-1,-1,-1,0,483,0,0,15770
100663,0,1,0,-1,-1,0,22778,0,0,16406
100666,0,0,-1,0,1000,11,10256,0,0,16971
100667,0,0,0,120000,-1,0,20737,0,0,16972
100668,0,1,0,-1,-1,0,14590,0,0,16066
100669,0,0,-1,-1,-1,0,19889,0,0,16083
100670,0,0,0,1000,-1,0,19934,0,0,16106
100680,0,0,-1,-1,-1,0,20382,0,0,16352
100681,0,0,-1,-1,-1,0,20385,0,0,16355
100682,0,1,0,-1,-1,0,23037,0,0,16391
100684,0,1,0,-1,-1,0,23049,0,0,16392
100685,0,0,-1,-1,-1,0,20383,0,0,16353
100686,0,0,-1,-1,-1,0,483,0,0,16255
100689,0,0,-1,0,3600000,103,10667,0,0,8410
100691,0,1,0,-1,-1,0,23217,0,0,16448
100696,0,0,-1,-1,-1,0,20430,0,0,16385
100697,0,2,0,-1,-1,0,21151,0,0,17071
100698,0,0,-1,-1,-1,0,17161,0,0,12922
100701,0,2,0,0,-1,0,21951,0,0,17733
100706,0,0,-1,-1,-1,0,20386,0,0,16356
100707,0,1,0,-1,-1,0,23217,0,0,16496
100708,0,1,0,-1,-1,0,23049,0,0,16498
100710,0,0,-1,-1,-1,0,483,0,0,16041
100711,0,0,-1,-1,-1,0,483,0,0,16042
100715,0,0,-1,-1,-1,0,483,0,0,16214
100724,0,1,0,-1,-1,0,23046,0,0,17577
100726,0,0,-1,-1,-1,0,483,0,0,17200
100727,0,0,-1,-1,-1,0,483,0,0,17201
100729,1,0,0,120000,120000,1091,22564,0,0,17900
100730,0,1,0,-1,-1,0,43588,0,0,16907
100732,0,1,0,-1,-1,0,23043,0,0,17596
100737,0,0,-1,-1,-1,0,20401,0,0,16373
100738,0,0,-1,-1,-1,0,20403,0,0,16375
100742,0,0,-1,-1,-1,0,483,0,0,17017
100743,0,0,-1,-1,-1,0,483,0,0,17018
100744,0,0,-1,-1,-1,0,483,0,0,16253
100745,0,0,-1,-1,-1,0,483,0,0,16254
100746,0,0,-1,-1,-1,0,20433,0,0,16388
100747,0,0,-1,-1,-1,0,20405,0,0,16377
100748,0,0,-1,-1,-1,0,20814,0,0,16974
100750,0,1,0,-1,-1,0,15438,0,0,17066
100753,0,0,-1,-1,-1,0,483,0,0,17052
100758,0,1,0,-1,-1,0,14677,0,0,16146
100759,0,1,0,-1,-1,0,14673,0,0,16147
100760,0,0,0,1000,-1,0,19930,0,0,16102
100761,0,0,-1,-1,-1,0,483,0,0,16053
100764,0,0,-1,-1,-1,0,20427,0,0,16382
100765,0,0,0,0,2700000,951,21544,0,0,17384
100766,0,0,-1,-1,500,1952,20040,0,0,16203
100772,0,2,0,-1,-1,0,17511,0,0,17002
100778,0,2,0,-1,-1,0,18205,0,0,17752
100780,0,0,-1,-1,-1,0,483,0,0,16223
100781,0,0,-1,-1,-1,0,483,0,0,16224
100782,0,0,-1,-1,-1,0,483,0,0,16243
100788,0,0,0,300000,0,0,21956,0,0,17759
100789,1,1,0,-1,-1,0,0,0,0,17759
100790,0,0,-1,-1,-1,0,483,0,0,16767
100791,0,0,0,1200000,0,0,20631,0,0,16768
100792,0,0,0,1000,-1,0,19936,0,0,16108
100793,0,0,-1,-1,-1,0,20400,0,0,16372
100794,0,2,0,-1,-1,0,21152,0,0,17073
100797,0,2,0,-1,-1,0,21170,0,0,17074
100798,1,0,0,-1,60000,1150,21180,0,0,17074
100800,0,0,-1,-1,3000,330,55884,0,0,16338
100803,0,0,-1,-1,-1,0,483,0,0,17049
100804,0,0,-1,-1,-1,0,483,0,0,17059
100805,0,1,0,-1,-1,0,14635,0,0,16121
100806,0,0,-1,0,60000,24,19821,0,0,16040
100807,0,1,0,0,0,0,21991,0,0,17783
100808,0,0,-1,-1,-1,0,483,0,0,12718
100809,0,0,-1,-1,-1,0,483,0,0,12839
100810,0,0,-1,-1,-1,0,483,0,0,13309
100811,0,0,-1,-1,-1,0,20320,0,0,16324
100812,0,0,0,900000,60000,94,17490,0,0,17067
100813,0,0,-1,-1,-1,0,483,0,0,15731
100814,0,0,-1,-1,-1,0,20313,0,0,16317
100815,0,0,-1,-1,-1,0,20316,0,0,16320
100816,0,0,-20,-1,-1,0,20804,0,0,16991
100822,0,1,0,-1,-1,0,23157,0,0,16530
100825,0,2,0,-1,-1,0,1269121,0,0,17112
100826,0,0,0,1000,-1,0,19929,0,0,16086
100829,2,0,0,120000,120000,1091,22564,0,0,17901
100839,0,0,-1,0,1800000,951,21537,0,0,17362
100840,0,0,-1,-1,-1,0,483,0,0,15781
100850,0,1,0,-1,-1,0,23037,0,0,16540
100856,0,0,-1,0,1800000,951,21728,0,0,17505
100857,0,0,-1,0,1800000,951,21730,0,0,17506
100858,0,0,-1,0,1800000,951,21729,0,0,17507
100859,0,1,0,-1,-1,0,19380,0,0,15782
100860,0,1,0,-1,-1,0,19380,0,0,15783
100864,0,0,-1,-1,-1,0,483,0,0,16245
100865,0,0,-1,-1,-1,0,483,0,0,16246
100867,0,2,0,-1,-1,0,17315,0,0,13286
100868,0,0,-1,0,0,0,22051,0,0,17827
100869,0,0,0,-1,-1,0,21160,0,0,17204
100870,0,2,0,-1,-1,0,21179,0,0,17223
100871,1,0,0,-1,60000,1150,21181,0,0,17223
100872,0,0,0,-1,-1,0,21171,0,0,17224
100873,0,0,-1,-1,-1,0,483,0,0,14526
100874,0,0,-1,-1,-1,0,20406,0,0,16378
100880,0,0,-1,-1,500,1952,20039,0,0,16202
100881,0,0,-1,-1,-1,0,483,0,0,16247
100882,0,0,-1,-1,-1,0,21248,0,0,17242
100885,0,0,-1,-1,-1,0,483,0,0,14513
100890,1,1,0,-1,-1,0,23043,0,0,17608
100891,0,0,-1,-1,-1,0,483,0,0,17414
100893,0,1,0,-1,-1,0,23043,0,0,17617
100898,0,0,-1,-1,-1,0,483,0,0,9012
100902,0,0,-1,0,1000,11,1127,0,0,17407
100903,0,0,-1,0,1000,11,1129,0,0,17408
100904,0,0,-3,600000,60000,24,19363,0,0,15778
100905,0,0,-1,-1,-1,0,483,0,0,15779
100909,0,0,-1,-1,-1,0,483,0,0,17709
100910,0,0,-1,0,1000,11,18234,0,0,13934
100915,0,1,0,-1,-1,0,19691,0,0,16658
100917,0,0,0,0,0,791,19566,0,0,15846
100918,0,0,0,30000,-1,0,19588,0,0,15848
100919,0,0,-1,-1,-1,0,20426,0,0,16381
100920,0,0,-1,-1,-1,0,20392,0,0,16362
100925,0,0,0,-1,-1,0,10059,0,0,12585
100926,0,0,0,900000,120000,1153,23539,0,0,19045
100927,0,0,-1,-1,-1,0,483,0,0,8995
100935,0,0,-1,-1,-1,0,483,0,0,17706
100936,0,2,0,-1,-1,0,23267,0,0,18816
100937,0,0,0,90000,15000,1141,23271,0,0,18820
100941,0,0,-1,-1,-1,0,0,0,0,18489
100943,0,0,0,-1,3000,330,17481,0,0,18063
100949,0,1,0,-1,-1,0,23434,0,0,18970
100951,0,0,-1,0,60000,4,17530,0,0,18841
100959,0,0,-1,60000,0,150,23786,0,0,19440
100960,0,0,0,600000,120000,1153,23034,0,0,18606
100963,0,0,0,300000,300000,1182,42292,0,0,18849
100966,0,0,0,-1,-1,0,23180,0,0,18688
100971,0,1,0,-1,-1,0,23435,0,0,18971
100977,0,0,-1,-1,-1,0,60373,0,0,19274
100980,0,0,0,0,86400000,991,21935,0,0,17716
100982,0,1,0,-1,-1,0,7826,0,0,19022
100983,0,0,-1,1000,-1,0,11544,0,0,19026
100986,0,0,-1,-1,-1,0,17015,0,0,12814
100989,0,1,0,-1,-1,0,22618,0,0,18168
100990,1,1,0,-1,-1,0,22620,0,0,18168
100992,1,0,-1,0,120000,1153,23475,0,0,19011
100993,0,0,-1,-1,-1,0,483,0,0,18516
100997,0,1,0,-1,-1,0,14714,0,0,16160
100999,0,0,0,900000,120000,1153,23538,0,0,19046
101001,0,0,-1,-1,-1,0,483,0,0,19445
101002,0,0,0,-1,-1,0,23192,0,0,18707
101005,0,1,0,-1,-1,0,29637,0,0,17753
101006,0,1,0,-1,-1,0,23046,0,0,17588
101008,1,0,-1,0,120000,1153,23472,0,0,19008
101009,0,0,-1,-1,-1,0,483,0,0,19446
101010,0,0,-1,-1,-1,0,483,0,0,19447
101011,0,0,-1,-1,-1,0,483,0,0,19449
101016,0,2,0,-1,-1,0,18138,0,0,17068
101019,2,0,0,120000,120000,1091,22563,0,0,17907
101020,0,0,-1,-1,-1,0,19719,0,0,15877
101021,0,0,0,300000,300000,1182,42292,0,0,18858
101022,0,2,0,-1,-1,0,21992,0,0,17802
101025,0,0,-1,-1,-1,0,22594,0,0,18170
101026,0,0,-1,-1,-1,0,22597,0,0,18172
101028,0,0,0,300000,300000,1182,42292,0,0,18862
101031,0,0,-1,-1,-1,0,483,0,0,19027
101032,0,0,-1,-1,-1,0,19564,0,0,15844
101033,0,0,-1,-1,-1,0,483,0,0,19216
101036,0,0,-1,0,1000,11,10256,0,0,17222
101039,0,0,-1,-1,-1,0,483,0,0,12228
101041,0,0,-1,-1,-1,0,483,0,0,18517
101042,0,0,-1,-1,-1,0,483,0,0,18519
101043,0,0,0,-1,-1,0,20513,0,0,16603
101044,0,0,-1,-1,-1,0,483,0,0,17683
101045,0,0,-1,-1,-1,0,20387,0,0,16357
101048,0,0,-1,-1,3000,330,55884,0,0,18242
101049,0,0,-1,-1,-1,0,483,0,0,4151
101050,0,0,-1,0,0,0,483,0,0,1058
101052,0,0,-1,0,60000,24,23063,0,0,18641
101053,0,0,-1,-1,-1,0,483,0,0,18252
101054,0,0,-1,0,60000,4,22729,0,0,18253
101055,0,0,-1,0,1000,11,22731,0,0,18254
101056,0,0,-1,-1,3000,330,55884,0,0,18245
101057,0,0,-1,-1,3000,330,55884,0,0,18247
101059,0,0,-20,-1,-1,0,22563,0,0,18149
101060,0,0,-1,-1,-1,0,55884,0,0,19450
101063,0,0,-1,-1,-1,0,483,0,0,18418
101065,0,0,-1,-1,-1,0,483,0,0,19217
101066,0,0,-1,-1,-1,0,483,0,0,19218
101067,0,0,-1,-1,-1,0,483,0,0,19219
101068,0,0,-1,0,1000,59,11629,0,0,19221
101069,0,0,-1,0,1000,11,1127,0,0,19224
101070,0,0,-1,0,1000,11,1131,0,0,19225
101071,0,0,-1,-1,-1,0,483,0,0,18257
101072,0,2,0,-1,-1,0,23604,0,0,19166
101076,0,0,0,300000,300000,1182,42292,0,0,18864
101077,0,0,0,-1,-1,0,21957,0,0,17762
101078,0,0,-1,-1,-1,0,22596,0,0,18173
101079,0,2,0,-1,-1,0,1268946,0,0,18202
101080,0,2,0,-1,-1,0,22640,0,0,18203
101082,0,0,-1,0,60000,4,4042,0,0,18839
101084,0,0,0,-1,-1,0,23152,0,0,18670
101087,0,0,-1,-1,-1,0,22593,0,0,18169
101090,0,0,-1,-1,3000,330,55884,0,0,18244
101091,0,2,0,-1,-1,0,21992,0,0,19019
101093,0,0,-1,0,1000,11,10256,0,0,18045
101097,0,0,-1,1000,-1,0,23065,0,0,18640
101098,0,0,-1,-1,-1,0,23179,0,0,18685
101100,0,0,-1,0,1000,11,1129,0,0,18635
101101,1,0,-1,0,120000,1153,23476,0,0,19012
101102,1,0,-1,0,120000,1153,23477,0,0,19013
101103,0,0,-1,0,1000,11,23541,0,0,19061
101104,0,1,0,-1,-1,0,18098,0,0,18758
101109,0,0,-1,-1,-1,0,23054,0,0,18626
101110,0,0,0,-1,-1,0,23232,0,0,18782
101111,0,0,-1,0,60000,4,17549,0,0,13461
101112,0,0,0,-1,-1,0,21957,0,0,17761
101113,0,0,0,300000,0,0,23132,0,0,18639
101116,0,1,0,-1,-1,0,23043,0,0,17620
101121,0,0,-1,-1,-1,0,23254,0,0,18749
101123,0,0,-1,0,1000,150,23569,0,0,19068
101124,0,1,0,-1,-1,0,23046,0,0,17564
101125,0,0,-1,1000,-1,0,22725,0,0,18251
101126,0,0,-1,0,0,0,23141,0,0,18666
101133,0,1,0,-1,-1,0,22849,0,0,18346
101138,0,0,0,-1,-1,0,23233,0,0,18783
101142,0,0,-1,-1,-1,0,483,0,0,16113
101143,0,0,-1,-1,-1,0,483,0,0,18600
101144,0,0,-1,-1,-1,0,483,0,0,17724
101148,0,0,-1,-1,3000,330,55884,0,0,18778
101149,0,0,-1,0,1000,11,1129,0,0,18255
101150,0,1,0,-1,-1,0,15693,0,0,18472
101155,0,2,0,-1,-1,0,10351,0,0,8223
101159,0,0,-1,-1,-1,0,23679,0,0,19268
101161,0,0,-1,-1,3000,330,55884,0,0,18791
101162,0,0,-1,-1,3000,330,55884,0,0,18797
101167,0,0,-1,-1,-1,0,483,0,0,18160
101171,0,0,0,300000,-1,0,23724,0,0,19340
101173,0,1,0,-1,-1,0,43588,0,0,18722
101174,0,0,0,30000,-1,0,23208,0,0,18752
101178,0,0,-1,0,1000,11,21149,0,0,17198
101184,0,0,-1,-1,-1,0,483,0,0,18661
101188,0,0,-1,0,0,0,22052,0,0,17828
101189,0,1,0,-1,-1,0,22854,0,0,18355
101194,2,0,0,0,1000,1091,22563,0,0,17909
101195,0,1,0,-1,-1,0,22589,0,0,18164
101197,0,0,-1,0,1000,59,22734,0,0,18300
101199,0,0,0,1500,-1,0,22567,0,0,18159
101200,0,0,-1,0,0,0,22089,0,0,17882
101201,0,1,0,-1,-1,0,42184,0,0,18345
101202,0,0,-1,0,0,0,23143,0,0,18668
101213,0,1,0,-1,-1,0,23217,0,0,16555
101216,0,0,-1,0,60000,4,21395,0,0,17351
101218,0,2,0,-1,-1,0,21140,0,0,17075
101219,0,1,0,-1,-1,0,22836,0,0,18310
101221,0,0,-1,-1,-1,0,483,0,0,17412
101226,2,0,0,120000,120000,1091,22564,0,0,17903
101227,0,0,-1,0,1000,59,11009,0,0,18288
101228,0,0,-1,-1,-1,0,483,0,0,18650
101229,0,0,-1,1000,-1,0,23135,0,0,18662
101235,0,0,-1,-1,-1,0,22779,0,0,18283
101238,0,0,-1,-1,-1,0,21884,0,0,17693
101241,0,0,-1,-1,3000,330,55884,0,0,18766
101242,0,2,0,-1,-1,0,18276,0,0,13984
101243,0,0,-10,300000,120000,1153,23064,0,0,18637
101244,0,0,0,300000,0,0,23097,0,0,18638
101246,0,0,-1,-1,-1,0,483,0,0,18654
101251,0,0,0,180000,-1,0,23595,0,0,19141
101255,0,0,3,-1,-1,0,19699,0,0,15922
101256,0,0,-1,-1,-1,0,20322,0,0,16326
101257,0,0,-1,-1,-1,0,483,0,0,15764
101258,0,0,-1,-1,3000,330,55884,0,0,18777
101259,0,0,-1,-1,-1,0,483,0,0,17682
101260,0,1,0,-1,-1,0,1269119,0,0,17111
101265,0,0,0,-1,-1,0,21960,0,0,17757
101266,0,0,-1,-1,-1,0,483,0,0,12832
101267,0,0,-1,-1,3000,330,55884,0,0,18774
101270,0,0,-1,0,0,0,22100,0,0,17893
101272,1,0,0,120000,120000,1091,22563,0,0,17905
101275,2,0,0,120000,120000,1091,22563,0,0,17906
101276,0,0,0,-1,-1,0,23231,0,0,18779
101277,0,0,0,-1,-1,0,23231,0,0,18780
101278,0,2,0,0,-1,0,21951,0,0,17943
101279,0,0,-1,-1,-1,0,483,0,0,18592
101286,0,1,0,-1,-1,0,23217,0,0,16397
101288,0,2,0,-1,-1,0,22850,0,0,18348
101289,0,1,0,-1,-1,0,14630,0,0,16120
101291,0,0,0,-1,-1,0,12686,0,0,17122
101296,0,0,-1,-1,-1,0,483,0,0,13478
101299,0,0,-1,-1,-1,0,483,0,0,13500
101300,0,0,-1,0,60000,4,17530,0,0,13443
101301,0,0,-1,-1,3000,330,55884,0,0,13328
101302,0,0,-1,1000,-1,0,22756,0,0,18262
101304,0,0,-1,-1,-1,0,483,0,0,18264
101305,0,0,-1,-1,-1,0,483,0,0,18417
101306,0,0,-1,-1,-1,0,55884,0,0,15996
101308,0,1,0,-1,-1,0,23157,0,0,16403
101311,0,0,0,-1,-1,0,3366,0,0,18249
101313,0,0,-1,-1,-1,0,21288,0,0,17262
101317,0,0,-1,0,0,0,22053,0,0,17829
101318,0,0,-1,0,0,0,22054,0,0,17830
101321,0,0,-1,0,1000,59,11008,0,0,18287
101322,0,0,-1,-1,-1,0,22840,0,0,18329
101323,0,0,-1,-1,-1,0,22844,0,0,18330
101330,0,0,0,-1,-1,0,21425,0,0,17364
101332,0,0,-1,0,0,0,23142,0,0,18667
101333,0,1,0,-1,-1,0,23266,0,0,18815
101335,2,1,0,-1,-1,0,14097,0,0,18715
101337,0,0,-1,-1,3000,330,55884,0,0,18776
101338,0,0,-1,-1,-1,0,3366,0,0,18266
101339,0,0,-1,-1,-1,0,483,0,0,18267
101340,0,2,0,-1,-1,0,18796,0,0,870
101341,0,0,-1,-1,3000,330,55884,0,0,16343
101342,0,0,0,-1,-1,0,23853,0,0,17162
101343,1,2,0,-1,-1,0,21162,0,0,17182
101344,2,1,0,-1,-1,0,21142,0,0,17182
101346,1,0,-1,0,120000,1153,23473,0,0,19009
101347,1,0,-1,0,120000,1153,23474,0,0,19010
101348,0,0,-1,-1,-1,0,20765,0,0,16896
101352,0,0,-1,-1,-1,0,483,0,0,18649
101355,0,0,0,1500,-1,0,23012,0,0,18597
101356,0,0,0,1500,-1,0,23013,0,0,18598
101363,0,2,0,-1,-1,0,21952,0,0,17738
101369,0,0,-1,-1,-1,0,483,0,0,7452
101370,0,0,-1,-1,-1,1071,23851,0,0,19462
101376,0,0,-1,-1,-1,0,21794,0,0,17626
101377,0,0,-1,-1,-1,0,21358,0,0,17333
101378,0,0,-1,0,1000,11,433,0,0,17344
101380,0,1,0,-1,-1,0,22778,0,0,16484
101384,0,0,-1,-1,-1,0,483,0,0,15751
101387,0,0,-1,-1,-1,0,483,0,0,17722
101390,2,0,0,0,1000,1091,22564,0,0,17904
101393,0,0,-1,0,1000,59,22790,0,0,18284
101394,0,0,-1,-1,3000,330,55884,0,0,18767
101397,0,0,-1,-1,-1,0,55884,0,0,19054
101402,0,1,0,-1,-1,0,28539,0,0,16463
101404,0,0,-20,-1,-1,0,22564,0,0,18150
101406,0,0,-1,-1,-1,0,20764,0,0,16895
101407,0,0,-1,-1,-1,0,483,0,0,16215
101408,0,0,-1,-1,-1,0,483,0,0,16216
101409,0,0,-1,-1,3000,330,55884,0,0,18768
101410,0,0,-1,-1,3000,330,55884,0,0,18772
101414,0,0,-1,0,-1,0,8679,0,0,6947
101416,0,0,-1,0,60000,24,23000,0,0,18588
101417,0,0,0,-1,-1,0,23015,0,0,18601
101419,0,0,-1,-1,3000,330,55884,0,0,18785
101420,0,0,-1,-1,-1,0,22562,0,0,18152
101421,0,0,0,1500,-1,0,22567,0,0,18153
101425,0,0,-1,0,60000,4,21393,0,0,17348
101426,0,0,-1,0,1800000,951,21538,0,0,17363
101427,0,0,0,0,2700000,951,21565,0,0,17410
101431,0,0,-1,900000,-1,0,22792,0,0,18297
101435,0,0,-1,0,0,0,30229,0,0,18599
101437,0,0,-1,-1,3000,330,55884,0,0,18787
101438,0,0,-1,-1,3000,330,55884,0,0,18788
101439,0,0,0,-1,-1,0,20531,0,0,16654
101440,0,0,-1,-1,-1,0,20435,0,0,16390
101446,0,0,-1,-1,-1,0,22598,0,0,18171
101450,2,0,0,120000,120000,1091,22563,0,0,17908
101451,0,1,0,-1,-1,0,23101,0,0,18646
101452,0,0,0,30000,-1,0,23359,0,0,18904
101453,0,0,0,0,1800000,1160,23041,0,0,18608
101459,0,2,0,-1,-1,0,17352,0,0,13246
101462,0,1,0,-1,-1,0,21185,0,0,17104
101469,0,0,-1,-1,-1,0,483,0,0,18265
101470,0,0,-1,-1,-1,0,483,0,0,14639
101474,0,0,-1,-1,-1,0,483,0,0,18046
101475,0,0,0,-1,-1,0,21391,0,0,17347
101476,0,0,-1,0,60000,4,21394,0,0,17349
101477,0,0,0,180000,0,0,22891,0,0,18438
101478,0,0,0,1500,-1,0,22567,0,0,18155
101489,0,0,0,120000,120000,1091,22563,0,0,17690
101490,0,0,0,120000,120000,1091,22564,0,0,17691
101496,0,0,-1,-1,3000,330,55884,0,0,8586
101497,0,1,0,-1,-1,0,20886,0,0,18326
101500,0,0,-1,-1,3000,330,55884,0,0,18773
101501,0,0,-1,-1,-1,0,483,0,0,16220
101502,0,0,-1,-1,-1,0,483,0,0,16221
101503,0,0,-1,-1,-1,0,483,0,0,16222
101506,0,1,0,-1,-1,0,22855,0,0,18354
101508,0,0,-1,-1,-1,0,483,0,0,18487
101509,0,0,-1,-1,3000,330,55884,0,0,18241
101511,0,0,-1,-1,-1,0,483,0,0,18260
101513,0,0,-1,-1,-1,0,55884,0,0,19055
101517,0,0,-1,-1,-1,0,20402,0,0,16374
101518,0,1,0,-1,-1,0,22988,0,0,18582
101519,1,0,0,-1,-1,0,22989,0,0,18582
101520,0,0,-1,-1,-1,0,483,0,0,19766
101521,0,0,-1,-1,-1,0,13714,0,0,11147
101522,0,0,-1,-1,-1,0,60388,0,0,19265
101529,0,0,-1,0,60000,4,1282983,0,0,20004
101530,0,0,-1,-1,-1,0,483,0,0,20014
101534,0,0,-1,-1,-1,0,60359,0,0,19230
101535,0,0,-1,-1,-1,0,60360,0,0,19231
101536,0,0,-1,-1,-1,0,60361,0,0,19233
101537,0,0,-1,-1,-1,0,60363,0,0,19235
101540,0,0,0,-1,-1,0,23062,0,0,18630
101541,0,0,-1,0,0,0,23144,0,0,18669
101542,0,2,0,-1,-1,0,13442,0,0,18671
101545,1,1,0,-1,-1,0,24191,0,0,19594
101552,0,0,-1,-1,-1,0,23204,0,0,18746
101553,0,0,-1,0,1000,11,24410,0,0,20064
101554,0,0,-1,0,1000,11,1129,0,0,19306
101555,0,0,-1,300000,120000,1153,23004,0,0,18645
101556,0,0,-1,-1,-1,0,483,0,0,18647
101557,0,0,-1,-1,-1,0,483,0,0,18648
101558,0,0,-1,-1,-1,0,483,0,0,18651
101560,0,2,0,-1,-1,0,21949,0,0,17730
101561,0,0,0,-1,-1,0,21957,0,0,17763
101563,0,0,-1,-1,-1,0,60358,0,0,19232
101564,0,0,-1,-1,-1,0,60371,0,0,19272
101565,0,0,-1,-1,-1,0,60372,0,0,19273
101566,0,0,-1,-1,3000,330,55884,0,0,19030
101567,0,1,0,-1,-1,0,23990,0,0,20051
101568,0,1,0,-1,-1,0,17746,0,0,20255
101569,0,0,-5,1500,-1,0,24717,0,0,20397
101570,0,0,-5,1500,-1,0,24718,0,0,20398
101571,0,1,0,-1,-1,0,23990,0,0,20159
101573,0,0,0,120000,20000,1141,50708,0,0,19992
101575,0,0,0,-1,-1,0,22990,0,0,18583
101576,0,0,-1,1000,-1,0,24377,0,0,19708
101579,0,0,-1,1000,-1,0,24325,0,0,19974
101580,0,0,-1,-1,3000,330,55884,0,0,18795
101581,0,1,0,-1,-1,0,23990,0,0,20048
101582,0,0,0,0,3000,330,24576,0,0,20221
101583,0,0,-1,0,1000,11,24411,0,0,20222
101585,0,0,-1,-1,-1,0,55884,0,0,18967
101586,0,0,-1,-1,-1,0,483,0,0,19331
101587,0,0,-1,-1,-1,0,483,0,0,19332
101588,0,0,-1,-1,-1,0,483,0,0,19333
101589,0,0,0,120000,10000,1141,23721,0,0,19336
101593,0,0,0,1800000,1800000,1051,22999,0,0,18587
101594,0,0,0,-1,-1,0,23058,0,0,18627
101597,0,0,-1,-1,3000,330,55884,0,0,18796
101600,0,0,0,0,1800000,1031,23041,0,0,18801
101601,1,1,0,-1,-1,0,23236,0,0,18801
101602,0,0,-1,-1,-1,0,20396,0,0,16366
101606,0,0,-1,-1,-1,0,60384,0,0,19261
101607,0,0,-1,-1,-1,0,60385,0,0,19262
101608,0,0,-1,-1,-1,0,60386,0,0,19263
101610,0,1,0,-1,-1,0,14803,0,0,20137
101617,0,0,-1,0,1000,11,24411,0,0,20062
101618,0,0,-1,0,1000,11,24409,0,0,20063
101625,0,0,0,180000,180000,1155,23991,0,0,20071
101627,0,0,-1,0,1000,11,5007,0,0,20074
101628,0,0,-1,-1,-1,0,483,0,0,20075
101629,0,0,-5,1500,-1,0,24719,0,0,20399
101630,0,0,0,360000,60000,1141,24427,0,0,20130
101631,0,0,-1,-1,500,1952,13497,0,0,10998
101632,0,0,-1,-1,-1,0,24282,0,0,19818
101640,0,0,0,180000,10000,1141,15712,0,0,11905
101641,0,0,0,0,0,0,16872,0,0,12789
101645,0,0,-1,-1,3000,330,55884,0,0,18798
101648,0,1,0,-1,-1,0,23674,0,0,19226
101652,0,0,-1,0,1000,59,11007,0,0,19222
101653,0,0,-1,-1,-1,0,17048,0,0,12848
101654,0,1,0,-1,-1,0,23990,0,0,20160
101656,0,1,0,-1,-1,0,23990,0,0,20161
101658,0,1,0,-1,-1,0,23990,0,0,20162
101660,0,0,0,180000,0,0,24268,0,0,19930
101661,0,0,-1,-1,-1,0,24264,0,0,19931
101662,0,0,-1,3000,3000,79,24382,0,0,20079
101663,0,0,-1,-1,-1,0,483,0,0,20013
101665,0,1,0,-1,-1,0,23990,0,0,20199
101666,0,1,0,-1,-1,0,23990,0,0,20200
101669,0,2,0,-1,-1,0,21140,0,0,19353
101670,0,0,-1,0,1000,59,23698,0,0,19318
101675,0,1,0,-1,-1,0,14712,0,0,16156
101676,0,0,-1,0,1000,11,24005,0,0,19696
101677,0,1,0,-1,-1,0,23990,0,0,20154
101678,0,1,0,-1,-1,0,23990,0,0,20155
101679,0,0,-1,-1,-1,0,24164,0,0,19787
101687,0,1,0,-1,-1,0,23990,0,0,20201
101689,0,1,0,-1,-1,0,23990,0,0,20208
101690,0,0,-1,-1,-1,0,483,0,0,19326
101693,0,0,-1,0,0,0,22096,0,0,17889
101694,0,0,-1,-1,-1,0,60380,0,0,19283
101697,0,0,-1,-1,-1,0,24194,0,0,19850
101698,0,0,-1,-1,-1,0,24195,0,0,19851
101700,0,0,-1,0,1000,150,24413,0,0,20237
101701,0,0,-1,0,1000,150,24412,0,0,20244
101702,0,0,-1,0,1000,11,24707,0,0,20388
101703,0,0,-1,0,1000,11,24707,0,0,20389
101704,0,0,-1,-1,-1,0,483,0,0,5162
101707,0,0,-1,3000,3000,79,24383,0,0,20081
101714,0,0,-1,-1,-1,0,483,0,0,19769
101715,0,0,-1,-1,-1,0,483,0,0,19770
101723,2,1,0,-1,-1,0,24428,0,0,19577
101724,0,1,0,-1,-1,0,24432,0,0,19621
101730,0,0,-1,0,0,0,22105,0,0,17898
101731,0,0,-1,-1,3000,330,55884,0,0,18246
101733,0,1,0,-1,-1,0,23688,0,0,19288
101734,0,1,0,-1,-1,0,23990,0,0,20156
101738,0,0,-1,-1,-1,0,483,0,0,19203
101739,0,0,-1,-1,-1,0,483,0,0,20040
101740,0,0,-1,0,1000,11,24005,0,0,19995
101741,0,0,-1,0,1000,11,24005,0,0,19996
101742,0,2,0,-1,-1,0,13318,0,0,13016
101743,0,0,-1,3000,3000,79,24417,0,0,20080
101748,0,1,0,-1,-1,0,23990,0,0,20157
101757,0,0,-1,-1,-1,0,483,0,0,20000
101758,0,0,-1,-1,-1,0,483,0,0,20001
101759,0,0,-1,0,60000,4,24360,0,0,20002
101760,0,2,0,-1,-1,0,23719,0,0,19334
101761,0,0,-1,-1,-1,0,24165,0,0,19788
101763,0,0,0,120000,20000,1141,24499,0,0,19956
101765,0,0,-1,-1,-1,0,24420,0,0,20078
101767,0,0,0,1000,-1,0,5166,0,0,5059
101768,0,0,-1,-1,-1,0,483,0,0,10313
101769,0,0,-1,-1,-1,0,483,0,0,10321
101772,0,0,-1,0,1000,150,23567,0,0,19066
101773,0,0,-1,0,180000,24,5917,0,0,18209
101774,0,0,-1,-1,3000,330,55884,0,0,18790
101775,0,0,-1,-1,-1,0,24167,0,0,19789
101777,1,2,0,-1,-1,0,24254,0,0,19908
101779,0,2,0,-1,-1,0,1281381,0,0,19910
101780,0,0,-1,-1,-1,0,19138,0,0,15710
101784,0,0,0,0,0,0,24347,0,0,19979
101785,0,0,-1,0,1000,150,24414,0,0,20243
101786,0,0,-1,-1,-1,0,24815,0,0,20464
101788,0,0,-1,-1,-1,0,483,0,0,19771
101789,0,0,-1,-1,-1,0,483,0,0,19773
101790,0,0,-1,1000,-1,0,24377,0,0,19714
101792,0,0,-1,-1,3000,330,55884,0,0,18793
101793,0,0,-1,-1,3000,330,55884,0,0,18794
101794,0,0,-1,-1,-1,0,483,0,0,1574
101795,0,0,-1,-1,-1,0,483,0,0,15780
101796,0,1,0,-1,-1,0,23686,0,0,19289
101801,0,0,-1,0,60000,4,440,0,0,858
101802,0,0,-1,-1,-1,0,483,0,0,8762
101803,0,0,-1,-1,-1,0,483,0,0,8869
101804,0,0,-1,-1,-1,0,483,0,0,8881
101808,0,0,-1,-1,-1,0,3366,0,0,18268
101809,0,0,-1,0,3000,79,22807,0,0,18294
101814,1,1,0,-1,-1,0,20969,0,0,17743
101821,0,0,0,120000,0,0,24574,0,0,19948
101822,0,0,-1,2000,-1,0,0,0,0,19860
101823,0,0,-1,0,1000,11,24005,0,0,19994
101824,0,2,0,-1,-1,0,23605,0,0,19169
101825,0,2,0,-1,-1,0,18211,0,0,19170
101829,0,1,0,-1,-1,0,14803,0,0,18466
101831,0,0,-1,-1,-1,0,483,0,0,18239
101832,0,0,-1,-1,-1,0,483,0,0,16250
101833,0,0,0,14400000,-1,0,23442,0,0,18984
101834,0,1,0,-1,-1,0,22778,0,0,16548
101836,0,0,-1,-1,-1,0,23678,0,0,19258
101837,0,0,-1,0,1000,11,23692,0,0,19301
101838,0,0,-1,-1,-1,0,483,0,0,19207
101839,0,0,-1,-1,-1,0,483,0,0,19220
101840,0,0,-1,-1,-1,0,60362,0,0,19234
101841,0,1,0,-1,-1,0,23689,0,0,19287
101844,0,0,0,120000,20000,1141,24352,0,0,19991
101848,0,0,-1,-1,-1,0,483,0,0,20253
101850,0,0,-1,-1,-1,0,483,0,0,10728
101851,0,0,-1,-1,-1,0,60383,0,0,19260
101856,0,2,0,-1,-1,0,18398,0,0,19099
101857,0,0,-1,1000,-1,0,23008,0,0,18594
101858,0,0,0,0,1800000,1160,23042,0,0,18609
101861,0,0,-1,-1,-1,0,483,0,0,8944
101862,0,0,0,-1,-1,0,468,0,0,901
101863,0,0,-1,0,1000,150,23568,0,0,19067
101864,0,0,0,-1,-1,0,18559,0,0,14523
101865,0,0,-1,-1,-1,0,55884,0,0,18965
101866,0,0,-1,-1,3000,330,55884,0,0,18789
101871,0,0,0,180000,0,0,8312,0,0,20084
101872,0,0,-1,-1,-1,0,483,0,0,19327
101873,0,0,-1,-1,-1,0,483,0,0,19329
101874,0,0,-1,-1,-1,0,23514,0,0,19036
101875,0,0,-1,0,1000,11,433,0,0,19223
101876,0,0,-1,0,1000,150,23696,0,0,19307
101877,0,0,0,-1,-1,0,20531,0,0,16653
101880,0,0,0,300000,300000,1182,42292,0,0,18851
101881,0,1,0,-1,-1,0,23701,0,0,19290
101883,0,2,0,-1,-1,0,21159,0,0,17193
101884,0,0,-1,-1,-1,0,483,0,0,13942
101885,0,0,-1,-1,-1,0,483,0,0,18658
101892,0,0,-1,0,1000,11,1127,0,0,18632
101893,0,0,-1,0,1000,11,434,0,0,18633
101894,0,0,0,-1,-1,0,23136,0,0,18663
101902,0,0,-1,0,1000,11,434,0,0,19304
101903,0,0,-1,0,1000,11,435,0,0,19305
101904,0,0,-1,-1,-1,0,23680,0,0,19276
101905,0,0,-1,-1,-1,0,60375,0,0,19278
101906,0,0,-1,-1,-1,0,60378,0,0,19281
101907,0,0,-1,-1,-1,0,60379,0,0,19282
101912,1,1,0,-1,-1,0,12418,0,0,19998
101913,0,0,-1,-1,-1,0,60374,0,0,19275
101916,0,0,-1,-1,-1,0,23645,0,0,19183
101917,0,0,-1,-1,-1,0,483,0,0,19208
101918,0,0,-1,-1,-1,0,483,0,0,19209
101919,0,0,-1,-1,-1,0,483,0,0,19210
101923,0,0,0,6000,-1,0,15958,0,0,12287
101924,0,0,-1,0,1000,11,18071,0,0,19063
101925,0,0,-1,-1,-1,0,483,0,0,19328
101928,0,0,0,300000,300000,1182,42292,0,0,18845
101929,0,0,0,300000,300000,1182,42292,0,0,18846
101930,0,0,0,300000,300000,1182,42292,0,0,18850
101931,1,1,0,-1,-1,0,14803,0,0,20142
101939,0,1,0,-1,-1,0,23689,0,0,20147
101940,1,1,0,-1,-1,0,23686,0,0,20147
101941,0,0,-1,-1,3000,330,55884,0,0,19902
101946,0,0,-1,-1,-1,0,55884,0,0,18966
101948,0,2,0,-1,-1,0,20883,0,0,17054
101950,0,0,-1,-1,-1,0,483,0,0,4349
101951,0,0,-1,-1,-1,0,483,0,0,21299
101953,0,2,0,-1,-1,0,21153,0,0,18882
101955,0,0,0,60000,-1,0,23359,0,0,18903
101963,0,0,0,300000,0,0,23131,0,0,18634
101964,0,0,-1,0,1000,11,24384,0,0,20031
101966,0,0,-1,0,1000,150,24414,0,0,20066
101968,1,2,0,-1,-1,0,23454,0,0,19323
101969,0,1,0,-1,-1,0,23433,0,0,18968
101971,0,0,-1,-1,-1,0,483,0,0,20548
101972,0,1,-1,-1,-1,0,24748,0,0,20422
101975,0,0,-1,-1,-1,0,11654,0,0,11086
101976,1,2,0,-1,-1,0,11657,0,0,11086
101978,0,1,0,0,-1,0,13959,0,0,9458
101979,0,0,-1,-1,-1,0,11792,0,0,9472
101980,0,0,-1,-1,-1,0,23179,0,0,18802
101984,0,0,-1,-1,-1,0,483,0,0,19205
101985,0,0,-1,-1,-1,0,483,0,0,19206
101986,0,0,-1,-1,-1,0,483,0,0,12725
101987,0,2,0,-1,-1,0,16871,0,0,12769
101988,0,0,-1,-1,-1,0,24281,0,0,19814
101989,0,0,-1,0,1000,150,24413,0,0,20065
101994,0,0,-1,0,1000,59,25804,0,0,21151
101995,0,0,-1,0,1000,11,25693,0,0,21153
101997,0,0,-1,-1,-1,0,24280,0,0,19816
102000,0,0,-1,1000,-1,0,24377,0,0,19712
102004,0,0,-1,-1,-1,0,60364,0,0,19236
102005,0,0,-1,-1,-1,0,483,0,0,11151
102006,0,0,-1,-1,-1,0,483,0,0,2889
102007,0,0,-1,-1,-1,0,20391,0,0,16361
102011,0,0,-1,0,1000,11,23542,0,0,19062
102012,0,0,0,300000,300000,1182,42292,0,0,18834
102015,0,0,-1,-1,-1,0,483,0,0,14498
102016,0,0,-1,-1,-1,0,483,0,0,18653
102017,0,0,-1,-1,-1,0,483,0,0,18655
102018,0,0,-1,-1,-1,0,483,0,0,18656
102019,0,0,-1,-1,-1,0,483,0,0,16248
102020,0,0,-1,-1,-1,0,20314,0,0,16318
102027,1,1,0,-1,-1,0,24429,0,0,19601
102030,1,0,0,900000,0,0,23506,0,0,19024
102031,0,0,0,300000,300000,1182,42292,0,0,18853
102034,0,0,-1,-1,-1,0,483,0,0,18518
102035,0,0,-1,0,1000,150,24412,0,0,20067
102036,0,0,-1,-1,-1,0,483,0,0,15742
102037,0,0,-1,-1,-1,0,483,0,0,15743
102038,0,0,-1,-1,-1,0,483,0,0,14501
102039,0,0,-1,-1,-1,0,483,0,0,14511
102042,0,0,0,120000,20000,1141,24354,0,0,19990
102043,0,0,-1,-1,-1,0,483,0,0,19204
102047,0,0,-1,0,1000,59,1133,0,0,10841
102049,1,2,0,-1,-1,0,21162,0,0,18881
102050,2,1,0,-1,-1,0,21142,0,0,18881
102051,0,1,0,-1,-1,0,18079,0,0,10697
102052,1,0,0,0,0,0,12938,0,0,10697
102053,0,0,0,-1,-1,0,55884,0,0,13583
102055,0,0,-1,-1,-1,0,60368,0,0,19269
102056,0,0,-1,-1,-1,0,483,0,0,14477
102057,0,0,-1,-1,-1,0,483,0,0,14485
102058,0,0,-1,-1,-1,330,55884,0,0,19029
102059,0,0,-1,0,60000,4,6612,0,0,5631
102060,0,0,0,300000,300000,1182,42292,0,0,18856
102061,1,2,0,-1,-1,0,21162,0,0,19158
102062,2,1,0,-1,-1,0,21142,0,0,19158
102063,0,0,0,300000,-1,0,23725,0,0,19341
102064,0,0,0,300000,20000,1141,23726,0,0,19342
102065,0,0,0,300000,20000,1141,23733,0,0,19343
102066,0,0,0,300000,-1,0,23780,0,0,19345
102070,0,0,-1,-1,-1,0,483,0,0,2700
102071,0,0,-1,-1,-1,0,483,0,0,18652
102076,0,0,0,-1,-1,0,23061,0,0,18629
102079,0,0,-1,-1,-1,0,483,0,0,13476
102080,0,0,0,-1,-1,0,23232,0,0,18781
102082,0,0,0,300000,300000,1182,42292,0,0,18854
102087,0,0,-1,-1,-1,0,20384,0,0,16354
102089,0,1,0,-1,-1,0,23440,0,0,18982
102092,0,0,0,600000,120000,1153,23035,0,0,18607
102093,0,0,-1,-1,-1,0,483,0,0,18731
102094,0,0,-1,1000,-1,0,6802,0,0,5851
102101,0,0,-1,-1,-1,0,483,0,0,13501
102102,0,0,-1,-1,-1,0,483,0,0,3142
102111,0,0,-1,-1,-1,0,483,0,0,18949
102112,0,0,0,1800000,-1,0,12438,0,0,18951
102117,0,0,0,900000,0,0,23126,0,0,18660
102122,0,0,-1,0,1000,11,23540,0,0,19060
102126,0,0,0,300000,300000,1182,42292,0,0,18863
102134,0,1,0,-1,-1,0,13959,0,0,18825
102135,0,0,-1,-1,-1,0,483,0,0,4159
102136,0,0,-1,-1,-1,0,483,0,0,4230
102137,0,0,-1,-1,-1,0,483,0,0,19442
102138,0,0,-1,-1,-1,0,483,0,0,19444
102142,0,0,-1,-1,-1,0,22949,0,0,18539
102144,0,0,0,300000,300000,1182,42292,0,0,18859
102145,0,0,-1,-1,-1,0,483,0,0,19202
102146,0,0,-1,-1,-1,0,483,0,0,19211
102147,0,0,-1,-1,-1,0,483,0,0,19212
102148,0,0,-1,-1,3000,330,55884,0,0,18902
102149,0,1,0,-1,-1,0,13959,0,0,18826
102153,0,2,0,-1,-1,0,23592,0,0,19100
102154,0,0,-1,-1,3000,330,55884,0,0,18786
102155,0,0,0,300000,300000,1182,42292,0,0,18857
102162,0,0,-1,0,1000,59,432,0,0,19299
102163,0,0,-1,0,1000,59,1135,0,0,19300
102164,0,0,0,-1,-1,0,23151,0,0,18659
102165,0,0,-1,-1,-1,0,483,0,0,17720
102166,0,0,0,-1,-1,0,21957,0,0,17765
102167,0,0,-1,-1,-1,0,483,0,0,6328
102172,0,0,-1,1000,-1,0,24377,0,0,19713
102180,0,0,-1,0,1000,11,18233,0,0,13931
102181,0,0,0,1800000,0,0,19638,0,0,15867
102182,0,0,-1,0,1000,59,24355,0,0,19997
102183,0,0,0,300000,300000,1182,42292,0,0,18852
102184,0,0,0,14400000,-1,0,23453,0,0,18986
102185,0,0,0,300000,20000,1141,23723,0,0,19339
102186,0,0,-1,0,120000,4,440,0,0,2462
102187,0,0,-1,1000,-1,0,24377,0,0,19715
102189,0,0,0,0,180000,0,16349,0,0,12344
102190,1,1,0,-1,-1,0,16372,0,0,12344
102191,0,0,-1,-1,-1,0,20395,0,0,16365
102195,0,0,0,-1,-1,0,20529,0,0,16647
102196,0,0,-1,-1,-1,0,483,0,0,5788
102199,0,0,-1,-1,-1,0,15698,0,0,11914
102201,0,2,0,-1,-1,0,24388,0,0,19324
102214,0,0,0,-1,-1,0,23233,0,0,18784
102215,0,0,0,-1,-1,0,20269,0,0,16208
102216,0,0,-1,-1,-1,0,483,0,0,16218
102217,0,0,-1,-1,-1,0,483,0,0,18657
102218,0,0,-1,-1,-1,0,22906,0,0,18488
102219,0,1,-1,-1,-1,0,24748,0,0,20421
102222,0,0,-1,-1,-1,0,24889,0,0,20531
102223,0,0,-1,-1,-1,0,24890,0,0,20532
102224,0,1,0,0,0,0,9402,0,0,20350
102227,0,0,-1,0,1000,150,24413,0,0,20232
102229,0,1,0,-1,-1,0,17891,0,0,20356
102234,0,1,0,-1,-1,0,23990,0,0,20110
102239,1,1,0,-1,-1,0,24430,0,0,19605
102242,0,0,-1,0,1000,59,24355,0,0,21241
102245,0,0,-1,-1,-1,0,483,0,0,21283
102248,0,0,-1,0,1000,11,24707,0,0,20390
102249,0,0,-1,-1,-1,0,25719,0,0,21112
102250,0,0,-1,0,1000,59,25722,0,0,21114
102251,0,0,-1,-1,-1,0,483,0,0,21214
102252,0,0,-1,-1,-1,0,483,0,0,21219
102253,0,1,0,-1,-1,0,14590,0,0,16062
102254,0,1,0,-1,-1,0,14630,0,0,16134
102258,0,0,-1,-1,-1,0,483,0,0,21284
102259,0,0,-1,-1,-1,0,25720,0,0,21041
102260,0,0,0,120000,20000,1141,24571,0,0,19951
102262,0,0,0,120000,20000,1141,24532,0,0,19954
102266,0,2,0,-1,-1,0,24257,0,0,19918
102271,0,0,-1,-1,-1,0,55884,0,0,20769
102272,0,1,0,-1,-1,0,23990,0,0,20054
102274,0,0,0,180000,180000,1155,23991,0,0,20072
102276,0,0,-1,0,1000,11,24869,0,0,20516
102279,0,0,-1,-1,-1,0,24898,0,0,20544
102285,0,0,0,120000,-1,0,24531,0,0,19953
102286,0,0,-1,0,1000,150,24412,0,0,20235
102287,0,1,0,-1,-1,0,17891,0,0,20354
102288,1,1,0,-1,-1,0,9307,0,0,20357
102289,0,1,0,0,0,0,9404,0,0,20358
102290,0,1,0,-1,-1,0,24782,0,0,20451
102291,0,0,-1,0,1000,11,24800,0,0,20452
102294,0,0,-1,0,1000,11,25691,0,0,21217
102307,1,1,0,-1,-1,0,14803,0,0,20270
102308,0,0,-1,-1,-1,0,24897,0,0,20543
102309,0,0,0,-1,-1,0,55884,0,0,20371
102315,0,0,-1,-1,-1,0,483,0,0,20254
102316,0,1,0,-1,-1,0,16611,0,0,20148
102317,1,1,0,-1,-1,0,15599,0,0,20148
102322,0,1,0,-1,-1,0,14803,0,0,20271
102325,0,1,0,-1,-1,0,9308,0,0,20339
102326,0,0,-1,-1,-1,0,24895,0,0,20540
102327,0,0,0,120000,20000,1141,24658,0,0,19950
102328,0,0,-1,-1,-1,0,483,0,0,20546
102330,0,0,-1,-1,-1,0,483,0,0,20382
102333,0,0,-1,-1,-1,0,483,0,0,20727
102334,0,0,-1,-1,-1,0,483,0,0,20731
102335,0,0,-1,-1,-1,0,483,0,0,20733
102336,0,0,-1,-1,-1,0,483,0,0,20735
102337,0,0,-1,-1,-1,0,483,0,0,20736
102339,0,1,0,-1,-1,0,9404,0,0,20352
102340,1,1,0,-1,-1,0,9307,0,0,20353
102346,0,0,-1,-1,-1,0,483,0,0,21287
102347,0,0,-1,-1,-1,0,483,0,0,21288
102351,0,1,0,-1,-1,0,23990,0,0,20053
102353,0,0,-5,1000,-1,0,25117,0,0,20744
102354,0,0,-5,1000,-1,0,25118,0,0,20745
102357,0,0,-1,-1,-1,0,483,0,0,19764
102358,0,1,0,-1,-1,0,23990,0,0,20122
102359,0,0,-1,-1,-1,0,483,0,0,20576
102364,0,0,-5,0,0,0,25123,0,0,20748
102365,0,0,-5,1000,-1,0,25122,0,0,20749
102366,0,0,-5,1000,-1,0,25121,0,0,20750
102369,0,0,-1,1000,-1,0,24377,0,0,20880
102373,0,1,0,0,0,0,9402,0,0,20335
102379,0,0,0,43200000,-1,0,24006,0,0,19697
102381,1,1,0,-1,-1,0,14803,0,0,20268
102384,1,1,0,-1,-1,0,15687,0,0,20272
102388,0,0,0,0,0,0,25247,0,0,20834
102389,0,0,-1,0,-1,0,25351,0,0,20844
102390,0,0,-3,-1,-1,0,26008,0,0,21267
102393,0,0,0,1800000,-1,0,25112,0,0,20534
102394,0,0,-1,60000,-1,0,24973,0,0,20604
102397,0,0,-1,-1,-1,0,483,0,0,21289
102398,0,0,-1,-1,-1,0,483,0,0,21290
102400,0,1,0,-1,-1,0,23990,0,0,20127
102404,0,1,0,-1,-1,0,14098,0,0,19963
102407,0,0,-1,-1,-1,0,483,0,0,21291
102408,0,0,-1,-1,-1,0,483,0,0,21292
102409,0,1,0,-1,-1,0,25717,0,0,21101
102410,0,1,0,-1,-1,0,25718,0,0,21102
102411,0,2,0,-1,-1,0,1281486,0,0,19852
102413,0,1,0,-1,-1,0,29632,0,0,16004
102414,0,0,0,300000,0,0,25892,0,0,21181
102421,0,0,-1,-1,-1,0,25853,0,0,21173
102422,0,0,0,-1,-1,0,25855,0,0,21174
102423,0,0,-1,-1,-1,0,483,0,0,21285
102425,0,0,-1,-1,-1,0,483,0,0,21293
102426,0,0,-1,-1,-1,0,483,0,0,21294
102428,0,1,0,-1,-1,0,24461,0,0,19609
102437,0,1,0,-1,-1,0,14803,0,0,20273
102440,1,1,0,-1,-1,0,14803,0,0,20274
102444,0,0,-1,180000,180000,1140,28745,0,0,21143
102445,1,1,0,-1,-1,0,13831,0,0,20344
102449,0,1,0,0,0,0,9308,0,0,20345
102455,0,0,-1,0,1000,150,24414,0,0,20234
102456,1,1,0,-1,-1,0,9404,0,0,20351
102457,0,0,0,120000,20000,1141,25891,0,0,21180
102458,0,0,-1,0,1000,11,24410,0,0,20224
102459,0,0,-1,0,1000,11,24411,0,0,20225
102460,0,0,-1,0,1000,11,24409,0,0,20226
102461,0,0,-1,0,1000,11,24410,0,0,20227
102462,0,1,0,-1,-1,0,9308,0,0,20348
102463,1,1,0,-1,-1,0,24667,0,0,20349
102464,0,1,0,-1,-1,0,23990,0,0,20128
102466,0,0,0,600000,-1,0,25793,0,0,21144
102469,0,1,0,0,0,0,9308,0,0,20346
102470,0,0,-1,0,1000,11,24409,0,0,20223
102471,0,0,-1,0,1000,11,24869,0,0,21254
102472,0,0,-1,-1,-1,0,483,0,0,21295
102473,0,0,-1,-1,-1,0,483,0,0,21296
102474,0,0,-1,-1,-1,0,483,0,0,21297
102475,0,0,-1,-1,-1,0,483,0,0,21298
102476,0,1,0,-1,-1,0,23990,0,0,20129
102479,0,0,0,180000,-1,0,24884,0,0,20525
102480,0,0,-1,-1,-1,0,24885,0,0,20526
102481,0,0,-1,-1,-1,0,24168,0,0,19790
102482,0,1,0,-1,-1,0,24198,0,0,19812
102486,1,1,0,-1,-1,0,9307,0,0,20355
102488,0,0,-1,-1,-1,0,483,0,0,20730
102495,0,0,-1,0,1000,11,24005,0,0,21238
102496,0,0,-1,0,1000,11,24005,0,0,21240
102497,0,0,-1,-1,-1,0,24726,0,0,20403
102500,0,0,-1,-1,-1,0,483,0,0,21300
102501,0,1,0,-1,-1,0,23990,0,0,20187
102503,0,1,0,-1,-1,0,23990,0,0,20189
102509,0,1,0,-1,-1,0,23990,0,0,20100
102511,0,0,-1,-1,-1,0,24264,0,0,19932
102512,0,0,-1,-1,-1,0,483,0,0,16219
102513,0,0,-1,-1,-1,0,483,0,0,9028
102517,0,0,-1,-1,-1,0,483,0,0,19765
102518,0,1,0,-1,-1,0,23990,0,0,20091
102519,0,1,0,-1,-1,0,23990,0,0,20092
102520,0,0,-1,1000,-1,0,24377,0,0,19709
102521,0,0,-1,1000,-1,0,24377,0,0,19710
102522,0,0,0,-1,-1,0,11535,0,0,9299
102523,0,0,-1,-1,-1,0,24285,0,0,19815
102524,0,0,-1,-1,-1,0,483,0,0,20011
102525,0,0,-1,-1,-1,0,483,0,0,19781
102530,0,1,0,-1,-1,0,17898,0,0,20331
102537,0,1,0,-1,-1,0,25669,0,0,19874
102540,0,1,0,-1,-1,0,29162,0,0,23238
102551,0,0,-1,-1,-1,0,24288,0,0,19817
102552,0,1,0,-1,-1,0,23990,0,0,20183
102556,0,0,-1,-1,-1,0,483,0,0,9011
102557,0,0,-1,-1,-1,0,483,0,0,9017
102558,0,1,0,-1,-1,0,23990,0,0,20186
102561,1,1,0,-1,-1,0,14803,0,0,20140
102563,0,0,-5,0,0,0,43674,0,0,20475
102564,0,0,-1,-1,-1,0,483,0,0,20506
102566,0,0,-10,0,1000,1142,26678,0,0,21813
102567,0,0,-3,10000,-1,0,24706,0,0,20387
102569,1,1,0,-1,-1,0,24666,0,0,20334
102573,0,0,-1,1000,-1,0,24377,0,0,19707
102574,0,1,0,-1,-1,0,7823,0,0,19969
102575,0,1,0,-1,-1,0,24301,0,0,19970
102576,0,1,0,-1,-1,0,23990,0,0,20121
102578,0,0,-1,-1,-1,0,483,0,0,20507
102579,0,0,-1,-1,-1,0,483,0,0,20508
102580,0,0,-1,0,1000,11,24005,0,0,21235
102581,0,0,-1,900000,120000,1153,27869,0,0,20520
102591,0,1,0,-1,-1,0,0,0,0,19507
102592,0,1,0,-1,-1,0,24188,0,0,19588
102597,0,0,-1,-1,-1,0,483,0,0,19777
102600,0,1,0,0,0,0,9404,0,0,20359
102601,0,1,0,-1,-1,0,17891,0,0,20360
102602,0,1,0,-1,-1,0,9404,0,0,20361
102603,1,1,0,-1,-1,0,17891,0,0,20362
102604,0,1,0,0,0,0,7702,0,0,20363
102607,0,0,-1,2000,-1,0,24226,0,0,19858
102620,0,0,-1,-1,-1,0,483,0,0,22209
102621,0,0,-1,-1,-1,0,483,0,0,19778
102622,0,0,-1,-1,-1,0,483,0,0,19779
102623,0,0,-1,-1,-1,0,483,0,0,19780
102625,0,0,-1,-1,-1,0,60369,0,0,19270
102626,0,0,-1,-1,-1,0,60370,0,0,19271
102631,0,0,-1,-1,-1,0,483,0,0,7977
102636,0,0,-1,-1,-1,0,483,0,0,20553
102640,0,0,-1,1000,1500,1136,26293,0,0,21560
102641,0,0,0,300000,-1,0,27571,0,0,22206
102642,0,0,-1,1000,-1,0,24377,0,0,19711
102643,0,1,0,-1,-1,0,24392,0,0,20035
102644,0,0,0,180000,10000,1141,24389,0,0,20036
102645,0,0,-1,-1,-1,0,55884,0,0,18963
102646,0,0,-1,-1,-1,0,55884,0,0,18964
102649,0,0,-1,-1,-1,0,483,0,0,20509
102653,1,1,0,-1,-1,0,18207,0,0,19946
102654,0,0,0,75000,0,0,1281481,0,0,19947
102655,0,0,-1,-1,3000,330,55884,0,0,19872
102660,0,1,0,-1,-1,0,23990,0,0,20123
102661,0,1,0,-1,-1,0,23990,0,0,20209
102662,0,1,0,-1,-1,0,23990,0,0,20210
102663,0,1,0,-1,-1,0,23990,0,0,20211
102667,0,1,0,-1,-1,0,23990,0,0,20101
102669,0,0,0,120000,20000,1141,24661,0,0,19949
102670,0,0,-1,-1,-1,0,483,0,0,12701
102671,0,0,-1,-1,-1,0,483,0,0,19448
102673,0,0,-1,-1,-1,0,24887,0,0,20527
102675,1,1,0,-1,-1,0,13831,0,0,20324
102676,0,1,0,-1,-1,0,9308,0,0,20325
102679,1,1,0,-1,-1,0,13831,0,0,20326
102680,0,1,0,-1,-1,0,17898,0,0,20327
102683,1,1,0,-1,-1,0,13831,0,0,20328
102684,1,1,0,-1,-1,0,13831,0,0,20340
102685,0,1,0,-1,-1,0,17899,0,0,20341
102686,1,1,0,-1,-1,0,13831,0,0,20342
102687,0,1,0,-1,-1,0,23990,0,0,20185
102692,0,1,0,-1,-1,0,9308,0,0,20336
102696,0,0,-1,-1,-1,0,24290,0,0,19819
102697,0,0,-1,-1,-1,0,24279,0,0,19821
102700,0,1,0,-1,-1,0,23990,0,0,20109
102706,0,1,0,-1,-1,0,17899,0,0,20343
102707,0,1,0,-1,-1,0,24434,0,0,19617
102708,0,0,0,120000,20000,1141,24542,0,0,19955
102709,0,0,0,120000,20000,1141,24543,0,0,19957
102710,0,0,0,120000,20000,1141,24546,0,0,19958
102711,0,1,0,-1,-1,0,23990,0,0,20096
102713,0,0,-1,-1,-1,0,23677,0,0,19227
102715,0,0,-1,-1,-1,0,24421,0,0,20076
102719,0,0,-1,-1,-1,0,483,0,0,11202
102726,0,0,0,120000,20000,1141,24544,0,0,19959
102727,0,1,0,-1,-1,0,24291,0,0,19961
102728,0,1,0,-1,-1,0,24292,0,0,19962
102733,0,0,-5,1500,-1,0,24737,0,0,20409
102734,0,0,-5,1500,-1,0,24724,0,0,20411
102739,0,0,-1,-1,-1,0,483,0,0,8402
102743,0,0,-1,0,0,0,483,0,0,9053
102744,0,0,-1,0,0,0,483,0,0,9124
102745,0,1,0,-1,-1,0,23990,0,0,20094
102747,0,0,-1,-1,-1,0,483,0,0,19330
102750,0,1,0,-1,-1,0,17898,0,0,20329
102752,0,1,0,0,0,0,9308,0,0,20332
102754,0,1,0,0,0,0,9308,0,0,20333
102756,0,0,-5,1500,-1,0,24741,0,0,20414
102757,0,0,-1,-1,-1,0,483,0,0,20510
102758,0,0,-1,-1,-1,0,483,0,0,20511
102759,0,0,0,180000,25000,1141,24865,0,0,20512
102760,0,1,0,-1,-1,0,23990,0,0,20202
102761,0,0,-1,-1,-1,0,483,0,0,19776
102762,0,1,0,-1,-1,0,23990,0,0,20168
102764,0,1,0,-1,-1,0,23990,0,0,20169
102765,0,0,0,300000,30000,1141,23720,0,0,19337
102766,0,0,-1,-1,-1,0,483,0,0,9215
102767,0,1,0,-1,-1,0,23990,0,0,20170
102772,2,1,0,-1,-1,0,14097,0,0,20487
102773,0,0,-1,-1,-1,0,483,0,0,20555
102777,0,0,-1,-1,-1,0,24160,0,0,19783
102778,0,0,-1,-1,-1,0,24161,0,0,19784
102783,0,0,-1,-1,-1,0,24422,0,0,20077
102784,0,0,-1,-1,-1,0,24284,0,0,19820
102786,0,0,-1,-1,-1,0,24302,0,0,19971
102788,0,1,0,-1,-1,0,24351,0,0,19986
102790,0,0,-1,-1,-1,0,483,0,0,19772
102795,0,0,-1,-1,-1,0,24162,0,0,19785
102796,0,1,0,-1,-1,0,23990,0,0,20049
102799,0,2,0,-1,-1,0,24251,0,0,19901
102801,2,1,0,-1,-1,0,24591,0,0,19901
102802,0,0,-1,-1,-1,0,60387,0,0,19264
102803,0,0,-1,-1,-1,0,60376,0,0,19279
102804,0,1,0,-1,-1,0,7823,0,0,19972
102806,0,0,-5,1500,-1,0,24720,0,0,20413
102808,0,1,0,-1,-1,0,23990,0,0,20093
102811,0,0,-1,-1,-1,0,24149,0,0,19782
102812,0,0,-1,-1,-1,0,24289,0,0,19813
102814,0,0,-1,-1,-1,0,60382,0,0,19259
102815,0,0,-1,-1,-1,0,60377,0,0,19280
102816,0,0,-1,-1,-1,0,60381,0,0,19284
102817,0,1,0,-1,-1,0,23990,0,0,20111
102818,0,1,0,-1,-1,0,23990,0,0,20112
102820,0,1,0,-1,-1,0,23990,0,0,20113
102822,0,0,-1,-1,-1,0,483,0,0,19215
102823,0,1,0,-1,-1,0,0,0,0,19508
102826,0,1,0,-1,-1,0,23990,0,0,20095
102830,0,0,-1,0,0,0,483,0,0,9136
102831,0,0,-1,0,0,0,483,0,0,9143
102832,0,0,-1,0,0,0,483,0,0,9164
102835,0,0,-1,-1,-1,0,483,0,0,20012
102838,0,0,-1,60000,-1,79,24930,0,0,20557
102840,0,1,0,-1,-1,0,23990,0,0,20114
102843,0,0,-1,-1,-1,0,24163,0,0,19786
102844,0,1,0,-1,-1,0,23990,0,0,20167
102847,1,1,0,-1,-1,0,13831,0,0,20330
102848,0,1,0,-1,-1,0,24498,0,0,19952
102857,0,0,-1,0,1000,11,24005,0,0,21236
102858,0,1,0,-1,-1,0,23990,0,0,20181
102862,0,1,0,-1,-1,0,23990,0,0,20102
102866,1,1,0,-1,-1,0,1269119,0,0,19968
102867,0,1,0,-1,-1,0,23990,0,0,20050
102868,0,1,0,-1,-1,0,23990,0,0,20052
102870,0,0,-1,0,60000,4,1282971,0,0,20007
102871,0,0,-1,0,60000,4,24364,0,0,20008
102877,0,0,-5,1500,-1,0,24733,0,0,20410
102888,0,0,-1,1000,2000,1136,26521,0,0,21744
102889,0,0,-1,60000,-1,0,25823,0,0,21745
102892,0,0,-1,60000,-1,0,25860,0,0,21212
102897,0,1,0,-1,-1,0,29150,0,0,23221
102899,0,2,0,-1,-1,0,26693,0,0,21856
102900,0,0,0,600000,60000,94,26066,0,0,21326
102901,0,0,-1,0,0,0,27113,0,0,22034
102906,0,0,0,-1,-1,0,27671,0,0,22298
102907,0,0,0,-1,-1,0,27671,0,0,22299
102910,0,0,-1,-1,-1,0,27719,0,0,22121
102913,0,0,-1,1000,2000,1136,26328,0,0,21577
102914,0,0,-1,1000,2000,1136,26329,0,0,21578
102915,0,0,0,180000,-1,0,26391,0,0,21579
102918,0,0,-1,0,0,79,27653,0,0,22192
102919,0,1,0,-1,-1,0,27851,0,0,22397
102921,0,0,-1,0,1000,11,26263,0,0,21537
102922,0,0,-1,-1,2000,0,25822,0,0,21747
102925,0,1,0,-1,-1,0,23046,0,0,23282
102927,0,0,0,1000,-1,11,26373,0,0,21739
102931,0,0,0,180000,30000,1141,26166,0,0,21473
102933,1,1,0,-1,-1,0,27038,0,0,22013
102937,1,1,0,-1,-1,0,27043,0,0,22015
102938,0,0,-1,-1,-1,0,24896,0,0,20542
102939,0,0,-1,-1,-1,0,483,0,0,21282
102942,0,0,-1,-1,-1,0,55884,0,0,20651
102944,0,1,0,-1,-1,0,27848,0,0,22401
102945,0,1,0,-1,-1,0,27850,0,0,22400
102955,0,0,-1,-1,-1,0,483,0,0,22219
102960,0,0,0,-1,-1,0,27669,0,0,22294
102961,0,0,0,-1,-1,0,27670,0,0,22297
102963,0,0,-1,0,0,0,26793,0,0,22021
102964,0,0,-1,0,0,0,27093,0,0,22022
102965,0,0,-1,0,0,0,27104,0,0,22025
102966,0,0,-1,-1,-1,0,27704,0,0,22119
102969,0,0,-1,-1,-1,0,25688,0,0,21039
102977,0,0,0,-1,-1,0,55884,0,0,22114
102978,0,0,-1,-1,-1,0,27716,0,0,22122
102980,0,1,0,-1,-1,0,27859,0,0,22395
102983,0,0,0,-1,-1,0,27671,0,0,22300
102984,0,0,0,0,600000,1139,27184,0,0,22049
102985,0,0,-1,-1,-1,0,483,0,0,22214
102986,0,0,-1,-1,-1,0,483,0,0,21547
102987,0,0,-1,1000,2000,1136,26517,0,0,21718
102988,0,0,-1,1000,2000,1136,26518,0,0,21719
102989,0,0,-1,-1,-1,0,26587,0,0,21761
103010,0,0,-1,1000,1500,1136,26291,0,0,21558
103011,0,0,-1,1000,1500,1136,26292,0,0,21559
103015,0,0,-1,-1,3000,330,55884,0,0,21321
103023,0,0,-1,-1,-1,0,27712,0,0,22175
103026,2,1,0,-1,-1,0,27518,0,0,22191
103029,2,1,0,-1,-1,0,27522,0,0,22194
103035,0,0,0,86400000,-1,0,26265,0,0,21540
103036,0,0,-1,-1,-1,0,483,0,0,21731
103037,0,0,-1,-1,-1,0,26846,0,0,21923
103038,0,0,-1,0,1000,1142,27662,0,0,22200
103040,0,0,-1,0,1000,11,1131,0,0,22324
103041,0,0,0,-1,-1,0,27670,0,0,22295
103042,0,0,0,-1,-1,0,27670,0,0,22296
103043,0,0,0,-1,-1,0,27666,0,0,22289
103044,0,0,0,600000,600000,1139,27517,0,0,21986
103050,0,0,-1,0,0,0,7211,0,0,22432
103059,0,0,-1,1000,2000,1136,26488,0,0,21714
103062,0,0,-1,1000,2000,1136,26516,0,0,21717
103064,1,1,0,-1,-1,0,25975,0,0,21464
103071,0,0,-1,0,1000,11,1129,0,0,21552
103072,0,0,-1,1000,1500,1136,26286,0,0,21557
103073,0,0,-1,-1,-1,0,483,0,0,21729
103074,0,0,-1,-1,-1,0,27717,0,0,22174
103079,0,0,-1,1000,1500,1136,26338,0,0,21595
103082,0,0,-1,-1,-1,0,26588,0,0,21762
103085,2,1,0,-1,-1,0,26283,0,0,21343
103092,0,0,0,0,60000,1140,27616,0,0,22115
103097,0,0,-1,-1,-1,0,55884,0,0,21309
103100,0,0,0,600000,-1,11,26373,0,0,21711
103120,2,1,0,-1,-1,0,25975,0,0,21355
103121,0,0,-1,-1,-1,0,483,0,0,21548
103122,0,0,-1,-1,3000,330,55884,0,0,21323
103123,0,0,-1,-1,3000,330,55884,0,0,21324
103124,0,0,-1,60000,-1,0,25823,0,0,21536
103125,0,0,-1,-1,-1,0,27702,0,0,22117
103126,0,1,0,-1,-1,0,27656,0,0,22321
103129,0,0,-1,-1,-1,0,483,0,0,21725
103130,0,0,-1,-1,-1,0,483,0,0,21726
103131,0,0,0,180000,-1,0,26400,0,0,21647
103135,0,0,-1,-1,-1,0,27706,0,0,22173
103136,0,0,-1,-1,-1,0,27714,0,0,22177
103138,0,0,-88,3000,-1,0,26374,0,0,21713
103144,0,0,0,180000,-1,0,26168,0,0,21488
103146,0,0,-3,600000,60000,24,26067,0,0,21325
103151,0,0,-1,1000,1500,1136,26333,0,0,21589
103152,0,0,-1,1000,1500,1136,26334,0,0,21590
103153,0,0,-1,1000,1500,1136,26335,0,0,21591
103155,1,1,0,-1,-1,0,18676,0,0,22198
103156,2,1,0,-1,-1,0,27561,0,0,22198
103159,0,0,-1,-1,-1,0,483,0,0,20726
103167,2,1,0,-1,-1,0,26283,0,0,21334
103169,1,1,0,-1,-1,0,25975,0,0,21338
103172,2,1,0,-1,-1,0,25975,0,0,21351
103175,0,0,-1,1000,1500,1136,26336,0,0,21592
103176,0,0,-1,1000,1500,1136,26337,0,0,21593
103183,0,0,0,120000,-1,0,26074,0,0,21328
103186,0,0,-1,0,1000,59,26389,0,0,21721
103187,0,0,-1,-1,-1,0,483,0,0,21722
103188,0,0,-1,-1,-1,0,483,0,0,21724
103193,0,1,0,-1,-1,0,27797,0,0,22345
103195,0,0,0,-1,-1,0,27669,0,0,22292
103200,0,0,-1,-1,-1,0,483,0,0,21727
103201,0,0,-1,-1,-1,0,483,0,0,21728
103204,1,1,0,-1,-1,0,25975,0,0,21335
103212,0,0,-1,-1,-1,0,26846,0,0,21922
103220,0,0,0,180000,-1,0,26467,0,0,21625
103226,0,1,0,-1,-1,0,28539,0,0,23279
103229,0,0,-1,30000,-1,0,27571,0,0,22218
103230,0,0,-1,-1,-1,0,483,0,0,22221
103239,1,1,0,-1,-1,0,35126,0,0,21517
103240,0,1,0,-1,-1,0,26204,0,0,21518
103241,0,0,-1,-1,-1,0,26004,0,0,21519
103242,0,1,0,-1,-1,0,27037,0,0,22003
103264,0,0,-1,0,0,0,27108,0,0,22029
103266,0,0,-1,0,0,79,27652,0,0,22193
103267,0,0,0,-1,-1,0,27360,0,0,22048
103273,0,0,-1,-1,-1,0,483,0,0,21358
103296,0,0,-1,-1,-1,0,483,0,0,21737
103301,0,0,-1,-1,-1,0,27710,0,0,22120
103304,1,1,0,-1,-1,0,25975,0,0,22383
103307,0,0,-1,-1,-1,0,483,0,0,22222
103314,0,1,0,-1,-1,0,27225,0,0,22060
103316,0,1,0,-1,-1,0,27206,0,0,22061
103327,1,0,0,180000,-1,0,28760,0,0,23027
103328,0,0,-1,-1,-1,0,483,0,0,22393
103330,0,1,0,-1,-1,0,27855,0,0,22396
103339,0,0,0,180000,-1,0,26789,0,0,21891
103345,0,0,-1,1000,2000,1136,26490,0,0,21716
103346,0,0,-1,1000,2000,1136,26519,0,0,21720
103347,0,0,-1,-1,-1,0,483,0,0,21738
103352,1,1,0,-1,-1,0,25767,0,0,21128
103353,0,0,-1,-1,-1,0,483,0,0,21279
103354,0,0,-1,-1,-1,0,483,0,0,21280
103355,0,0,-1,-1,-1,0,483,0,0,22890
103358,0,0,0,-1,-1,0,27666,0,0,22291
103359,0,0,0,-1,-1,0,27669,0,0,22293
103363,0,0,-1,-1,-1,0,483,0,0,22705
103364,0,0,0,-9,-9,79,30297,0,0,23696
103372,0,0,-1,0,0,0,24833,0,0,20620
103373,0,0,-1,-1,-1,0,483,0,0,20755
103374,0,0,-1,-1,-1,0,483,0,0,20756
103377,0,0,-1,60000,-1,0,62061,0,0,21213
103383,0,0,-1,-1,-1,0,483,0,0,21307
103386,0,0,-1,-1,-1,0,483,0,0,22729
103389,0,0,-1,-1,-1,0,483,0,0,22891
103392,0,0,-1,0,1000,11,25690,0,0,21072
103393,0,0,-1,-1,-1,0,483,0,0,21099
103394,0,0,-1,-1,-1,0,55884,0,0,21277
103396,0,1,0,-1,-1,0,60804,0,0,23203
103397,0,1,0,-1,-1,0,28851,0,0,23204
103398,0,1,0,-1,-1,0,29112,0,0,23206
103402,0,1,0,-1,-1,0,29113,0,0,23207
103403,0,1,0,-1,-1,0,29113,0,0,23208
103404,0,0,-1,-1,-1,0,483,0,0,20751
103405,0,0,-1,1500,-1,0,55884,0,0,21301
103406,0,0,-1,-1,-1,0,483,0,0,21302
103407,0,0,-1,-1,-1,0,483,0,0,21303
103408,0,0,-1,-1,-1,0,483,0,0,21304
103409,0,0,-1,1500,-1,0,55884,0,0,21305
103410,0,0,-1,-1,-1,0,483,0,0,21306
103422,0,1,0,-1,-1,0,28851,0,0,23006
103431,0,0,-1,-1,-1,0,483,0,0,22704
103435,0,0,-1,-1,-1,0,24874,0,0,20518
103436,0,0,0,180000,180000,1155,25746,0,0,21115
103437,0,0,0,180000,180000,1155,25747,0,0,21116
103438,0,0,0,180000,180000,1155,25746,0,0,21117
103439,0,0,0,180000,180000,1155,25747,0,0,21118
103442,0,0,-1,-1,-1,0,55884,0,0,21308
103454,0,0,0,5000,-1,0,25851,0,0,21171
103455,0,0,-1,-1,-1,0,24888,0,0,20528
103456,0,0,-1,0,1000,11,1131,0,0,21033
103457,0,0,-1,30000,-1,0,25677,0,0,21038
103458,0,0,0,180000,180000,1155,25750,0,0,21119
103459,0,0,0,180000,180000,1155,25750,0,0,21120
103460,0,1,0,-1,-1,0,23990,0,0,20188
103468,0,0,-5,1000,-1,0,25119,0,0,20746
103469,0,0,-1,-1,-1,0,483,0,0,20757
103470,0,0,-1,-1,-1,0,483,0,0,20758
103471,0,0,-1,0,1000,11,25692,0,0,21071
103472,0,0,-1,-1,-1,0,483,0,0,21025
103473,0,0,-1,-1,-1,0,483,0,0,20752
103474,0,0,-1,-1,-1,0,483,0,0,20753
103475,0,0,-1,-1,-1,0,483,0,0,20754
103476,0,0,-1,-1,-1,0,24891,0,0,20533
103481,0,0,-1,-1,-1,0,483,0,0,21730
103487,1,1,0,-1,-1,0,25975,0,0,21345
103489,0,0,-1,-1,-1,0,483,0,0,21369
103490,0,0,-1,-1,-1,0,483,0,0,21371
103491,0,0,-1,0,1000,11,25660,0,0,21023
103492,0,0,-1,0,1000,11,1129,0,0,21030
103504,0,0,-1,-1,-1,0,24892,0,0,20535
103505,0,0,-1,-1,-1,0,483,0,0,20547
103507,0,1,0,-1,-1,0,25906,0,0,21190
103508,0,0,0,90000,15000,1141,24998,0,0,20636
103510,0,0,-1,0,1000,11,1131,0,0,21031
103511,0,0,-1,0,3000,79,26276,0,0,21546
103526,2,1,0,-1,-1,0,25975,0,0,21350
103537,0,0,0,300000,20000,1141,23734,0,0,19344
103547,0,0,-1,-1,-1,0,483,0,0,21732
103548,0,0,-1,-1,-1,0,483,0,0,21733
103549,0,0,-1,-1,-1,0,483,0,0,21734
103550,0,0,-1,-1,-1,0,483,0,0,21735
103551,0,0,-1,-1,3000,330,55884,0,0,21736
103552,0,2,0,-1,-1,0,26415,0,0,21679
103555,0,0,-1,-1,-1,0,25465,0,0,20905
103556,0,0,-1,-1,-1,0,25465,0,0,20908
103559,0,1,0,-1,-1,0,23990,0,0,20182
103567,0,0,-1,1000,1500,1136,26294,0,0,21561
103568,0,0,-1,1000,1500,1136,26295,0,0,21562
103570,1,1,0,-1,-1,0,26283,0,0,21563
103571,0,1,0,-1,-1,0,26283,0,0,21565
103572,0,1,0,-1,-1,0,25975,0,0,21566
103574,0,1,0,-1,-1,0,11789,0,0,21526
103579,0,0,-1,-1,-1,0,483,0,0,20761
103583,1,1,0,-1,-1,0,25975,0,0,21373
103595,0,0,0,180000,-1,0,26480,0,0,21670
103597,1,1,0,-1,-1,0,26283,0,0,21671
103603,0,0,-1,-1,-1,0,483,0,0,21723
103606,0,0,-1,0,1000,59,25037,0,0,20709
103613,0,0,-1,-1,-1,0,24245,0,0,19883
103614,0,0,-1,-1,-1,0,26298,0,0,21569
103615,0,0,-1,-1,-1,0,25783,0,0,21136
103623,0,0,-1,1000,2000,1136,26325,0,0,21574
103624,0,0,-1,1000,2000,1136,26326,0,0,21575
103625,0,0,-1,1000,2000,1136,26327,0,0,21576
103628,0,0,-1,-1,-1,0,26299,0,0,21570
103629,0,0,-1,1000,2000,1136,26304,0,0,21571
103651,0,1,0,-1,-1,0,26203,0,0,21516
103654,0,0,0,180000,-1,0,26463,0,0,21685
103658,0,0,-1,-1,-1,0,483,0,0,21281
103668,0,2,0,-1,-1,0,26108,0,0,21134
103669,0,1,0,-1,-1,0,23300,0,0,23274
103674,0,0,-1,-1,-1,0,483,0,0,20728
103675,0,0,-1,-1,-1,0,483,0,0,20729
103676,0,0,-1,-1,-1,0,483,0,0,20732
103677,0,0,-1,-1,-1,0,483,0,0,20734
103678,0,0,0,180000,-1,0,24854,0,0,20503
103687,1,1,0,-1,-1,0,26283,0,0,21707
103688,0,0,-1,0,1000,11,25990,0,0,21215
103689,0,0,-1,-1,3000,330,55884,0,0,21218
103698,0,0,-1,-1,3000,330,483,0,0,21176
103701,0,1,0,-1,-1,0,25901,0,0,21189
103706,0,0,-1,-1,-1,0,55884,0,0,21168
103707,0,0,-5,1000,-1,0,25120,0,0,20747
103708,0,2,0,-1,-1,0,24993,0,0,20578
103711,0,0,-1,-1,-1,0,483,0,0,20554
103728,0,1,0,-1,-1,0,17899,0,0,20347
103752,0,0,-1,0,1000,11,29041,0,0,23175
103753,0,0,-1,-1,-1,0,29029,0,0,23176
103756,0,0,-1,-1,-1,0,483,0,0,24101
103758,0,0,0,0,0,79,30331,0,0,23794
103759,0,0,0,0,0,79,30336,0,0,23795
103760,0,0,0,0,0,79,30338,0,0,23796
103763,0,0,-1,-1,-1,0,483,0,0,22703
103781,0,0,-3,600000,60000,24,29305,0,0,23379
103784,0,0,-1,0,60000,4,17531,0,0,23578
103787,0,0,-1,-1,-1,0,29480,0,0,23549
103788,0,0,0,120000,0,0,29506,0,0,23558
103789,0,0,0,120000,20000,1141,29602,0,0,23570
103790,0,0,-1,0,60000,4,17534,0,0,23579
103791,0,0,-1,-1,-1,0,483,0,0,22774
103803,0,0,0,-1,-1,0,55884,0,0,22780
103804,0,0,-1,-1,-1,0,55884,0,0,22781
103814,0,0,-1,-1,-1,0,483,0,0,22767
103815,0,0,-1,-1,-1,0,483,0,0,22769
103816,0,0,-1,-1,-1,0,483,0,0,22772
103817,0,0,-1,-1,-1,0,483,0,0,22694
103818,0,0,-1,-1,-1,0,55884,0,0,23002
103819,0,1,0,-1,-1,0,28847,0,0,23004
103825,0,0,-1,0,1000,150,30020,0,0,23684
103826,0,0,-1,-1,-1,0,483,0,0,23689
103828,0,0,-1,0,0,0,27110,0,0,22031
103831,2,0,0,120000,15000,1141,28866,0,0,22954
103847,0,0,-1,-1,-1,0,29006,0,0,23164
103853,0,0,-1,-1,-1,0,483,0,0,22390
103856,0,0,-1,-1,-1,0,483,0,0,22392
103858,0,0,-1,-1,-1,0,483,0,0,22220
103861,0,1,0,-1,-1,0,28282,0,0,22691
103862,1,2,0,-1,-1,0,28414,0,0,22691
103865,4,2,0,-1,-1,0,29155,0,0,22691
103866,0,0,-1,-1,-1,0,483,0,0,22692
103867,0,0,-1,-1,180000,1153,29432,0,0,22682
103876,0,0,-1,-1,-1,0,483,0,0,22766
103877,0,0,-1,-1,-1,0,483,0,0,22768
103878,0,0,-1,-1,-1,0,483,0,0,22770
103879,0,0,-1,-1,-1,0,483,0,0,22771
103880,0,0,-1,-1,-1,0,483,0,0,22773
103881,0,0,-1,-1,-1,0,483,0,0,22739
103892,0,0,-1,1500,-1,0,28806,0,0,23247
103897,0,0,-10,-1,120000,1142,26682,0,0,21829
103898,0,0,-1,0,0,0,27123,0,0,22027
103902,0,0,-1,0,0,0,27112,0,0,22033
103903,0,1,0,-1,-1,0,43588,0,0,23072
103913,2,1,0,-1,-1,0,28143,0,0,22630
103914,3,0,0,-1,-1,0,28148,0,0,22630
103915,0,1,0,-1,-1,0,28144,0,0,22631
103917,2,0,0,-1,-1,0,28148,0,0,22631
103918,0,1,0,-1,-1,0,1276171,0,0,22632
103921,3,0,0,-1,-1,0,28148,0,0,22632
103936,0,0,-1,-1,-1,0,483,0,0,22309
103937,0,0,-1,-1,-1,0,483,0,0,22310
103943,0,0,-1,0,0,0,27115,0,0,22036
103948,0,0,-1,-1,-1,0,28161,0,0,22635
103956,0,0,-1,-1,-1,0,55884,0,0,23713
103957,0,0,-1,-1,3000,330,55884,0,0,23720
103962,0,0,-1,1000,1000,11,29334,0,0,23211
103973,0,0,0,3600000,3600000,1149,21358,0,0,22754
103977,0,1,0,-1,-1,0,23043,0,0,23288
103979,0,1,0,-1,-1,0,23037,0,0,23290
103992,0,1,0,-1,-1,0,22778,0,0,23286
104006,0,1,0,-1,-1,0,27037,0,0,23073
104025,0,0,-1,-1,-1,0,483,0,0,22312
104028,0,0,-1,0,0,0,27102,0,0,22024
104029,0,0,-1,0,0,0,22092,0,0,22026
104030,0,0,-1,0,0,0,26792,0,0,22020
104041,0,0,-1,0,120000,1153,27661,0,0,22261
104042,0,0,-1,-1,-1,0,28163,0,0,22636
104046,0,0,-1,0,1000,11,29055,0,0,23172
104053,0,0,0,0,0,103,30175,0,0,23719
104054,0,0,0,0,0,103,30177,0,0,23721
104055,0,0,0,0,0,103,30178,0,0,23722
104062,0,0,-1,-1,-1,0,55884,0,0,23015
104063,0,0,-1,300000,60000,24,29324,0,0,23418
104064,0,0,-1,1000,-1,0,29335,0,0,23435
104066,0,1,0,-1,-1,0,27853,0,0,22398
104068,1,1,0,-1,-1,0,25975,0,0,23017
104071,0,0,0,0,0,0,30183,0,0,23725
104072,0,0,0,0,0,0,30190,0,0,23728
104076,0,0,-1,0,0,0,26743,0,0,22023
104094,0,0,-1,1000,-1,0,29332,0,0,23327
104095,0,0,0,-1,-1,0,27667,0,0,22131
104096,0,0,-1,-1,-1,0,483,0,0,22695
104097,0,0,-1,-1,-1,0,483,0,0,22698
104100,0,0,-1,-1,-1,0,28165,0,0,22638
104101,0,0,-1,-1,-1,0,27709,0,0,22140
104102,0,0,-1,-1,-1,0,27703,0,0,22141
104103,0,0,-1,-1,-1,0,27711,0,0,22142
104105,0,0,-1,0,1000,11,29073,0,0,22895
104106,0,0,-1,-1,-1,0,483,0,0,22897
104109,0,0,-1,-1,-1,0,27701,0,0,22143
104112,0,0,-1,1000,0,0,26899,0,0,22259
104113,0,0,0,-1,-1,0,27664,0,0,22285
104114,0,0,0,-1,-1,0,27665,0,0,22286
104115,0,0,0,-1,-1,0,27665,0,0,22287
104116,0,0,0,-1,-1,0,27665,0,0,22288
104117,0,0,0,-1,-1,0,27666,0,0,22290
104118,0,1,0,-1,-1,0,27846,0,0,22399
104130,0,0,-1,-1,-1,0,483,0,0,23320
104146,0,1,0,-1,-1,0,28849,0,0,23005
104147,0,1,0,-1,-1,0,25975,0,0,22937
104153,0,0,-1,-1,3000,330,55884,0,0,23193
104154,0,0,-1,1500,-1,0,30088,0,0,23194
104155,0,0,-1,1500,-1,0,30089,0,0,23195
104156,0,0,-1,1500,-1,0,30090,0,0,23196
104157,0,1,0,-1,-1,0,27847,0,0,22402
104160,0,0,0,0,0,0,30187,0,0,23727
104161,0,1,0,-1,-1,0,28855,0,0,23198
104162,0,1,0,-1,-1,0,28857,0,0,23199
104166,1,0,0,120000,-1,0,28862,0,0,23001
104174,0,0,-1,-1,-1,0,55884,0,0,23007
104176,0,1,0,-1,-1,0,28856,0,0,23200
104177,0,1,0,-1,-1,0,28853,0,0,23201
104178,0,1,0,-1,-1,0,28853,0,0,23202
104179,0,1,0,-1,-1,0,28854,0,0,23197
104192,0,0,0,0,900000,1149,28354,0,0,22737
104193,0,0,-1,0,1000,11,29008,0,0,23160
104194,0,0,-1,0,1000,59,29007,0,0,23161
104195,0,0,-5,1500,-1,0,29004,0,0,23163
104202,0,0,-1,0,0,0,26019,0,0,22587
104203,0,0,-1,0,0,0,6476,0,0,22588
104206,2,1,0,-1,-1,0,28142,0,0,22589
104207,3,0,0,-1,-1,0,28148,0,0,22589
104208,0,0,-1,-1,-1,0,55884,0,0,23712
104209,0,0,-1,30000,0,0,69773,0,0,23714
104210,0,0,0,0,0,103,30164,0,0,23715
104211,0,0,-1,600000,0,0,69777,0,0,23716
104212,0,0,0,0,0,103,30173,0,0,23718
104214,0,0,-1,-1,-1,0,27715,0,0,22144
104215,0,0,-1,-1,-1,0,27718,0,0,22145
104216,0,0,-1,0,60000,24,17291,0,0,22151
104221,0,0,-1,0,0,0,27109,0,0,22030
104226,0,0,-10,-1,120000,1142,26681,0,0,21833
104227,0,0,-10,-1,-1,0,26682,0,0,21834
104238,2,0,0,120000,20000,1141,28773,0,0,23040
104239,0,0,-1,-1,-1,0,483,0,0,24102
104250,1,0,0,120000,20000,1141,28779,0,0,23046
104252,1,0,0,120000,30000,1141,28780,0,0,23047
104257,0,1,0,-1,-1,0,17319,0,0,23089
104258,0,1,0,-1,-1,0,18098,0,0,23090
104261,2,1,0,-1,-1,0,18676,0,0,22195
104265,0,0,-1,-1,-1,0,483,0,0,22685
104266,0,0,-1,-1,-1,0,483,0,0,22696
104267,0,0,-1,-1,-1,0,483,0,0,22697
104282,0,0,0,0,60000,1140,27433,0,0,21946
104283,0,0,-1,-1,-1,0,27708,0,0,21960
104284,0,0,-1,-1,-1,0,55884,0,0,22235
104285,0,0,-1,0,1000,11,71074,0,0,22236
104286,0,0,-1,0,1000,11,71073,0,0,22237
104288,1,0,0,120000,20000,1141,28777,0,0,23041
104289,0,0,0,120000,-1,0,28778,0,0,23042
104297,0,0,-1,-1,-1,0,27700,0,0,22176
104299,1,1,0,-1,-1,0,28869,0,0,22943
104309,0,1,0,-1,-1,0,28870,0,0,23081
104318,0,1,0,-1,-1,0,28876,0,0,23091
104319,0,1,0,-1,-1,0,18098,0,0,23092
104327,0,0,-1,-1,-1,0,483,0,0,22683
104328,0,1,0,-1,-1,0,23043,0,0,22869
104330,0,0,-1,-1,-1,0,483,0,0,22684
104331,0,0,-1,-1,-1,0,483,0,0,22686
104332,0,0,-1,-1,-1,0,483,0,0,22687
104333,0,1,0,-1,-1,0,17319,0,0,23087
104334,0,1,0,-1,-1,0,17319,0,0,23088
104339,0,1,0,-1,-1,0,22778,0,0,22868
104340,0,0,-1,-1,-1,0,483,0,0,22388
104341,0,0,-1,-1,-1,0,27738,0,0,22046
104342,0,1,0,-1,-1,0,23037,0,0,22870
104344,0,1,0,-1,-1,0,18098,0,0,23093
104345,0,0,-1,1000,-1,0,28891,0,0,23122
104346,0,0,-1,1000,-1,0,28898,0,0,23123
104350,0,1,0,-1,-1,0,23217,0,0,23280
104355,0,1,0,-1,-1,0,23049,0,0,23285
104357,0,1,0,-1,-1,0,28870,0,0,23078
104358,0,0,-1,0,1000,11,71071,0,0,22238
104359,0,0,-1,0,1000,11,71068,0,0,22239
104362,0,0,0,-1,-1,0,27664,0,0,22284
104363,0,0,-1,-1,-1,0,483,0,0,22389
104382,0,1,0,-1,-1,0,28870,0,0,23082
104386,0,0,0,75000,15000,1141,27675,0,0,22268
104399,0,1,0,-1,-1,0,23046,0,0,22865
104401,0,0,0,60000,20000,1141,28200,0,0,22678
104402,0,0,-1,-1,-1,0,55884,0,0,23083
104403,0,1,0,-1,-1,0,22849,0,0,23084
104404,0,1,0,-1,-1,0,24197,0,0,23085
104405,0,0,-1,0,0,0,27117,0,0,22038
104406,0,0,-1,0,0,0,27118,0,0,22039
104407,0,0,-1,1000,-1,0,47175,0,0,23246
104410,0,0,-1,-1,-1,0,27739,0,0,22047
104411,0,0,-1,-1,-1,0,483,0,0,22307
104412,0,0,-1,-1,-1,0,483,0,0,22308
104413,0,0,-1,-1,-1,0,27146,0,0,21984
104414,0,0,-1,1000,-1,0,29116,0,0,23215
104416,0,0,-1,0,0,0,27121,0,0,22042
104417,0,0,-1,0,0,0,27122,0,0,22043
104422,0,0,0,-1,-1,0,27664,0,0,22283
104424,1,1,0,-1,-1,0,26283,0,0,22069
104427,0,1,0,-1,-1,0,28539,0,0,22862
104429,0,0,-1,0,0,0,3231,0,0,22584
104430,0,0,-1,0,0,0,8375,0,0,22585
104431,0,0,-1,0,0,0,26020,0,0,22586
104438,0,0,-1,1000,-1,0,29333,0,0,23326
104440,0,0,-1,-1,-1,0,28800,0,0,23055
104443,0,1,0,-1,-1,0,23217,0,0,22863
104447,0,0,0,600000,-1,0,27922,0,0,22485
104448,0,0,-1,-1,-1,0,28086,0,0,22486
104449,0,0,-1,-1,-1,0,27713,0,0,22123
104451,0,1,0,-1,-1,0,27539,0,0,22196
104452,0,1,0,-1,-1,0,18676,0,0,22197
104453,0,0,-1,0,0,0,27107,0,0,22028
104454,0,0,0,0,600000,1139,27190,0,0,22050
104455,0,0,-1,0,0,0,27119,0,0,22040
104473,0,0,-1,0,0,0,27111,0,0,22032
104474,0,0,-1,0,0,0,27114,0,0,22035
104475,0,0,-1,0,0,0,27116,0,0,22037
104476,0,0,0,-1,-1,0,27668,0,0,22136
104477,0,0,0,0,600000,1139,27191,0,0,22051
104494,0,0,0,0,600000,1139,27201,0,0,22052
104495,0,0,0,0,600000,1139,27202,0,0,22056
104496,0,0,0,0,600000,1139,27203,0,0,22057
104499,0,0,-1,0,0,0,27120,0,0,22041
104510,2,1,0,-1,-1,0,28799,0,0,22799
104520,0,0,0,-1,-1,0,27667,0,0,22132
104521,0,0,0,-1,-1,0,27667,0,0,22133
104522,0,0,0,-1,-1,0,27668,0,0,22134
104523,0,0,0,-1,-1,0,27668,0,0,22135
104528,0,1,0,-1,-1,0,23049,0,0,22856
104530,1,1,0,-1,-1,0,22801,0,0,22857
115245,0,0,0,-1,-1,0,308395,0,0,172070
118012,0,0,-1,-1,-1,0,55884,0,0,180089
126806,0,0,-1,-1,-1,0,55884,0,0,183107
126807,1,6,0,-1,-1,0,340710,0,0,183107
127524,0,0,0,600000,600000,0,30978,0,0,23905
127525,0,0,-1,-1,-1,0,483,0,0,24003
127526,1,6,0,-1,-1,0,27960,0,0,24003
127527,0,0,-1,0,1000,59,22734,0,0,24006
127530,1,0,10,1500,-1,0,25607,0,0,20966
127532,1,0,10,1500,0,0,25608,0,0,20967
127535,0,0,-1,-1,-1,0,483,0,0,20970
127536,1,6,0,-1,-1,0,25610,0,0,20970
127537,0,0,-1,-1,-1,0,483,0,0,20971
127538,1,6,0,-1,-1,0,25612,0,0,20971
127539,0,1,0,-1,-1,0,9325,0,0,21087
127540,0,1,0,-1,-1,0,14793,0,0,21088
127541,0,1,0,-1,-1,0,18012,0,0,21089
127542,0,1,0,-1,-1,0,14793,0,0,21090
127543,0,1,0,-1,-1,0,18012,0,0,21091
127544,0,1,0,-1,-1,0,14793,0,0,21092
127545,0,1,0,0,0,0,9325,0,0,21093
127546,0,0,-1,-1,-1,0,483,0,0,21892
127547,1,6,0,-1,-1,0,26747,0,0,21892
127548,0,0,-1,-1,-1,0,483,0,0,21893
127549,1,6,0,-1,-1,0,26749,0,0,21893
127550,0,0,-1,-1,-1,0,483,0,0,21894
127551,1,6,0,-1,-1,0,26750,0,0,21894
127552,0,0,-1,-1,-1,0,483,0,0,21895
127553,1,6,0,-1,-1,0,26751,0,0,21895
127554,0,0,-1,-1,-1,0,483,0,0,21896
127555,1,6,0,-1,-1,0,26773,0,0,21896
127556,0,0,-1,-1,-1,0,27492,0,0,22185
127557,0,0,-1,-1,-1,0,27493,0,0,22186
127558,0,0,-1,-1,-1,0,27494,0,0,22187
127559,0,0,-1,-1,-1,0,27495,0,0,22188
127560,0,0,-1,-1,-1,0,27496,0,0,22189
127561,0,0,-1,-1,-1,0,483,0,0,22565
127562,1,6,0,-1,-1,0,28022,0,0,22565
127563,0,0,-1,0,60000,4,28538,0,0,22847
127564,0,0,-1,0,3000,79,28514,0,0,22848
127565,0,0,-1,0,120000,4,28515,0,0,22849
127566,0,0,-1,0,60000,4,28517,0,0,22850
127567,0,0,-1,0,3000,79,28518,0,0,22851
127568,0,0,-1,0,3000,79,28519,0,0,22853
127569,0,0,-1,0,3000,79,28520,0,0,22854
127576,0,0,-1,-1,-1,0,483,0,0,23617
127577,1,6,0,-1,-1,0,29649,0,0,23617
127578,0,0,-1,-1,-1,0,483,0,0,23618
127579,1,6,0,-1,-1,0,29656,0,0,23618
127580,0,0,-1,-1,-1,0,483,0,0,23619
127581,1,6,0,-1,-1,0,29657,0,0,23619
127582,0,0,-1,-1,-1,0,483,0,0,23620
127583,1,6,0,-1,-1,0,29658,0,0,23620
127584,0,0,-1,-1,-1,0,30199,0,0,23730
127585,0,0,-1,-1,-1,0,30200,0,0,23731
127586,0,0,0,180000,0,0,30208,0,0,23732
127587,0,0,0,15000,0,0,30435,0,0,23820
127588,0,0,0,0,0,0,30427,0,0,23821
127589,0,0,-20,0,60000,4,67486,0,0,23822
127590,0,0,-20,0,60000,4,67487,0,0,23823
127592,2,0,0,300000,300000,1203,51582,0,0,23824
127593,0,0,0,300000,0,0,30458,0,0,23825
127594,0,0,0,600000,600000,0,30978,0,0,23911
127596,1,0,0,600000,600000,0,30978,0,0,23912
127599,1,0,0,600000,600000,0,30978,0,0,23914
127601,0,0,-1,0,1000,59,22734,0,0,24007
127602,0,0,-1,0,1000,11,18234,0,0,24008
127603,0,0,-1,0,1000,11,18234,0,0,24009
127604,0,0,0,-1,-1,0,3366,0,0,24010
127605,0,0,-1,-1,-1,0,483,0,0,20972
127606,1,6,0,-1,-1,0,25614,0,0,20972
127607,0,0,-1,-1,-1,0,483,0,0,20973
127608,1,6,0,-1,-1,0,25617,0,0,20973
127609,0,0,-1,-1,-1,0,483,0,0,20974
127610,1,6,0,-1,-1,0,25618,0,0,20974
127611,0,0,-1,-1,-1,0,483,0,0,20975
127612,1,6,0,-1,-1,0,25619,0,0,20975
127613,0,1,0,0,0,0,9325,0,0,21094
127614,0,1,0,-1,-1,0,18012,0,0,21095
127615,0,1,0,-1,-1,0,9325,0,0,21096
127616,0,1,0,-1,-1,0,25706,0,0,21097
127617,0,1,0,0,0,0,7710,0,0,21098
127618,0,0,0,300000,60000,28,26551,0,0,21748
127619,0,0,-1,-1,-1,0,483,0,0,21897
127620,1,6,0,-1,-1,0,26774,0,0,21897
127621,0,0,-1,-1,-1,0,483,0,0,21898
127622,1,6,0,-1,-1,0,26775,0,0,21898
127623,0,0,-1,-1,-1,0,483,0,0,21899
127624,1,6,0,-1,-1,0,26776,0,0,21899
127625,0,0,-1,-1,-1,0,483,0,0,21900
127626,1,6,0,-1,-1,0,26777,0,0,21900
127627,0,0,-1,-1,-1,0,27497,0,0,22190
127628,0,0,-1,0,1000,11,1131,0,0,22323
127629,0,0,-1,-1,500,1952,32978,0,0,22446
127630,0,0,-1,-1,-1,0,28100,0,0,22572
127631,0,0,-1,-1,-1,0,28101,0,0,22573
127632,0,0,-1,-1,-1,0,28102,0,0,22574
127633,0,0,-1,-1,-1,0,28106,0,0,22575
127634,0,0,-1,-1,-1,0,28105,0,0,22576
127635,0,0,-1,-1,-1,0,28104,0,0,22577
127636,0,0,-1,0,3000,79,28521,0,0,22861
127637,0,0,-1,0,3000,79,28540,0,0,22866
127638,0,0,-1,0,60000,4,28548,0,0,22871
127639,0,0,-1,-1,-1,0,29364,0,0,23417
127646,0,0,-1,1000,-1,0,29452,0,0,23528
127647,0,0,-1,1000,-1,0,29453,0,0,23529
127648,0,0,-1,-1,-1,0,29454,0,0,23530
127649,0,0,-1,-1,-1,0,483,0,0,23621
127650,1,6,0,-1,-1,0,29622,0,0,23621
127651,0,0,-1,-1,-1,0,483,0,0,23622
127652,1,6,0,-1,-1,0,29662,0,0,23622
127653,0,0,-1,-1,-1,0,483,0,0,23623
127654,1,6,0,-1,-1,0,29663,0,0,23623
127655,0,0,-1,-1,-1,0,483,0,0,23624
127656,1,6,0,-1,-1,0,29664,0,0,23624
127657,0,0,-1,-1,-1,0,30214,0,0,23734
127658,0,0,-1,-1,-1,0,30230,0,0,23735
127659,0,0,-1,0,60000,24,30216,0,0,23736
127660,0,0,-1,0,60000,24,30217,0,0,23737
127661,0,0,-1,0,60000,24,30461,0,0,23826
127662,0,0,-1,300000,60000,24,30486,0,0,23827
127667,0,0,50,-1,-1,0,39681,0,0,23831
127668,0,0,0,600000,600000,0,30978,0,0,23916
127670,1,0,0,600000,600000,0,30978,0,0,23917
127672,1,0,0,600000,600000,0,30978,0,0,23918
127673,0,0,-1,-1,-1,0,483,0,0,20976
127674,1,6,0,-1,-1,0,25622,0,0,20976
127678,1,0,10,1500,0,0,26562,0,0,21755
127679,0,1,0,0,0,0,23990,0,0,21756
127680,1,0,0,1200000,0,0,26571,0,0,21756
127681,0,1,0,0,0,0,26578,0,0,21758
127682,1,0,0,300000,15000,1141,26576,0,0,21758
127683,0,0,-1,-1,-1,0,483,0,0,21901
127684,1,6,0,-1,-1,0,26778,0,0,21901
127685,0,0,-1,-1,-1,0,483,0,0,21902
127686,1,6,0,-1,-1,0,26779,0,0,21902
127687,0,0,-1,-1,-1,0,483,0,0,21903
127688,1,6,0,-1,-1,0,26780,0,0,21903
127689,0,0,-1,-1,-1,0,483,0,0,21904
127690,1,6,0,-1,-1,0,26781,0,0,21904
127691,0,0,-1,-1,-1,0,483,0,0,21905
127692,1,6,0,-1,-1,0,26782,0,0,21905
127693,0,0,-1,-1,500,1952,32977,0,0,22447
127694,0,0,-1,-1,-1,0,28103,0,0,22578
127695,0,0,-4,5000,-1,0,28624,0,0,22896
127696,0,0,-1,-1,-1,0,483,0,0,22900
127697,1,6,0,-1,-1,0,28543,0,0,22900
127699,0,1,0,-1,-1,0,43588,0,0,23533
127702,0,0,-1,-1,-1,0,483,0,0,23625
127703,1,6,0,-1,-1,0,29668,0,0,23625
127704,0,0,-1,-1,-1,0,483,0,0,23626
127705,1,6,0,-1,-1,0,29669,0,0,23626
127706,0,0,-1,-1,-1,0,483,0,0,23627
127707,1,6,0,-1,-1,0,29671,0,0,23627
127708,0,0,-1,-1,-1,0,483,0,0,23628
127709,1,6,0,-1,-1,0,29672,0,0,23628
127710,0,0,50,-1,-1,0,39684,0,0,23832
127711,0,0,0,300000,0,0,30507,0,0,23835
127712,0,0,0,120000,0,0,46567,0,0,23836
127713,0,0,0,1000,-1,0,30767,0,0,23925
127719,0,0,10,1500,-1,0,25207,0,0,20830
127720,0,0,10,1500,-1,0,25211,0,0,20831
127721,0,1,0,0,0,0,23990,0,0,21759
127722,1,0,0,600000,60000,28,26571,0,0,21759
127724,1,0,0,300000,60000,28,26581,0,0,21760
127726,1,0,0,900000,60000,28,26593,0,0,21763
127729,0,1,0,0,0,0,26598,0,0,21766
127730,0,0,-1,-1,-1,0,483,0,0,21906
127731,1,6,0,-1,-1,0,26783,0,0,21906
127732,0,0,-1,-1,-1,0,483,0,0,21907
127733,1,6,0,-1,-1,0,26784,0,0,21907
127734,0,0,-1,-1,-1,0,483,0,0,21908
127735,1,6,0,-1,-1,0,26752,0,0,21908
127736,0,0,-1,-1,-1,0,483,0,0,21909
127737,1,6,0,-1,-1,0,26753,0,0,21909
127738,0,0,-1,-1,-1,0,483,0,0,21910
127739,1,6,0,-1,-1,0,26754,0,0,21910
127740,0,0,-1,-1,-1,0,483,0,0,22901
127741,1,6,0,-1,-1,0,28546,0,0,22901
127742,0,0,-1,-1,-1,0,483,0,0,22902
127743,1,6,0,-1,-1,0,28549,0,0,22902
127744,0,0,-1,-1,-1,0,483,0,0,22903
127745,1,6,0,-1,-1,0,28550,0,0,22903
127746,0,0,-1,-1,-1,0,483,0,0,22904
127747,1,6,0,-1,-1,0,28552,0,0,22904
127748,0,0,0,-1,-1,0,29200,0,0,23268
127749,0,0,-1,120000,120000,1153,29251,0,0,23329
127753,0,2,0,-1,-1,0,16916,0,0,23541
127754,0,0,-1,-1,-1,0,483,0,0,23629
127755,1,6,0,-1,-1,0,29692,0,0,23629
127756,0,0,-1,-1,-1,0,483,0,0,23630
127757,1,6,0,-1,-1,0,29693,0,0,23630
127758,0,0,-1,-1,-1,0,483,0,0,23631
127759,1,6,0,-1,-1,0,29694,0,0,23631
127760,0,0,-1,-1,-1,0,483,0,0,23632
127761,1,6,0,-1,-1,0,29695,0,0,23632
127762,0,0,-1,-1,-1,0,30222,0,0,23745
127764,0,0,-1,-1,-1,0,30226,0,0,23749
127765,0,1,0,0,0,0,40386,0,0,23838
127768,1,1,0,-1,-1,0,30519,0,0,23839
127769,0,0,-1,0,0,0,30524,0,0,23840
127770,0,0,-1,0,60000,24,30526,0,0,23841
127773,0,0,0,300000,20000,1141,26599,0,0,21769
127774,0,0,-1,-1,-1,0,483,0,0,21911
127775,1,6,0,-1,-1,0,26755,0,0,21911
127776,0,0,-1,-1,-1,0,483,0,0,21912
127777,1,6,0,-1,-1,0,26756,0,0,21912
127778,0,0,-1,-1,-1,0,483,0,0,21913
127779,1,6,0,-1,-1,0,26758,0,0,21913
127780,0,0,-1,-1,-1,0,483,0,0,21914
127781,1,6,0,-1,-1,0,26757,0,0,21914
127782,0,0,0,20000,20000,1140,27907,0,0,22473
127783,0,0,-1,-1,-1,0,483,0,0,22905
127784,1,6,0,-1,-1,0,28553,0,0,22905
127785,0,0,-1,-1,-1,0,483,0,0,22906
127786,1,6,0,-1,-1,0,28554,0,0,22906
127787,0,0,-1,-1,-1,0,483,0,0,22907
127788,1,6,0,-1,-1,0,28555,0,0,22907
127789,0,0,-1,-1,-1,0,483,0,0,22908
127790,1,6,0,-1,-1,0,28556,0,0,22908
127791,0,0,-1,-1,120000,1153,29271,0,0,23334
127794,0,0,-1,-1,-1,0,483,0,0,23633
127795,1,6,0,-1,-1,0,29696,0,0,23633
127796,0,0,-1,-1,-1,0,483,0,0,23634
127797,1,6,0,-1,-1,0,29697,0,0,23634
127798,0,0,-1,-1,-1,0,483,0,0,23635
127799,1,6,0,-1,-1,0,29698,0,0,23635
127800,0,0,-1,-1,-1,0,483,0,0,23636
127801,1,6,0,-1,-1,0,29699,0,0,23636
127802,0,0,0,-1,-1,0,30408,0,0,23751
127803,0,0,0,20000,20000,0,31114,0,0,23934
127808,1,0,0,300000,60000,28,26600,0,0,21777
127810,0,0,-1,-1,-1,0,483,0,0,21915
127811,1,6,0,-1,-1,0,26759,0,0,21915
127812,0,0,-1,-1,-1,0,483,0,0,21916
127813,1,6,0,-1,-1,0,26760,0,0,21916
127814,0,0,-1,-1,-1,0,483,0,0,21917
127815,1,6,0,-1,-1,0,26762,0,0,21917
127816,0,0,-1,-1,-1,0,483,0,0,21918
127817,1,6,0,-1,-1,0,26761,0,0,21918
127818,0,0,-5,1000,-1,0,28013,0,0,22521
127819,0,0,-5,1000,-1,0,28017,0,0,22522
127820,0,0,-1,-1,-1,0,483,0,0,22530
127821,1,6,0,-1,-1,0,27906,0,0,22530
127822,0,0,-1,-1,-1,0,483,0,0,22909
127823,1,6,0,-1,-1,0,28557,0,0,22909
127824,0,0,-1,-1,-1,0,483,0,0,22910
127825,1,6,0,-1,-1,0,28558,0,0,22910
127826,0,0,-1,-1,-1,0,483,0,0,22911
127827,1,6,0,-1,-1,0,28562,0,0,22911
127828,0,0,-1,-1,-1,0,483,0,0,22912
127829,1,6,0,-1,-1,0,28563,0,0,22912
127830,0,0,0,-1,-1,0,34665,0,0,23337
127831,0,3,0,-1,-1,0,29343,0,0,23442
127832,0,0,0,-1,-1,0,29347,0,0,23443
127833,0,0,-1,0,3000,79,29348,0,0,23444
127838,0,0,-1,1000,-1,0,32274,0,0,23559
127839,0,0,-1,-1,-1,0,483,0,0,23637
127840,1,6,0,-1,-1,0,29700,0,0,23637
127841,0,0,-1,-1,-1,0,483,0,0,23638
127842,1,6,0,-1,-1,0,29728,0,0,23638
127843,0,0,-1,-1,-1,0,483,0,0,23639
127844,1,6,0,-1,-1,0,29729,0,0,23639
127845,0,0,-1,-1,-1,0,30224,0,0,23755
127846,0,0,-1,0,1000,11,5004,0,0,23756
127847,0,0,-1,0,1000,59,11629,0,0,23848
127851,1,1,0,-1,-1,0,26605,0,0,21780
127853,1,0,0,300000,60000,28,26609,0,0,21784
127854,0,0,-1,-1,-1,0,483,0,0,21919
127855,1,6,0,-1,-1,0,26763,0,0,21919
127856,0,0,-1,-1,-1,0,483,0,0,21924
127857,1,6,0,-1,-1,0,18406,0,0,21924
127858,0,0,-1,0,-1,0,26891,0,0,21927
127859,0,0,-1,-1,-1,0,483,0,0,22531
127860,1,6,0,-1,-1,0,27911,0,0,22531
127861,0,0,-1,-1,-1,0,483,0,0,22532
127862,1,6,0,-1,-1,0,27913,0,0,22532
127863,0,0,-1,-1,-1,0,483,0,0,22533
127864,1,6,0,-1,-1,0,27914,0,0,22533
127865,0,0,-1,-1,-1,0,483,0,0,22534
127866,1,6,0,-1,-1,0,27917,0,0,22534
127867,0,0,-1,0,1000,11,5005,0,0,22645
127868,0,0,0,0,180000,1148,28170,0,0,22646
127870,0,0,-1,-1,-1,0,483,0,0,22913
127871,1,6,0,-1,-1,0,28564,0,0,22913
127872,0,0,-1,-1,-1,0,483,0,0,22914
127873,1,6,0,-1,-1,0,28565,0,0,22914
127874,0,0,-1,-1,-1,0,483,0,0,22915
127875,1,6,0,-1,-1,0,28566,0,0,22915
127876,0,0,-1,-1,-1,0,483,0,0,22916
127877,1,6,0,-1,-1,0,28567,0,0,22916
127878,0,0,-1,-1,-1,0,483,0,0,23130
127879,1,6,0,-1,-1,0,28903,0,0,23130
127880,0,0,-1,-1,-1,0,483,0,0,23131
127881,1,6,0,-1,-1,0,28905,0,0,23131
127882,0,0,-1,-1,-1,0,483,0,0,23133
127883,1,6,0,-1,-1,0,28906,0,0,23133
127892,2,0,0,1800000,-1,0,34518,0,0,23564
127895,2,0,0,1800000,-1,0,34518,0,0,23565
127896,0,0,0,-1,-1,0,30489,0,0,23645
127897,0,0,0,600000,600000,0,30978,0,0,23647
127898,0,0,0,600000,600000,0,30978,0,0,23648
127901,1,0,0,-1,-1,0,12883,0,0,23762
127903,2,0,0,120000,-1,0,30249,0,0,23763
127904,0,0,-1,-1,-1,0,30250,0,0,23764
127905,0,0,-1,-1,-1,0,30252,0,0,23765
127906,0,0,-1,-1,-1,0,30260,0,0,23766
127907,0,0,-1,-1,-1,0,30562,0,0,23857
127911,0,0,-1,-1,-1,0,483,0,0,20854
127912,1,6,0,-1,-1,0,25339,0,0,20854
127913,0,0,-1,-1,-1,0,483,0,0,20855
127914,1,6,0,-1,-1,0,25323,0,0,20855
127915,0,0,-1,-1,-1,0,483,0,0,20856
127916,1,6,0,-1,-1,0,25320,0,0,20856
127917,0,0,-1,0,1000,11,433,0,0,20857
127918,1,0,0,300000,60000,1141,26614,0,0,21789
127924,0,0,-1,-1,-1,0,483,0,0,21940
127925,1,6,0,-1,-1,0,26873,0,0,21940
127926,0,0,-1,-1,-1,0,483,0,0,21941
127927,1,6,0,-1,-1,0,26875,0,0,21941
127928,0,0,-1,-1,-1,0,483,0,0,21942
127929,1,6,0,-1,-1,0,26878,0,0,21942
127930,0,0,-1,-1,-1,0,483,0,0,22535
127931,1,6,0,-1,-1,0,27920,0,0,22535
127932,0,0,-1,-1,-1,0,483,0,0,22536
127933,1,6,0,-1,-1,0,27924,0,0,22536
127934,0,0,-1,-1,-1,0,483,0,0,22537
127935,1,6,0,-1,-1,0,27926,0,0,22537
127936,0,0,-1,-1,-1,0,483,0,0,22647
127937,1,6,0,-1,-1,0,28267,0,0,22647
127938,0,0,0,-1,-1,0,28226,0,0,22675
127939,0,0,0,60000,60000,1140,28247,0,0,22693
127940,0,0,-1,-1,-1,0,483,0,0,22917
127941,1,6,0,-1,-1,0,28568,0,0,22917
127942,0,0,-1,-1,-1,0,483,0,0,22918
127943,1,6,0,-1,-1,0,28569,0,0,22918
127944,0,0,-1,-1,-1,0,483,0,0,22919
127945,1,6,0,-1,-1,0,28570,0,0,22919
127946,0,0,-1,-1,-1,0,483,0,0,22920
127947,1,6,0,-1,-1,0,28571,0,0,22920
127948,0,0,-1,-1,-1,0,483,0,0,23134
127949,1,6,0,-1,-1,0,28907,0,0,23134
127950,0,0,-1,-1,-1,0,483,0,0,23135
127951,1,6,0,-1,-1,0,28910,0,0,23135
127952,0,0,-1,-1,-1,0,483,0,0,23136
127953,1,6,0,-1,-1,0,28912,0,0,23136
127954,0,0,-1,-1,-1,0,483,0,0,23137
127955,1,6,0,-1,-1,0,28914,0,0,23137
127962,0,0,-1,-1,-1,0,29542,0,0,23566
127963,0,0,0,600000,600000,0,30978,0,0,23649
127965,1,0,0,600000,600000,0,30978,0,0,23650
127967,1,0,0,600000,600000,0,30978,0,0,23651
127969,1,0,0,600000,600000,0,30978,0,0,23652
127971,1,0,0,600000,600000,0,30978,0,0,23653
127972,0,0,0,180000,-1,0,30261,0,0,23767
127973,0,0,-1,0,5000,1168,30262,0,0,23768
127974,0,0,-1,0,5000,1168,30263,0,0,23769
127975,0,0,-1,0,5000,1168,30265,0,0,23770
127976,0,0,-1,0,5000,1168,30264,0,0,23771
127977,0,0,0,-1,-1,0,30602,0,0,23861
127978,0,0,-1,-1,-1,0,30550,0,0,23862
127979,0,0,-1,-1,-1,0,3366,0,0,23956
127981,0,0,-1,0,-1,0,26785,0,0,21835
127982,0,0,-1,-1,-1,0,483,0,0,21943
127983,1,6,0,-1,-1,0,26881,0,0,21943
127984,0,0,-1,-1,-1,0,483,0,0,21944
127985,1,6,0,-1,-1,0,26882,0,0,21944
127986,0,0,-1,-1,-1,0,483,0,0,21945
127987,1,6,0,-1,-1,0,26887,0,0,21945
127988,0,0,-1,-1,-1,0,483,0,0,21947
127989,1,6,0,-1,-1,0,26896,0,0,21947
127990,0,0,-1,-1,-1,0,483,0,0,22538
127991,1,6,0,-1,-1,0,27927,0,0,22538
127992,0,0,-1,-1,-1,0,483,0,0,22539
127993,1,6,0,-1,-1,0,27945,0,0,22539
127994,0,0,-1,-1,-1,0,483,0,0,22540
127995,1,6,0,-1,-1,0,27946,0,0,22540
127996,0,0,-1,-1,-1,0,28273,0,0,22710
127997,0,0,10,10000,10000,1157,28451,0,0,22755
127998,0,0,-1,-1,-1,0,483,0,0,22921
127999,1,6,0,-1,-1,0,28572,0,0,22921
128000,0,0,-1,-1,-1,0,483,0,0,22922
128001,1,6,0,-1,-1,0,28573,0,0,22922
128002,0,0,-1,-1,-1,0,483,0,0,22923
128003,1,6,0,-1,-1,0,28575,0,0,22923
128004,0,0,-1,-1,-1,0,483,0,0,22924
128005,1,6,0,-1,-1,0,28576,0,0,22924
128006,0,0,-1,-1,-1,0,483,0,0,23138
128007,1,6,0,-1,-1,0,28915,0,0,23138
128008,0,0,-1,-1,-1,0,483,0,0,23140
128009,1,6,0,-1,-1,0,28916,0,0,23140
128010,0,0,-1,-1,-1,0,483,0,0,23141
128011,1,6,0,-1,-1,0,28917,0,0,23141
128012,0,0,-1,-1,-1,0,483,0,0,23142
128013,1,6,0,-1,-1,0,28918,0,0,23142
128014,0,0,-1,180000,180000,1153,29276,0,0,23354
128015,0,0,0,120000,120000,1140,29279,0,0,23358
128016,0,0,0,120000,120000,1140,29297,0,0,23361
128017,0,0,-1,-1,-1,0,483,0,0,23574
128018,1,6,0,-1,-1,0,29688,0,0,23574
128019,0,0,-1,1000,-1,0,29507,0,0,23575
128020,0,0,-1,1000,-1,0,29720,0,0,23576
128022,0,0,-1,-1,-1,0,29773,0,0,23581
128023,0,0,-1,0,1000,59,11629,0,0,23584
128024,0,0,0,-1,-1,0,29866,0,0,23654
128025,0,0,-1,-1,-1,0,29909,0,0,23655
128026,0,0,0,5000,-1,0,29917,0,0,23659
128027,0,0,-1,-1,-1,0,30567,0,0,23864
128028,0,0,-1,-1,-1,0,30557,0,0,23865
128029,0,0,0,-1,-1,0,17449,0,0,21026
128036,0,0,-1,-1,-1,0,483,0,0,21948
128037,1,6,0,-1,-1,0,26897,0,0,21948
128038,0,0,-1,-1,-1,0,483,0,0,21949
128039,1,6,0,-1,-1,0,26900,0,0,21949
128040,0,0,-1,-1,-1,0,483,0,0,21950
128041,1,6,0,-1,-1,0,26904,0,0,21950
128042,0,0,-1,-1,-1,0,483,0,0,21951
128043,1,6,0,-1,-1,0,26905,0,0,21951
128044,0,0,-1,-1,-1,0,483,0,0,22541
128045,1,6,0,-1,-1,0,27947,0,0,22541
128046,0,0,-1,-1,-1,0,483,0,0,22542
128047,1,6,0,-1,-1,0,27948,0,0,22542
128048,0,0,-1,-1,-1,0,483,0,0,22543
128049,1,6,0,-1,-1,0,27950,0,0,22543
128050,0,0,-1,-1,-1,0,483,0,0,22544
128051,1,6,0,-1,-1,0,27951,0,0,22544
128052,0,0,-1,0,3000,79,28488,0,0,22778
128053,0,0,-1,0,3000,79,28486,0,0,22779
128054,0,0,0,600000,600000,1139,28516,0,0,22783
128055,0,0,-1,-1,-1,0,483,0,0,22925
128056,1,6,0,-1,-1,0,28577,0,0,22925
128057,0,0,-1,-1,-1,0,483,0,0,22926
128058,1,6,0,-1,-1,0,28578,0,0,22926
128059,0,0,-1,-1,-1,0,483,0,0,22927
128060,1,6,0,-1,-1,0,28579,0,0,22927
128061,0,0,-1,-1,-1,0,483,0,0,23143
128062,1,6,0,-1,-1,0,28924,0,0,23143
128063,0,0,-1,-1,-1,0,483,0,0,23144
128064,1,6,0,-1,-1,0,28925,0,0,23144
128065,0,0,-1,-1,-1,0,483,0,0,23145
128066,1,6,0,-1,-1,0,28927,0,0,23145
128067,0,0,-1,-1,-1,0,483,0,0,23146
128068,1,6,0,-1,-1,0,28933,0,0,23146
128072,0,0,0,-1,-1,0,29384,0,0,23480
128073,0,0,-1,0,1000,59,1137,0,0,23585
128074,0,0,-1,0,1000,59,11009,0,0,23586
128075,0,0,0,3600000,-1,0,29830,0,0,23587
128078,0,0,0,60000,60000,1140,29731,0,0,23669
128079,0,0,-1,0,3000,79,7178,0,0,23871
128081,0,0,0,-1,3000,330,25675,0,0,21044
128082,0,1,0,-1,-1,0,9294,0,0,21045
128083,0,1,0,-1,-1,0,9399,0,0,21046
128084,0,1,0,-1,-1,0,9294,0,0,21047
128085,0,1,0,-1,-1,0,9297,0,0,21048
128086,0,1,0,-1,-1,0,9294,0,0,21049
128094,0,0,-1,-1,-1,0,483,0,0,21952
128095,1,6,0,-1,-1,0,26906,0,0,21952
128096,0,0,-1,-1,-1,0,483,0,0,21953
128097,1,6,0,-1,-1,0,26909,0,0,21953
128098,0,0,-1,-1,-1,0,483,0,0,21954
128099,1,6,0,-1,-1,0,26910,0,0,21954
128100,0,0,-1,-1,-1,0,483,0,0,21955
128101,1,6,0,-1,-1,0,26912,0,0,21955
128102,0,0,-1,-1,-1,0,483,0,0,22545
128103,1,6,0,-1,-1,0,27954,0,0,22545
128104,0,0,-1,-1,-1,0,483,0,0,22546
128105,1,6,0,-1,-1,0,27958,0,0,22546
128106,0,0,-1,-1,-1,0,483,0,0,22547
128107,1,6,0,-1,-1,0,27960,0,0,22547
128108,0,0,0,600000,600000,1139,28516,0,0,22784
128109,0,0,-1,0,180000,4,28714,0,0,22788
128110,0,0,-1,-1,-1,0,28700,0,0,22955
128111,0,0,-1,-1,-1,0,483,0,0,23147
128112,1,6,0,-1,-1,0,28936,0,0,23147
128113,0,0,-1,-1,-1,0,483,0,0,23148
128114,1,6,0,-1,-1,0,28938,0,0,23148
128115,0,0,-1,-1,-1,0,483,0,0,23149
128116,1,6,0,-1,-1,0,28944,0,0,23149
128117,0,0,-1,-1,-1,0,483,0,0,23150
128118,1,6,0,-1,-1,0,28947,0,0,23150
128119,0,0,-1,-1,-1,0,29435,0,0,23485
128120,0,0,-1,-1,-1,0,483,0,0,23590
128121,1,6,0,-1,-1,0,29566,0,0,23590
128122,0,0,-1,-1,-1,0,483,0,0,23591
128123,1,6,0,-1,-1,0,29568,0,0,23591
128124,0,0,-1,-1,-1,0,483,0,0,23592
128125,1,6,0,-1,-1,0,29569,0,0,23592
128126,0,0,-1,-1,-1,0,483,0,0,23593
128127,1,6,0,-1,-1,0,29571,0,0,23593
128128,0,0,-1,-1,-1,0,483,0,0,23594
128129,1,6,0,-1,-1,0,29603,0,0,23594
128130,0,0,0,-1,-1,0,30006,0,0,23674
128131,0,0,0,120000,-1,0,30009,0,0,23675
128132,0,0,-8,-1,-1,0,29773,0,0,23788
128133,0,0,-1,-1,-1,0,483,0,0,23874
128134,1,6,0,-1,-1,0,30547,0,0,23874
128135,0,0,0,-1,-1,0,30611,0,0,23875
128136,0,0,0,-1,-1,0,30612,0,0,23876
128137,0,0,0,-1,-1,0,30617,0,0,23877
128138,0,1,0,-1,-1,0,9297,0,0,21050
128139,0,1,0,-1,-1,0,9294,0,0,21051
128140,0,1,0,0,0,0,9399,0,0,21052
128141,0,1,0,0,0,0,9399,0,0,21053
128142,0,1,0,-1,-1,0,9297,0,0,21054
128143,0,1,0,-1,-1,0,9399,0,0,21055
128144,0,1,0,-1,-1,0,9297,0,0,21056
128153,0,0,-1,-1,-1,0,483,0,0,21956
128154,1,6,0,-1,-1,0,26914,0,0,21956
128155,0,0,-1,-1,-1,0,483,0,0,21957
128156,1,6,0,-1,-1,0,26915,0,0,21957
128157,0,0,-1,-1,-1,0,483,0,0,21958
128158,1,6,0,-1,-1,0,26918,0,0,21958
128159,0,0,-1,-1,-1,0,483,0,0,21959
128160,1,6,0,-1,-1,0,26920,0,0,21959
128161,0,0,-1,0,1000,150,27030,0,0,21990
128162,0,0,-1,-1,-1,0,483,0,0,22548
128163,1,6,0,-1,-1,0,27962,0,0,22548
128164,0,0,-1,-1,-1,0,483,0,0,22551
128165,1,6,0,-1,-1,0,27968,0,0,22551
128166,0,0,-1,0,120000,1153,28527,0,0,22795
128167,0,0,-3,-1,-1,0,29517,0,0,22796
128168,0,0,0,5000,-1,0,29528,0,0,22962
128169,0,0,-1,-1,-1,0,483,0,0,23151
128170,1,6,0,-1,-1,0,28948,0,0,23151
128171,0,0,-1,-1,-1,0,483,0,0,23152
128172,1,6,0,-1,-1,0,28950,0,0,23152
128173,0,0,-1,-1,-1,0,483,0,0,23153
128174,1,6,0,-1,-1,0,28953,0,0,23153
128175,0,0,-1,-1,-1,0,483,0,0,23154
128176,1,6,0,-1,-1,0,28955,0,0,23154
128177,0,0,-1,-1,120000,1153,29308,0,0,23381
128180,0,0,-1,0,1000,59,11007,0,0,23492
128182,0,0,-1,-1,-1,0,483,0,0,23595
128183,1,6,0,-1,-1,0,29605,0,0,23595
128184,0,0,-1,-1,-1,0,483,0,0,23596
128185,1,6,0,-1,-1,0,29606,0,0,23596
128186,0,0,-1,-1,-1,0,483,0,0,23597
128187,1,6,0,-1,-1,0,29608,0,0,23597
128188,0,0,-1,-1,-1,0,483,0,0,23598
128189,1,6,0,-1,-1,0,29611,0,0,23598
128190,0,0,0,0,120000,1164,30298,0,0,23792
128191,0,0,-1,-1,-1,0,483,0,0,23799
128192,1,6,0,-1,-1,0,30313,0,0,23799
128193,0,0,-1,-1,-1,0,483,0,0,23882
128194,1,6,0,-1,-1,0,30549,0,0,23882
128195,0,0,-1,0,900000,1164,30840,0,0,23982
128196,0,0,-1,-1,-1,0,30845,0,0,23985
128197,0,1,0,0,0,0,7687,0,0,21057
128198,0,1,0,-1,-1,0,17747,0,0,21058
128199,0,1,0,-1,-1,0,9295,0,0,21059
128200,0,1,0,-1,-1,0,17747,0,0,21060
128201,0,1,0,-1,-1,0,17870,0,0,21061
128202,0,1,0,-1,-1,0,17747,0,0,21062
128203,0,1,0,-1,-1,0,17870,0,0,21063
128207,0,0,-1,0,1000,150,27031,0,0,21991
128208,0,0,-1,-1,-1,0,483,0,0,21992
128209,1,6,0,-1,-1,0,27032,0,0,21992
128210,0,0,-1,-1,-1,0,483,0,0,21993
128211,1,6,0,-1,-1,0,27033,0,0,21993
128212,0,0,-1,-1,-1,0,27029,0,0,22012
128213,0,0,-1,0,1000,59,27089,0,0,22018
128214,0,0,-1,0,1000,11,33725,0,0,22019
128215,0,0,-1,-1,-1,0,483,0,0,22552
128216,1,6,0,-1,-1,0,27967,0,0,22552
128217,0,0,-1,-1,-1,0,483,0,0,22553
128218,1,6,0,-1,-1,0,27972,0,0,22553
128219,0,0,-1,-1,-1,0,483,0,0,22554
128220,1,6,0,-1,-1,0,27971,0,0,22554
128221,0,0,-1,-1,180000,1153,28726,0,0,22797
128222,0,0,-1,0,3000,79,28489,0,0,22823
128223,0,0,-1,0,3000,79,28490,0,0,22824
128224,0,0,-1,0,3000,79,28491,0,0,22825
128225,0,0,-1,0,60000,4,28492,0,0,22826
128226,0,0,-1,0,3000,79,28493,0,0,22827
128227,0,0,-1,0,60000,4,28494,0,0,22828
128228,0,0,-1,-1,-1,0,483,0,0,23155
128229,1,6,0,-1,-1,0,28957,0,0,23155
128230,0,0,-1,180000,180000,1153,29312,0,0,23386
128232,0,0,-1,0,1000,11,433,0,0,23495
128233,0,0,-1,1000,1500,1136,26286,0,0,23496
128236,0,0,0,-1,-1,0,29451,0,0,23500
128237,0,0,-1,-1,-1,0,483,0,0,23599
128238,1,6,0,-1,-1,0,29610,0,0,23599
128239,0,0,-1,-1,-1,0,483,0,0,23600
128240,1,6,0,-1,-1,0,29613,0,0,23600
128241,0,0,-1,-1,-1,0,483,0,0,23601
128242,1,6,0,-1,-1,0,29614,0,0,23601
128243,0,0,-1,-1,-1,0,483,0,0,23602
128244,1,6,0,-1,-1,0,29615,0,0,23602
128245,0,0,0,-1,-1,0,30015,0,0,23680
128246,0,0,0,60000,60000,1140,30212,0,0,23682
128247,0,0,-1,-1,-1,0,483,0,0,23800
128248,1,6,0,-1,-1,0,30314,0,0,23800
128249,0,0,-1,-1,-1,0,30406,0,0,23801
128250,0,0,-1,-1,-1,0,483,0,0,23802
128251,1,6,0,-1,-1,0,30315,0,0,23802
128252,0,0,-1,-1,-1,0,483,0,0,23803
128253,1,6,0,-1,-1,0,30316,0,0,23803
128254,0,0,-1,-1,-1,0,483,0,0,23804
128255,1,6,0,-1,-1,0,30317,0,0,23804
128256,0,0,-1,-1,-1,0,483,0,0,23883
128257,1,6,0,-1,-1,0,30551,0,0,23883
128258,0,0,-1,-1,-1,0,483,0,0,23884
128259,1,6,0,-1,-1,0,30552,0,0,23884
128260,0,0,-1,-1,-1,0,483,0,0,23885
128261,1,6,0,-1,-1,0,30555,0,0,23885
128262,0,0,-1,-1,-1,0,483,0,0,23887
128263,1,6,0,-1,-1,0,30556,0,0,23887
128264,0,0,-1,-1,-1,0,30847,0,0,23986
128265,0,0,-1,-1,-1,0,30848,0,0,23989
128267,1,0,10,1500,-1,0,25606,0,0,20950
128268,0,1,0,-1,-1,0,17747,0,0,21064
128269,0,1,0,0,0,0,9295,0,0,21065
128270,0,1,0,0,0,0,9295,0,0,21066
128271,0,1,0,-1,-1,0,17870,0,0,21067
128272,0,1,0,-1,-1,0,9295,0,0,21068
128273,0,1,0,-1,-1,0,25689,0,0,21069
128274,0,1,0,0,0,0,7688,0,0,21070
128285,1,0,-3,0,120000,100,27103,0,0,22044
128286,0,0,-1,0,-1,0,26967,0,0,22053
128287,0,0,-1,0,-1,0,27186,0,0,22054
128288,0,0,-1,0,-1,0,27188,0,0,22055
128289,1,0,-1,0,120000,1153,27235,0,0,22103
128290,1,0,-1,0,120000,1153,27236,0,0,22104
128291,0,0,-1,-1,-1,0,483,0,0,22555
128292,1,6,0,-1,-1,0,27975,0,0,22555
128293,0,0,-1,-1,-1,0,483,0,0,22556
128294,1,6,0,-1,-1,0,27977,0,0,22556
128295,0,0,-1,-1,-1,0,483,0,0,22557
128296,1,6,0,-1,-1,0,28004,0,0,22557
128297,0,0,-1,0,60000,4,28495,0,0,22829
128298,0,0,-1,0,3000,79,28496,0,0,22830
128299,0,0,-1,0,3000,79,54494,0,0,22831
128300,0,0,-1,0,60000,4,28499,0,0,22832
128301,0,0,-1,0,3000,79,28501,0,0,22833
128302,0,0,-1,0,3000,79,28502,0,0,22834
128303,0,0,-1,-1,-1,0,29049,0,0,23191
128304,0,0,0,10000,10000,1140,29314,0,0,23394
128305,0,0,-1,-1,-1,0,28273,0,0,23501
128307,0,0,-1,-1,-1,0,483,0,0,23603
128308,1,6,0,-1,-1,0,29616,0,0,23603
128309,0,0,-1,-1,-1,0,483,0,0,23604
128310,1,6,0,-1,-1,0,29617,0,0,23604
128311,0,0,-1,-1,-1,0,483,0,0,23605
128312,1,6,0,-1,-1,0,29619,0,0,23605
128313,0,0,-1,-1,-1,0,483,0,0,23606
128314,1,6,0,-1,-1,0,29620,0,0,23606
128315,0,0,0,60000,60000,0,30098,0,0,23691
128316,0,0,-1,20000,20000,1140,30077,0,0,23693
128317,0,0,-1,-1,-1,0,483,0,0,23805
128318,1,6,0,-1,-1,0,30318,0,0,23805
128319,0,0,-1,-1,-1,0,483,0,0,23806
128320,1,6,0,-1,-1,0,30325,0,0,23806
128321,0,0,-1,-1,-1,0,483,0,0,23807
128322,1,6,0,-1,-1,0,30329,0,0,23807
128323,0,0,-1,-1,-1,0,483,0,0,23808
128324,1,6,0,-1,-1,0,30332,0,0,23808
128325,0,0,-1,-1,-1,0,483,0,0,23809
128326,1,6,0,-1,-1,0,30334,0,0,23809
128327,0,0,-1,-1,-1,0,483,0,0,23888
128328,1,6,0,-1,-1,0,30548,0,0,23888
128329,0,0,0,1000,-1,0,30877,0,0,23995
128332,0,1,0,0,-1,0,20888,0,0,20956
128335,0,1,0,-1,-1,0,9324,0,0,21073
128336,0,1,0,-1,-1,0,9412,0,0,21074
128337,0,1,0,-1,-1,0,9324,0,0,21075
128338,0,1,0,-1,-1,0,9327,0,0,21076
128339,0,1,0,-1,-1,0,9324,0,0,21077
128340,0,1,0,-1,-1,0,9327,0,0,21078
128341,0,1,0,-1,-1,0,9324,0,0,21079
128342,1,0,-1,0,120000,1153,27237,0,0,22105
128343,0,0,-1,-1,-1,0,27239,0,0,22116
128344,0,1,0,0,0,0,27252,0,0,22128
128345,1,1,0,0,0,0,27256,0,0,22128
128346,0,0,-1,-1,-1,0,483,0,0,22146
128347,1,6,0,-1,-1,0,26991,0,0,22146
128348,0,0,-1,-1,-1,0,483,0,0,22153
128349,1,6,0,-1,-1,0,27127,0,0,22153
128350,0,0,-1,-1,-1,0,483,0,0,22558
128351,1,6,0,-1,-1,0,28003,0,0,22558
128352,0,0,-1,-1,-1,0,483,0,0,22559
128353,1,6,0,-1,-1,0,27984,0,0,22559
128354,0,0,-1,-1,-1,0,483,0,0,22560
128355,1,6,0,-1,-1,0,27981,0,0,22560
128356,0,0,-1,0,3000,79,28503,0,0,22835
128357,0,0,-1,0,60000,4,28504,0,0,22836
128358,0,0,-1,0,60000,4,28506,0,0,22837
128359,0,0,-1,0,60000,4,28507,0,0,22838
128360,0,0,-1,0,60000,4,28508,0,0,22839
128361,0,0,-1,0,3000,79,28509,0,0,22840
128362,0,0,-1,-1,-1,0,483,0,0,23607
128363,1,6,0,-1,-1,0,29621,0,0,23607
128364,0,0,-1,-1,-1,0,483,0,0,23608
128365,1,6,0,-1,-1,0,29628,0,0,23608
128366,0,0,-1,-1,-1,0,483,0,0,23609
128367,1,6,0,-1,-1,0,29629,0,0,23609
128368,0,0,-1,-1,-1,0,483,0,0,23610
128369,1,6,0,-1,-1,0,29630,0,0,23610
128370,0,0,-1,-1,-1,0,483,0,0,23611
128371,1,6,0,-1,-1,0,29642,0,0,23611
128372,0,0,3,-1,-1,0,30099,0,0,23697
128373,0,0,3,-1,-1,0,30102,0,0,23702
128374,0,0,3,-1,-1,0,30105,0,0,23703
128375,0,0,-1,0,1000,59,11009,0,0,23704
128376,0,0,-1,-1,-1,0,483,0,0,23810
128377,1,6,0,-1,-1,0,30337,0,0,23810
128378,0,0,-1,-1,-1,0,483,0,0,23811
128379,1,6,0,-1,-1,0,30341,0,0,23811
128380,0,0,-1,-1,-1,0,483,0,0,23812
128381,1,6,0,-1,-1,0,30342,0,0,23812
128382,0,0,-1,-1,-1,0,483,0,0,23813
128383,1,6,0,-1,-1,0,30343,0,0,23813
128384,0,0,-1,-1,-1,0,483,0,0,23814
128385,1,6,0,-1,-1,0,30344,0,0,23814
128386,0,0,3,-1,-1,0,30646,0,0,23896
128387,0,0,3,-1,-1,0,30653,0,0,23897
128388,0,0,3,-1,-1,0,30654,0,0,23898
128389,0,0,-1,-1,-1,0,483,0,0,24000
128390,1,6,0,-1,-1,0,27911,0,0,24000
128391,0,0,-1,-1,-1,0,483,0,0,24001
128392,1,6,0,-1,-1,0,28553,0,0,24001
128393,0,0,-1,-1,-1,0,483,0,0,24002
128394,1,6,0,-1,-1,0,29657,0,0,24002
128397,0,1,0,0,0,0,9412,0,0,21080
128398,0,1,0,0,0,0,9412,0,0,21081
128399,0,1,0,-1,-1,0,9327,0,0,21082
128400,0,1,0,-1,-1,0,9412,0,0,21083
128401,0,1,0,-1,-1,0,9327,0,0,21084
128402,0,1,0,0,0,0,7708,0,0,21085
128403,0,1,0,-1,-1,0,14793,0,0,21086
128404,0,0,-1,-1,-1,0,27487,0,0,22179
128405,0,0,-1,-1,-1,0,27488,0,0,22180
128406,0,0,-1,-1,-1,0,27489,0,0,22181
128407,0,0,-1,-1,-1,0,27490,0,0,22182
128408,0,0,-1,-1,-1,0,27500,0,0,22183
128409,0,0,-1,-1,-1,0,27491,0,0,22184
128410,0,0,-1,-1,-1,0,483,0,0,22561
128411,1,6,0,-1,-1,0,27982,0,0,22561
128412,0,0,-1,-1,-1,0,483,0,0,22562
128413,1,6,0,-1,-1,0,28016,0,0,22562
128414,0,0,-1,-1,-1,0,483,0,0,22563
128415,1,6,0,-1,-1,0,28019,0,0,22563
128416,0,0,-1,-1,-1,0,483,0,0,22564
128417,1,6,0,-1,-1,0,28021,0,0,22564
128418,0,0,-1,0,60000,4,28511,0,0,22841
128419,0,0,-1,0,60000,4,28512,0,0,22842
128420,0,0,-1,0,60000,4,28513,0,0,22844
128421,0,0,-1,0,60000,4,28536,0,0,22845
128422,0,0,-1,0,60000,4,28537,0,0,22846
128424,0,0,-1,-1,-1,0,483,0,0,23612
128425,1,6,0,-1,-1,0,29643,0,0,23612
128426,0,0,-1,-1,-1,0,483,0,0,23613
128427,1,6,0,-1,-1,0,29645,0,0,23613
128428,0,0,-1,-1,-1,0,483,0,0,23615
128429,1,6,0,-1,-1,0,29648,0,0,23615
128430,0,0,-1,-1,-1,0,30154,0,0,23711
128431,0,1,0,-1,-1,0,24346,0,0,23717
128432,0,0,-1,-1,-1,0,483,0,0,23815
128433,1,6,0,-1,-1,0,30347,0,0,23815
128434,0,0,-1,-1,-1,0,483,0,0,23816
128435,1,6,0,-1,-1,0,30348,0,0,23816
128436,0,0,-1,-1,-1,0,483,0,0,23817
128437,1,6,0,-1,-1,0,30349,0,0,23817
128438,0,0,-1,-1,-1,0,30419,0,0,23818
128439,0,0,-1,1000,-1,0,30434,0,0,23819
128447,0,0,10,3600000,0,0,30999,0,0,24095
128450,0,0,10,3600000,0,0,31000,0,0,24097
128451,0,0,10,3600000,0,0,31002,0,0,24098
128452,0,0,-1,-1,-1,0,31003,0,0,24099
128453,0,0,-1,-1,-1,0,483,0,0,24182
128454,1,6,0,-1,-1,0,31082,0,0,24182
128455,0,0,-1,-1,-1,0,483,0,0,24183
128456,1,6,0,-1,-1,0,31083,0,0,24183
128457,0,0,-1,-1,-1,0,31225,0,0,24184
128458,0,0,-1,-1,-1,0,31371,0,0,24273
128459,0,0,-1,-1,-1,0,31372,0,0,24274
128460,0,0,-1,-1,-1,0,31369,0,0,24275
128468,0,1,0,-1,-1,0,22778,0,0,24548
128469,0,1,0,-1,-1,0,22778,0,0,24549
128474,0,0,-1,0,3000,79,32304,0,0,25548
128475,0,0,-1,120000,120000,1153,32305,0,0,25550
128477,0,0,0,0,5000,1167,32307,0,0,25552
128478,0,0,-1,0,1000,11,5004,0,0,24105
128479,0,0,10,3600000,0,0,31023,0,0,24106
128480,0,0,-1,-1,-1,0,483,0,0,24192
128481,1,6,0,-1,-1,0,31089,0,0,24192
128482,0,0,-1,-1,-1,0,483,0,0,24193
128483,1,6,0,-1,-1,0,31084,0,0,24193
128484,0,0,-1,-1,-1,0,31370,0,0,24276
128485,0,0,-1,-1,-1,0,31333,0,0,24278
128489,0,0,0,120000,120000,1155,32140,0,0,24551
128494,0,1,0,-1,-1,0,33063,0,0,24556
128496,0,0,0,0,20000,1164,32205,0,0,25458
128497,0,0,0,0,5000,1167,32314,0,0,25555
128503,2,0,10,3600000,-1,0,31024,0,0,24110
128504,0,1,0,0,0,0,33488,0,0,24114
128505,1,0,10,3600000,-1,0,31025,0,0,24114
128506,0,0,-1,-1,-1,0,483,0,0,24194
128507,1,6,0,-1,-1,0,31085,0,0,24194
128508,0,0,-1,-1,-1,0,483,0,0,24195
128509,1,6,0,-1,-1,0,31087,0,0,24195
128510,0,0,-1,-1,-1,0,483,0,0,24196
128511,1,6,0,-1,-1,0,31088,0,0,24196
128512,0,0,-1,-1,-1,0,483,0,0,24197
128513,1,6,0,-1,-1,0,31090,0,0,24197
128514,0,0,0,-1,-1,0,31497,0,0,24287
128515,0,0,-1,-1,-1,0,31479,0,0,24289
128516,0,0,0,120000,0,0,31771,0,0,24376
128522,0,0,0,-1,-1,0,31927,0,0,24467
128524,0,0,0,0,10000,1167,32146,0,0,24560
128527,0,0,0,5000,5000,0,31606,0,0,25465
128534,1,1,0,0,-1,0,28869,0,0,24116
128535,2,0,10,3600000,-1,0,31033,0,0,24116
128537,1,0,10,3600000,0,0,31026,0,0,24117
128539,0,0,-1,-1,-1,0,483,0,0,24198
128540,1,6,0,-1,-1,0,31091,0,0,24198
128541,0,0,-1,-1,-1,0,483,0,0,24199
128542,1,6,0,-1,-1,0,31092,0,0,24199
128543,0,0,-1,-1,-1,0,483,0,0,24200
128544,1,6,0,-1,-1,0,31149,0,0,24200
128545,0,0,-1,-1,-1,0,483,0,0,24201
128546,1,6,0,-1,-1,0,31094,0,0,24201
128547,0,0,-1,-1,-1,0,483,0,0,24202
128548,1,6,0,-1,-1,0,31095,0,0,24202
128549,0,0,-1,-1,-1,0,483,0,0,24292
128550,1,6,0,-1,-1,0,31430,0,0,24292
128551,0,0,-1,-1,-1,0,483,0,0,24293
128552,1,6,0,-1,-1,0,31431,0,0,24293
128553,0,0,-1,-1,-1,0,483,0,0,24294
128554,1,6,0,-1,-1,0,31432,0,0,24294
128559,0,0,-1,-1,-1,0,31949,0,0,24470
128566,0,0,-1,-1,-1,0,32234,0,0,25469
128567,0,0,-1,-1,3000,330,55884,0,0,25470
128568,0,0,-1,-1,3000,330,55884,0,0,25471
128575,1,0,10,3600000,0,0,31035,0,0,24121
128576,0,1,0,0,0,0,32981,0,0,24122
128577,0,1,0,0,0,0,32980,0,0,24123
128579,1,0,0,300000,0,0,31038,0,0,24124
128580,0,0,0,120000,0,0,31039,0,0,24125
128581,0,0,0,300000,20000,1141,31040,0,0,24126
128583,1,0,0,300000,0,0,31045,0,0,24127
128584,0,0,-1,-1,-1,0,483,0,0,24203
128585,1,6,0,-1,-1,0,31096,0,0,24203
128586,0,0,-1,-1,-1,0,483,0,0,24204
128587,1,6,0,-1,-1,0,31097,0,0,24204
128588,0,0,-1,-1,-1,0,483,0,0,24205
128589,1,6,0,-1,-1,0,31098,0,0,24205
128590,0,0,-1,-1,-1,0,483,0,0,24206
128591,1,6,0,-1,-1,0,31099,0,0,24206
128592,0,0,-1,-1,-1,0,483,0,0,24295
128593,1,6,0,-1,-1,0,31433,0,0,24295
128594,0,0,-1,-1,-1,0,483,0,0,24296
128595,1,6,0,-1,-1,0,31434,0,0,24296
128596,0,0,-1,-1,-1,0,483,0,0,24297
128597,1,6,0,-1,-1,0,31435,0,0,24297
128598,0,0,-1,-1,-1,0,483,0,0,24298
128599,1,6,0,-1,-1,0,31437,0,0,24298
128600,0,1,0,-1,-1,0,34262,0,0,24386
128605,1,0,0,180000,-1,0,31794,0,0,24390
128606,0,0,0,5000,5000,0,32042,0,0,24474
128611,0,0,-1,-1,3000,330,55884,0,0,25472
128612,0,0,-1,-1,3000,330,55884,0,0,25473
128613,0,0,-1,-1,3000,330,55884,0,0,25474
128614,0,0,-1,-1,3000,330,55884,0,0,25475
128615,0,0,-1,-1,3000,330,55884,0,0,25476
128623,2,0,0,180000,15000,1141,31047,0,0,24128
128624,0,0,-1,-1,-1,0,483,0,0,24207
128625,1,6,0,-1,-1,0,31100,0,0,24207
128626,0,0,-1,-1,-1,0,483,0,0,24208
128627,1,6,0,-1,-1,0,31101,0,0,24208
128628,0,0,-1,-1,-1,0,483,0,0,24209
128629,1,6,0,-1,-1,0,31102,0,0,24209
128630,0,0,-1,-1,-1,0,483,0,0,24210
128631,1,6,0,-1,-1,0,31103,0,0,24210
128632,0,0,-1,-1,-1,0,483,0,0,24211
128633,1,6,0,-1,-1,0,31104,0,0,24211
128634,0,0,-1,-1,-1,0,483,0,0,24299
128635,1,6,0,-1,-1,0,31438,0,0,24299
128636,0,0,-1,-1,-1,0,483,0,0,24300
128637,1,6,0,-1,-1,0,31440,0,0,24300
128638,0,0,-1,-1,-1,0,483,0,0,24301
128639,1,6,0,-1,-1,0,31441,0,0,24301
128640,0,0,-1,-1,-1,0,483,0,0,24302
128641,1,6,0,-1,-1,0,31442,0,0,24302
128642,0,0,-1,-1,-1,0,483,0,0,24303
128643,1,6,0,-1,-1,0,31443,0,0,24303
128651,0,0,-1,-1,3000,330,55884,0,0,25477
128661,0,0,-1,-1,-1,0,483,0,0,24212
128662,1,6,0,-1,-1,0,31105,0,0,24212
128663,0,0,-1,-1,-1,0,483,0,0,24213
128664,1,6,0,-1,-1,0,31106,0,0,24213
128665,0,0,-1,-1,-1,0,483,0,0,24214
128666,1,6,0,-1,-1,0,31107,0,0,24214
128667,0,0,-1,-1,-1,0,483,0,0,24215
128668,1,6,0,-1,-1,0,31108,0,0,24215
128669,0,0,-1,-1,-1,0,483,0,0,24304
128670,1,6,0,-1,-1,0,31444,0,0,24304
128671,0,0,-1,-1,-1,0,483,0,0,24305
128672,1,6,0,-1,-1,0,31448,0,0,24305
128673,0,0,-1,-1,-1,0,483,0,0,24306
128674,1,6,0,-1,-1,0,31449,0,0,24306
128675,0,0,-1,-1,-1,0,483,0,0,24307
128676,1,6,0,-1,-1,0,31450,0,0,24307
128677,0,0,-1,-1,-1,0,483,0,0,24308
128678,1,6,0,-1,-1,0,31451,0,0,24308
128682,0,0,0,-1,-1,0,3366,0,0,24490
128692,0,0,-1,-1,-1,0,483,0,0,24216
128693,1,6,0,-1,-1,0,31109,0,0,24216
128694,0,0,-1,-1,-1,0,483,0,0,24217
128695,1,6,0,-1,-1,0,31110,0,0,24217
128696,0,0,-1,-1,-1,0,483,0,0,24218
128697,1,6,0,-1,-1,0,31111,0,0,24218
128698,0,0,-1,-1,-1,0,483,0,0,24219
128699,1,6,0,-1,-1,0,31112,0,0,24219
128700,0,0,-1,-1,-1,0,483,0,0,24220
128701,1,6,0,-1,-1,0,31113,0,0,24220
128702,0,0,-1,-1,-1,0,31268,0,0,24221
128703,0,0,-1,-1,-1,0,483,0,0,24309
128704,1,6,0,-1,-1,0,31452,0,0,24309
128705,0,0,-1,-1,-1,0,483,0,0,24310
128706,1,6,0,-1,-1,0,31453,0,0,24310
128707,0,0,-1,-1,-1,0,483,0,0,24311
128708,1,6,0,-1,-1,0,31454,0,0,24311
128709,0,0,-1,-1,-1,0,483,0,0,24312
128710,1,6,0,-1,-1,0,31455,0,0,24312
128711,0,0,-1,-1,-1,0,31958,0,0,24491
128712,0,0,0,10000,-1,0,32028,0,0,24494
128713,0,0,-1,-1,-1,0,32249,0,0,25490
128722,0,0,-1,10000,10000,0,31118,0,0,24147
128723,0,0,-1,10000,10000,0,31120,0,0,24148
128724,0,0,-1,10000,10000,0,31121,0,0,24149
128725,0,0,-1,-1,-1,0,483,0,0,24313
128726,1,6,0,-1,-1,0,31456,0,0,24313
128727,0,0,-1,-1,-1,0,483,0,0,24314
128728,1,6,0,-1,-1,0,31459,0,0,24314
128729,0,0,-1,-1,-1,0,483,0,0,24315
128730,1,6,0,-1,-1,0,31461,0,0,24315
128731,0,0,-1,-1,-1,0,483,0,0,24316
128732,1,6,0,-1,-1,0,31373,0,0,24316
128733,0,0,-1,-1,-1,0,31549,0,0,24318
128734,0,0,-1,0,1000,0,27094,0,0,24408
128736,0,0,0,-1,-1,0,32037,0,0,24498
128738,0,0,-1,0,120000,1153,32254,0,0,25498
128745,0,0,-1,-1,3000,330,55884,0,0,25596
128751,0,1,0,-1,-1,0,34318,0,0,24413
128752,0,0,0,0,10000,1167,32001,0,0,24501
128753,0,0,-1,-1,-1,0,32036,0,0,24502
128765,0,0,-1,-1,-1,0,32255,0,0,25509
128767,0,0,-1,-1,-1,0,45351,0,0,24157
128768,0,0,-1,-1,-1,0,483,0,0,24158
128769,1,6,0,-1,-1,0,31053,0,0,24158
128770,0,0,-1,-1,-1,0,483,0,0,24159
128771,1,6,0,-1,-1,0,31054,0,0,24159
128772,0,0,-1,-1,-1,0,483,0,0,24160
128773,1,6,0,-1,-1,0,31055,0,0,24160
128774,0,0,0,30000,30000,24,133,0,0,24420
128775,0,0,-1,-1,-1,0,31920,0,0,24421
128791,0,0,-1,-1,-1,0,483,0,0,24161
128792,1,6,0,-1,-1,0,31056,0,0,24161
128793,0,0,-1,-1,-1,0,483,0,0,24162
128794,1,6,0,-1,-1,0,31057,0,0,24162
128795,0,0,-1,-1,-1,0,483,0,0,24163
128796,1,6,0,-1,-1,0,31058,0,0,24163
128797,0,0,-1,-1,-1,0,483,0,0,24164
128798,1,6,0,-1,-1,0,31060,0,0,24164
128799,0,0,-1,-1,-1,0,31613,0,0,24335
128800,0,0,0,-1,-1,0,32038,0,0,24428
128812,0,0,-1,1000,-1,0,32282,0,0,25521
128813,0,0,-1,0,1000,11,434,0,0,24072
128818,0,0,-1,-1,-1,0,483,0,0,24165
128819,1,6,0,-1,-1,0,31061,0,0,24165
128820,0,0,-1,-1,-1,0,483,0,0,24166
128821,1,6,0,-1,-1,0,31067,0,0,24166
128822,0,0,-1,-1,-1,0,483,0,0,24167
128823,1,6,0,-1,-1,0,31068,0,0,24167
128824,0,0,-1,-1,-1,0,483,0,0,24168
128825,1,6,0,-1,-1,0,31070,0,0,24168
128827,0,0,0,-1,-1,0,31614,0,0,24337
128828,0,0,-1,0,1000,11,1131,0,0,24338
128829,0,0,-1,3600000,3600000,0,32027,0,0,24429
128830,0,0,-1,1500,-1,0,32098,0,0,24520
128831,0,0,-1,1500,-1,0,32096,0,0,24522
128841,0,0,-1,-1,-1,0,483,0,0,25526
128842,1,6,0,-1,-1,0,32285,0,0,25526
128843,0,0,-1,-1,3000,330,55884,0,0,25527
128851,0,0,-1,-1,-1,0,483,0,0,24169
128852,1,6,0,-1,-1,0,31071,0,0,24169
128853,0,0,-1,-1,-1,0,483,0,0,24170
128854,1,6,0,-1,-1,0,31072,0,0,24170
128855,0,0,-1,-1,-1,0,483,0,0,24171
128856,1,6,0,-1,-1,0,31076,0,0,24171
128857,0,0,-1,-1,-1,0,483,0,0,24172
128858,1,6,0,-1,-1,0,31077,0,0,24172
128859,0,0,-1,-1,-1,0,483,0,0,24173
128860,1,6,0,-1,-1,0,31078,0,0,24173
128867,0,0,-1,-1,-1,0,483,0,0,24345
128868,1,6,0,-1,-1,0,31709,0,0,24345
128873,0,1,0,-1,-1,0,14803,0,0,24529
128881,0,0,-1,-1,3000,330,55884,0,0,25528
128882,0,0,-1,-1,3000,330,55884,0,0,25529
128884,0,0,-1,-1,3000,330,55884,0,0,25531
128885,0,0,-1,-1,3000,330,55884,0,0,25532
128886,0,0,-1,-1,3000,330,55884,0,0,25533
128887,0,0,-1,-1,-1,0,30988,0,0,24084
128893,0,0,-1,-1,-1,0,483,0,0,24174
128894,1,6,0,-1,-1,0,31062,0,0,24174
128895,0,0,-1,-1,-1,0,483,0,0,24175
128896,1,6,0,-1,-1,0,31063,0,0,24175
128897,0,0,-1,-1,-1,0,483,0,0,24176
128898,1,6,0,-1,-1,0,31064,0,0,24176
128899,0,0,-1,-1,-1,0,483,0,0,24177
128900,1,6,0,-1,-1,0,31065,0,0,24177
128911,0,0,0,60000,60000,0,31736,0,0,24355
128912,0,0,-1,2000,-1,0,31958,0,0,24538
128920,0,0,0,-1,-1,0,55884,0,0,25535
128923,0,0,-3,-1,-1,0,22807,0,0,25539
128925,0,0,10,3600000,0,0,30997,0,0,24092
128926,0,0,10,3600000,0,0,30994,0,0,24093
128929,0,0,-1,-1,-1,0,483,0,0,24178
128930,1,6,0,-1,-1,0,31066,0,0,24178
128931,0,0,-1,-1,-1,0,483,0,0,24179
128932,1,6,0,-1,-1,0,31079,0,0,24179
128933,0,0,-1,-1,-1,0,483,0,0,24180
128934,1,6,0,-1,-1,0,31080,0,0,24180
128935,0,0,-1,-1,-1,0,483,0,0,24181
128936,1,6,0,-1,-1,0,31081,0,0,24181
128941,0,0,-1,0,60000,24,31367,0,0,24268
128942,0,0,-1,0,60000,24,31368,0,0,24269
128952,0,0,-1,0,1000,11,32112,0,0,24539
128953,0,0,-1,0,1000,0,10257,0,0,24540
128954,0,0,-1,60000,60000,4,32125,0,0,24541
128963,0,1,0,-1,-1,0,32402,0,0,25643
128964,0,1,0,-1,-1,0,32403,0,0,25644
128965,0,0,-1,-1,-1,0,483,0,0,25732
128966,1,6,0,-1,-1,0,32490,0,0,25732
128967,0,0,-1,-1,-1,0,483,0,0,25733
128968,1,6,0,-1,-1,0,32493,0,0,25733
128969,0,0,-1,-1,-1,0,483,0,0,25734
128970,1,6,0,-1,-1,0,32494,0,0,25734
128971,0,0,-1,-1,-1,0,483,0,0,25735
128972,1,6,0,-1,-1,0,32495,0,0,25735
128973,0,0,-1,-1,-1,0,483,0,0,25736
128974,1,6,0,-1,-1,0,32496,0,0,25736
128979,0,0,0,300000,-1,0,32641,0,0,25827
128980,0,1,0,-1,-1,0,32642,0,0,25828
128990,0,1,0,-1,-1,0,32401,0,0,25645
128991,0,0,-1,-1,-1,0,32384,0,0,25648
128992,0,0,-1,1000,-1,0,32397,0,0,25650
128993,0,0,-1,-1,-1,0,483,0,0,25737
128994,1,6,0,-1,-1,0,32497,0,0,25737
128995,0,0,-1,-1,-1,0,483,0,0,25738
128996,1,6,0,-1,-1,0,32498,0,0,25738
128997,0,0,-1,-1,-1,0,483,0,0,25739
128998,1,6,0,-1,-1,0,32499,0,0,25739
128999,0,0,-1,-1,-1,0,483,0,0,25740
129000,1,6,0,-1,-1,0,32500,0,0,25740
129001,0,0,0,120000,120000,1155,33828,0,0,25829
129007,1,1,0,-1,-1,0,61249,0,0,25834
129009,1,1,0,-1,-1,0,23990,0,0,25835
129017,0,0,0,-1,-1,0,28693,0,0,26783
129023,0,0,-1,1000,-1,0,32398,0,0,25651
129024,0,0,-1,1000,-1,0,32399,0,0,25652
129025,0,1,0,0,0,0,48776,0,0,25653
129029,0,0,-1,-1,-1,0,483,0,0,25741
129030,1,6,0,-1,-1,0,32501,0,0,25741
129031,0,0,-1,-1,-1,0,483,0,0,25742
129032,1,6,0,-1,-1,0,32502,0,0,25742
129033,0,0,-1,-1,-1,0,483,0,0,25743
129034,1,6,0,-1,-1,0,32503,0,0,25743
129037,0,0,-1,-1,-1,0,32646,0,0,25840
129052,0,0,0,0,60000,1164,32408,0,0,25658
129061,0,0,-1,-1,-1,0,32574,0,0,25747
129062,0,0,-1,-1,-1,0,32575,0,0,25748
129063,0,0,-1,-1,-1,0,32576,0,0,25749
129064,0,0,-1,-1,-1,0,32577,0,0,25750
129066,0,0,0,90000,15000,1141,39201,0,0,25936
129067,0,0,0,90000,15000,1141,39200,0,0,25937
129075,0,0,-1,-1,3000,330,55884,0,0,25664
129076,0,1,0,-1,-1,0,32410,0,0,25667
129078,0,0,-1,-1,-1,0,483,0,0,25846
129079,1,6,0,-1,-1,0,32656,0,0,25846
129080,0,0,-1,-1,-1,0,483,0,0,25847
129081,1,6,0,-1,-1,0,32657,0,0,25847
129082,0,0,-1,-1,-1,0,483,0,0,25848
129083,1,6,0,-1,-1,0,32665,0,0,25848
129084,0,0,-1,-1,-1,0,483,0,0,25849
129085,1,6,0,-1,-1,0,32667,0,0,25849
129087,0,1,0,-1,-1,0,34323,0,0,25940
129107,0,0,0,1000,-1,0,32744,0,0,25853
129111,0,1,0,-1,-1,0,33066,0,0,25857
129128,0,0,-1,1000,-1,0,32426,0,0,25679
129140,0,0,-1,-1,-1,0,32446,0,0,25684
129143,0,0,-1,-1,-1,0,33531,0,0,25770
129144,0,0,-1,-1,-1,0,33532,0,0,25771
129146,0,0,-1,-1,-1,0,483,0,0,25869
129147,1,6,0,-1,-1,0,32765,0,0,25869
129148,0,0,-1,-1,-1,0,483,0,0,25870
129149,1,6,0,-1,-1,0,32766,0,0,25870
129169,1,0,0,120000,-1,0,33012,0,0,26055
129178,0,0,0,300000,0,0,32599,0,0,25786
129179,0,0,-1,0,120000,1153,32802,0,0,25880
129180,0,0,-1,0,120000,1153,32803,0,0,25881
129181,0,0,-1,0,120000,1153,32804,0,0,25882
129182,0,0,-1,0,120000,1153,32805,0,0,25883
129187,0,0,-1,-1,-1,0,32347,0,0,25604
129192,0,0,0,90000,-1,0,32600,0,0,25787
129198,0,0,-1,0,120000,1153,32806,0,0,25884
129200,0,0,-1,0,5000,1168,32812,0,0,25886
129201,0,0,-1,-1,-1,0,483,0,0,25887
129202,1,6,0,-1,-1,0,32814,0,0,25887
129203,0,0,-1,-1,-1,0,483,0,0,25888
129204,1,6,0,-1,-1,0,32810,0,0,25888
129209,0,1,0,-1,-1,0,7826,0,0,25978
129221,1,0,0,120000,20000,1141,32604,0,0,25798
129222,0,0,0,10000,-1,0,32834,0,0,25889
129238,1,0,0,120000,20000,1141,32607,0,0,25801
129245,1,0,0,120000,20000,1141,32355,0,0,25619
129247,1,0,0,120000,20000,1141,32355,0,0,25620
129252,0,0,-1,-1,-1,0,483,0,0,25720
129253,1,6,0,-1,-1,0,32455,0,0,25720
129254,0,0,-1,-1,-1,0,483,0,0,25721
129255,1,6,0,-1,-1,0,32457,0,0,25721
129256,0,0,-1,-1,-1,0,483,0,0,25722
129257,1,6,0,-1,-1,0,32458,0,0,25722
129264,0,0,-1,-1,-1,0,32852,0,0,25900
129265,0,0,-1,-1,-1,0,483,0,0,25902
129266,1,6,0,-1,-1,0,32866,0,0,25902
129267,0,0,-1,-1,-1,0,483,0,0,25903
129268,1,6,0,-1,-1,0,32867,0,0,25903
129270,0,0,0,120000,20000,1141,32955,0,0,25994
129271,0,0,0,120000,20000,1141,32956,0,0,25995
129272,0,0,0,120000,20000,1141,32957,0,0,25996
129275,1,0,0,120000,15000,1141,32362,0,0,25628
129279,0,0,-1,-1,-1,0,483,0,0,25725
129280,1,6,0,-1,-1,0,32461,0,0,25725
129281,0,0,-1,-1,-1,0,483,0,0,25726
129282,1,6,0,-1,-1,0,32482,0,0,25726
129284,0,0,-1,-1,-1,0,483,0,0,25904
129285,1,6,0,-1,-1,0,32870,0,0,25904
129286,0,0,-1,-1,-1,0,483,0,0,25905
129287,1,6,0,-1,-1,0,32868,0,0,25905
129288,0,0,-1,-1,-1,0,483,0,0,25906
129289,1,6,0,-1,-1,0,32869,0,0,25906
129290,0,0,-1,-1,-1,0,483,0,0,25907
129291,1,6,0,-1,-1,0,32871,0,0,25907
129292,0,0,-1,-1,-1,0,483,0,0,25908
129293,1,6,0,-1,-1,0,32873,0,0,25908
129296,0,1,0,-1,-1,0,33020,0,0,26000
129300,1,0,0,120000,15000,1141,32362,0,0,25633
129302,1,0,0,120000,20000,1141,32367,0,0,25634
129305,0,0,-1,-1,-1,0,483,0,0,25728
129306,1,6,0,-1,-1,0,32485,0,0,25728
129307,0,0,-1,-1,-1,0,483,0,0,25729
129308,1,6,0,-1,-1,0,32487,0,0,25729
129309,0,0,-1,-1,-1,0,483,0,0,25730
129310,1,6,0,-1,-1,0,32489,0,0,25730
129311,0,0,-1,-1,-1,0,483,0,0,25731
129312,1,6,0,-1,-1,0,32488,0,0,25731
129313,0,0,-5,5000,5000,0,32633,0,0,25817
129318,0,0,-1,-1,-1,0,483,0,0,25909
129319,1,6,0,-1,-1,0,32872,0,0,25909
129320,0,0,-1,-1,-1,0,483,0,0,25910
129321,1,6,0,-1,-1,0,32874,0,0,25910
129324,0,0,0,-1,-1,0,32979,0,0,26002
129331,0,2,0,-1,-1,0,34199,0,0,28367
129332,0,0,0,5000,-1,0,34219,0,0,28369
129333,0,1,0,-1,-1,0,38334,0,0,28370
129334,1,0,0,120000,-1,0,34210,0,0,28370
129337,0,0,-1,-1,-1,0,34367,0,0,28452
129346,1,1,0,-1,-1,0,28869,0,0,27517
129347,0,1,0,-1,-1,0,34292,0,0,27518
129351,0,0,-1,-1,-1,0,483,0,0,27689
129352,1,6,0,-1,-1,0,33285,0,0,27689
129353,0,0,-1,-1,-1,0,483,0,0,27690
129354,1,6,0,-1,-1,0,33286,0,0,27690
129355,0,0,-1,-1,-1,0,483,0,0,27691
129356,1,6,0,-1,-1,0,33287,0,0,27691
129357,0,0,-1,-1,-1,0,483,0,0,27692
129358,1,6,0,-1,-1,0,33288,0,0,27692
129359,0,0,-1,-1,-1,0,483,0,0,27693
129360,1,6,0,-1,-1,0,33289,0,0,27693
129365,0,0,-1,0,1000,11,27094,0,0,27859
129366,0,0,-1,0,1000,59,27089,0,0,27860
129377,0,0,0,120000,20000,1141,34106,0,0,28121
129378,0,0,0,10000,10000,0,33980,0,0,28209
129380,0,0,-1,-1,-1,0,483,0,0,28281
129381,1,6,0,-1,-1,0,34010,0,0,28281
129382,0,0,-1,-1,-1,0,483,0,0,28282
129383,1,6,0,-1,-1,0,34009,0,0,28282
129384,0,0,0,-1,-1,0,34063,0,0,28283
129385,0,0,-1,0,1000,59,11009,0,0,28284
129386,0,1,0,-1,-1,0,34241,0,0,28372
129389,0,0,0,120000,-1,0,34372,0,0,28455
129396,0,0,-1,-1,-1,0,483,0,0,27694
129397,1,6,0,-1,-1,0,33290,0,0,27694
129398,0,0,-1,-1,-1,0,483,0,0,27695
129399,1,6,0,-1,-1,0,33291,0,0,27695
129400,0,0,-1,-1,-1,0,483,0,0,27696
129401,1,6,0,-1,-1,0,33292,0,0,27696
129402,0,0,-1,-1,-1,0,483,0,0,27697
129403,1,6,0,-1,-1,0,33293,0,0,27697
129404,0,0,-1,-1,-1,0,483,0,0,27698
129405,1,6,0,-1,-1,0,33294,0,0,27698
129413,0,1,0,-1,-1,0,33556,0,0,27947
129415,0,1,0,-1,-1,0,34262,0,0,27949
129421,0,1,0,-1,-1,0,60066,0,0,28034
129422,0,0,0,-1,-1,0,33644,0,0,28035
129423,0,0,-1,0,1000,11,27094,0,0,28036
129426,1,1,0,-1,-1,0,33830,0,0,28126
129435,1,0,0,120000,10000,1141,33807,0,0,28288
129436,0,0,0,-1,-1,0,34068,0,0,28289
129442,0,0,0,-1,-1,0,32649,0,0,27357
129443,0,0,-1,-1,-1,0,55884,0,0,27445
129446,0,0,0,120000,0,0,33089,0,0,27529
129448,0,0,-1,-1,-1,0,483,0,0,27699
129449,1,6,0,-1,-1,0,33295,0,0,27699
129450,0,0,-1,-1,-1,0,483,0,0,27700
129451,1,6,0,-1,-1,0,33296,0,0,27700
129454,1,1,0,-1,-1,0,38522,0,0,27703
129468,0,0,0,10000,-1,0,33655,0,0,28038
129469,0,0,0,90000,15000,1141,33662,0,0,28040
129470,0,0,0,90000,15000,1141,33667,0,0,28041
129471,0,0,0,300000,0,0,33668,0,0,28042
129477,0,0,-1,20000,-1,0,33824,0,0,28131
129478,0,0,0,0,5000,1170,33836,0,0,28132
129484,0,0,-1,-1,-1,0,483,0,0,28291
129485,1,6,0,-1,-1,0,34069,0,0,28291
129491,0,0,-1,0,1000,11,18234,0,0,28501
129503,0,0,-1,-1,-1,0,33100,0,0,27532
129512,0,1,0,-1,-1,0,23044,0,0,27707
129535,0,0,0,-1,-1,0,33715,0,0,28047
129536,0,0,0,-1,-1,0,33670,0,0,28048
129539,1,1,0,-1,-1,0,33830,0,0,28136
129548,0,0,0,120000,20000,1141,34000,0,0,28223
129551,0,1,0,-1,-1,0,34231,0,0,28296
129583,1,1,0,-1,-1,0,23300,0,0,27880
129605,0,0,0,-1,-1,0,3366,0,0,28395
129615,0,1,0,-1,-1,0,34294,0,0,27544
129626,0,1,0,-1,-1,0,34246,0,0,27886
129646,0,0,0,120000,120000,1182,42292,0,0,28234
129652,0,2,0,-1,-1,0,34107,0,0,28311
129655,0,0,-1,0,1000,59,34291,0,0,28399
129663,1,1,0,-1,-1,0,17746,0,0,27467
129674,0,0,0,-1,-1,0,33381,0,0,27808
129677,0,0,0,120000,0,0,33479,0,0,27891
129682,0,1,0,-1,-1,0,37736,0,0,28064
129683,0,1,0,-1,-1,0,33695,0,0,28065
129684,0,1,0,-1,-1,0,33696,0,0,28066
129685,0,0,0,120000,120000,1182,42292,0,0,28235
129686,0,0,0,120000,120000,1182,42292,0,0,28236
129687,0,0,0,120000,120000,1182,42292,0,0,28237
129688,0,0,0,120000,120000,1182,42292,0,0,28238
129689,0,0,0,120000,120000,1182,42292,0,0,28239
129690,0,0,0,120000,120000,1182,42292,0,0,28240
129701,0,0,0,-1,-1,0,34387,0,0,28478
129705,0,1,0,-1,-1,0,32973,0,0,27470
129710,0,0,-1,300000,120000,1153,9512,0,0,27553
129711,0,0,-1,0,1000,11,5004,0,0,27635
129712,0,0,-1,0,1000,11,5005,0,0,27636
129718,0,1,0,-1,-1,0,34244,0,0,27815
129720,1,1,0,-1,-1,0,25975,0,0,27816
129721,0,1,0,-1,-1,0,15603,0,0,27896
129727,0,0,-1,-1,-1,0,33703,0,0,28068
129731,0,0,-1,-1,-1,0,33704,0,0,28071
129732,0,0,-1,-1,-1,0,33705,0,0,28072
129734,0,0,0,120000,120000,1182,42292,0,0,28241
129735,0,0,0,120000,120000,1182,42292,0,0,28242
129736,0,0,0,120000,120000,1182,42292,0,0,28243
129747,0,0,-1,-1,3000,330,55884,0,0,28481
129748,0,0,-1,-1,3000,330,55884,0,0,28482
129749,0,0,0,1800000,-1,0,34511,0,0,28484
129750,0,0,-3,172800000,1000,0,33060,0,0,27388
129763,0,0,-1,-1,-1,0,33361,0,0,27736
129768,0,0,0,0,3000,330,24242,0,0,27819
129770,0,0,0,300000,0,0,33486,0,0,27900
129771,0,2,0,-1,-1,0,33489,0,0,27901
129774,0,1,0,-1,-1,0,34262,0,0,27983
129775,0,1,0,-1,-1,0,33556,0,0,27984
129778,0,0,-1,-1,-1,0,33706,0,0,28073
129780,0,2,0,-1,-1,0,16409,0,0,28164
129785,0,1,0,-1,-1,0,34230,0,0,28248
129791,0,0,0,-1,-1,0,0,0,0,28326
129793,1,1,0,-1,-1,0,28869,0,0,28327
129798,0,0,0,1800000,-1,0,34511,0,0,28485
129799,0,0,-1,0,1000,11,27094,0,0,28486
129800,0,0,0,-1,-1,0,33067,0,0,27479
129811,0,1,0,-1,-1,0,34253,0,0,27744
129821,1,1,0,-1,-1,0,33491,0,0,27907
129824,0,1,0,-1,-1,0,33565,0,0,27989
129825,0,1,0,-1,-1,0,33565,0,0,27990
129826,0,0,0,-1,-1,0,3366,0,0,27991
129837,0,1,0,-1,-1,0,33020,0,0,28330
129841,0,1,0,-1,-1,0,34320,0,0,28418
129843,0,0,-1,1000,-1,0,34339,0,0,28420
129844,0,0,-1,1000,-1,0,34340,0,0,28421
129846,0,0,-1,-1,-1,0,33019,0,0,27317
129847,0,1,0,-1,-1,0,34258,0,0,27484
129850,0,0,-1,0,1000,11,33253,0,0,27651
129852,0,0,-1,0,1000,11,33260,0,0,27655
129853,0,0,-1,0,1000,11,33272,0,0,27656
129862,1,0,0,120000,20000,1141,33400,0,0,27828
129885,0,0,0,-1,-1,0,32759,0,0,28261
129888,1,1,0,-1,-1,0,28539,0,0,28335
129889,0,0,-1,-1,-1,0,34140,0,0,28336
129899,0,0,-1,0,1000,11,33264,0,0,27657
129900,0,0,-1,0,1000,11,33255,0,0,27658
129901,0,0,-1,0,1000,11,33262,0,0,27659
129902,0,0,-1,0,1000,11,35271,0,0,27660
129903,0,0,-1,0,1000,11,27094,0,0,27661
129904,0,0,-1,0,1000,11,33253,0,0,27662
129915,0,1,0,-1,-1,0,34252,0,0,27917
129933,0,1,0,-1,-1,0,34514,0,0,28428
129934,0,1,0,-1,-1,0,34514,0,0,28429
129935,1,2,0,-1,-1,0,34513,0,0,28429
129936,0,1,0,-1,-1,0,34515,0,0,28430
129937,1,2,0,-1,-1,0,34513,0,0,28430
129948,0,0,-1,1000,-1,0,33077,0,0,27498
129949,0,0,-1,0,1000,11,33266,0,0,27663
129950,0,0,-1,0,1000,11,33262,0,0,27664
129951,0,0,-1,0,1000,11,33264,0,0,27665
129952,0,0,-1,0,1000,11,33269,0,0,27666
129953,0,0,-1,0,1000,11,33258,0,0,27667
129964,1,1,0,-1,-1,0,33510,0,0,27920
129965,2,1,0,-1,-1,0,39598,0,0,27920
129967,1,1,0,-1,-1,0,33510,0,0,27921
129968,2,1,0,-1,-1,0,39598,0,0,27921
129970,1,1,0,-1,-1,0,33511,0,0,27922
129972,1,1,0,-1,-1,0,33511,0,0,27924
129979,1,1,0,-1,-1,0,60061,0,0,28190
129983,0,0,-1,-1,-1,0,483,0,0,28270
129984,1,6,0,-1,-1,0,33992,0,0,28270
129994,0,2,0,-1,-1,0,21165,0,0,28437
129995,0,2,0,-1,-1,0,21165,0,0,28438
129996,0,2,0,-1,-1,0,21165,0,0,28439
129999,1,0,0,120000,-1,0,33014,0,0,27416
130002,0,0,-1,1000,-1,0,33078,0,0,27499
130003,0,0,-1,1000,-1,0,33079,0,0,27500
130004,0,0,-1,1000,-1,0,33080,0,0,27501
130005,0,0,-1,1000,-1,0,33081,0,0,27502
130006,0,0,-1,1000,-1,0,33082,0,0,27503
130007,0,0,-1,1000,-1,0,33082,0,0,27504
130019,1,1,0,-1,-1,0,33522,0,0,27926
130021,1,1,0,-1,-1,0,33522,0,0,27927
130026,0,0,-1,0,60000,4,17534,0,0,28100
130027,0,0,-1,0,60000,4,17531,0,0,28101
130028,0,0,-1,0,3000,79,33720,0,0,28102
130029,0,0,-1,0,3000,79,54452,0,0,28103
130030,0,0,-1,0,3000,79,33726,0,0,28104
130033,0,1,0,-1,-1,0,28869,0,0,28193
130037,0,0,-1,-1,-1,0,483,0,0,28271
130038,1,6,0,-1,-1,0,33994,0,0,28271
130039,0,0,-1,-1,-1,0,483,0,0,28272
130040,1,6,0,-1,-1,0,33997,0,0,28272
130041,0,0,-1,-1,-1,0,483,0,0,28273
130042,1,6,0,-1,-1,0,33999,0,0,28273
130043,0,0,-1,-1,-1,0,34141,0,0,28351
130044,0,0,-1,-1,-1,0,34142,0,0,28352
130045,0,0,-1,-1,-1,0,34144,0,0,28353
130046,0,1,0,-1,-1,0,42367,0,0,28355
130047,0,2,0,-1,-1,0,34510,0,0,28441
130048,0,2,0,-1,-1,0,34510,0,0,28442
130062,0,0,0,120000,-1,0,39228,0,0,27770
130066,0,0,0,-1,-1,0,34387,0,0,28106
130067,0,1,0,-1,-1,0,33759,0,0,28108
130068,0,1,0,-1,-1,0,33746,0,0,28109
130069,0,0,0,10000,-1,0,33744,0,0,28110
130070,0,0,-1,-1,-1,0,483,0,0,28274
130071,1,6,0,-1,-1,0,34003,0,0,28274
130073,0,0,-1,-1,-1,0,483,0,0,28276
130074,1,6,0,-1,-1,0,34005,0,0,28276
130075,0,0,-1,-1,-1,0,483,0,0,28277
130076,1,6,0,-1,-1,0,34006,0,0,28277
130077,0,1,0,-1,-1,0,34139,0,0,28356
130078,0,1,0,-1,-1,0,34138,0,0,28357
130094,1,1,0,-1,-1,0,33297,0,0,27683
130095,0,0,-1,-1,-1,0,483,0,0,27684
130096,1,6,0,-1,-1,0,33279,0,0,27684
130097,0,0,-1,-1,-1,0,483,0,0,27685
130098,1,6,0,-1,-1,0,33276,0,0,27685
130099,0,0,-1,-1,-1,0,483,0,0,27686
130100,1,6,0,-1,-1,0,33277,0,0,27686
130101,0,0,-1,-1,-1,0,483,0,0,27687
130102,1,6,0,-1,-1,0,33278,0,0,27687
130103,0,0,-1,-1,-1,0,483,0,0,27688
130104,1,6,0,-1,-1,0,33284,0,0,27688
130110,0,0,0,0,3000,330,24242,0,0,27853
130111,0,0,-1,0,1000,11,27094,0,0,27854
130112,0,0,-1,0,1000,11,27094,0,0,27855
130113,0,0,-1,0,1000,11,27094,0,0,27856
130114,0,0,-1,0,1000,11,27094,0,0,27857
130115,0,0,-1,0,1000,11,27094,0,0,27858
130119,0,0,0,-1,-1,0,33631,0,0,28025
130121,0,0,0,43200000,-1,0,33770,0,0,28111
130122,0,0,-1,0,1000,11,33772,0,0,28112
130128,0,0,-1,-1,-1,0,483,0,0,28279
130129,1,6,0,-1,-1,0,34007,0,0,28279
130130,0,0,-1,-1,-1,0,483,0,0,28280
130131,1,6,0,-1,-1,0,34008,0,0,28280
130133,0,0,0,-1,-1,0,35738,0,0,29790
130144,0,1,0,-1,-1,0,33066,0,0,28716
130152,1,1,0,-1,-1,0,28539,0,0,28806
130153,0,0,-1,-1,-1,0,35406,0,0,28886
130154,0,0,-1,-1,-1,0,35404,0,0,28887
130155,0,0,-1,-1,-1,0,35417,0,0,28888
130156,0,0,-1,-1,-1,0,35402,0,0,28889
130157,0,0,-1,-1,-1,0,22840,0,0,28890
130158,0,0,-1,-1,-1,0,22840,0,0,28891
130159,0,0,-1,-1,-1,0,22840,0,0,28892
130188,0,0,10,0,15000,1157,35139,0,0,29429
130207,0,0,0,-1,-1,0,35683,0,0,29618
130208,0,0,-1,-1,-1,0,483,0,0,29704
130209,1,6,0,-1,-1,0,35537,0,0,29704
130210,0,0,0,-1,-1,0,35739,0,0,29795
130211,0,0,0,60000,60000,0,35745,0,0,29796
130223,0,0,0,-1,-1,0,34520,0,0,28547
130226,0,0,-1,-1,-1,0,483,0,0,28632
130227,1,6,0,-1,-1,0,34608,0,0,28632
130229,0,0,0,5000,-1,0,34630,0,0,28634
130233,1,1,0,-1,-1,0,33830,0,0,28719
130246,1,1,0,-1,-1,0,33830,0,0,28811
130247,0,0,-1,-1,-1,0,22840,0,0,28893
130248,0,0,-1,-1,-1,0,22840,0,0,28894
130249,0,0,-1,-1,-1,0,22840,0,0,28895
130250,0,0,-1,-1,-1,0,22840,0,0,28896
130251,0,0,-1,-1,-1,0,22840,0,0,28897
130252,0,0,-1,-1,-1,0,22840,0,0,28898
130253,0,0,-1,-1,-1,0,22840,0,0,28899
130269,1,1,0,-1,-1,0,35126,0,0,29347
130270,0,2,0,-1,-1,0,35131,0,0,29348
130275,0,0,-50,0,120000,24,35475,0,0,29528
130276,0,0,-50,0,120000,24,35476,0,0,29529
130277,0,0,-50,0,120000,24,35477,0,0,29530
130278,0,0,-50,0,120000,24,35478,0,0,29531
130279,0,0,-50,0,120000,24,35474,0,0,29532
130280,0,0,-1,-1,-1,0,483,0,0,29713
130281,1,6,0,-1,-1,0,35538,0,0,29713
130282,0,0,-1,-1,-1,0,483,0,0,29714
130283,1,6,0,-1,-1,0,35539,0,0,29714
130284,0,0,0,-1,-1,0,35755,0,0,29803
130297,0,0,0,-1,-1,0,34526,0,0,28550
130306,0,0,0,-1,-1,0,34646,0,0,28725
130309,0,0,0,120000,20000,1141,29601,0,0,28727
130315,0,1,0,-1,-1,0,33063,0,0,28817
130317,0,0,-1,-1,-1,0,22840,0,0,28900
130318,0,0,-1,-1,-1,0,22840,0,0,28901
130319,0,0,-1,-1,-1,0,22840,0,0,28902
130320,0,0,-1,-1,-1,0,35436,0,0,28903
130321,0,0,-1,-1,-1,0,35434,0,0,28904
130326,1,1,0,-1,-1,0,26283,0,0,29077
130348,0,0,-1,30000,-1,0,35129,0,0,29443
130349,0,0,-1,-1,-1,0,35488,0,0,29533
130350,0,0,-1,-1,-1,0,35489,0,0,29534
130351,0,0,-1,-1,-1,0,35490,0,0,29535
130352,0,0,-1,-1,-1,0,35495,0,0,29536
130353,0,0,-1,-1,-1,0,483,0,0,29717
130354,1,6,0,-1,-1,0,35543,0,0,29717
130355,0,0,-1,-1,-1,0,483,0,0,29718
130356,1,6,0,-1,-1,0,35544,0,0,29718
130357,0,0,-1,-1,-1,0,483,0,0,29719
130358,1,6,0,-1,-1,0,35549,0,0,29719
130359,0,0,-1,-1,-1,0,483,0,0,29720
130360,1,6,0,-1,-1,0,35555,0,0,29720
130366,0,0,-1,-1,-1,0,55884,0,0,29901
130367,0,0,-1,-1,-1,0,55884,0,0,29902
130368,0,0,-1,-1,-1,0,55884,0,0,29903
130369,0,0,-1,-1,-1,0,55884,0,0,29904
130386,0,0,-1,-1,-1,0,35438,0,0,28907
130387,0,0,-1,-1,-1,0,35432,0,0,28908
130388,0,0,-1,-1,-1,0,35437,0,0,28909
130389,0,0,-1,-1,-1,0,35439,0,0,28910
130403,0,0,0,90000,15000,1141,35337,0,0,29179
130405,0,0,0,120000,-1,0,35352,0,0,29181
130411,1,1,0,-1,-1,0,43588,0,0,29357
130414,0,0,0,60000,60000,0,35246,0,0,29445
130415,0,0,0,30000,-1,0,35282,0,0,29447
130416,0,0,-1,0,1000,11,35270,0,0,29448
130417,0,0,-1,0,1000,11,35270,0,0,29449
130418,0,0,-1,-1,-1,0,483,0,0,29721
130419,1,6,0,-1,-1,0,35557,0,0,29721
130420,0,0,-1,-1,-1,0,483,0,0,29722
130421,1,6,0,-1,-1,0,35554,0,0,29722
130422,0,0,-1,-1,-1,0,483,0,0,29723
130423,1,6,0,-1,-1,0,35558,0,0,29723
130424,0,0,-1,-1,-1,0,483,0,0,29724
130425,1,6,0,-1,-1,0,35559,0,0,29724
130429,0,0,0,1000,-1,0,35771,0,0,29817
130430,0,0,0,1000,-1,0,35772,0,0,29818
130435,0,0,-1,-1,-1,0,35936,0,0,29912
130440,0,0,0,300000,-1,0,34622,0,0,28651
130445,1,1,0,-1,-1,0,37705,0,0,28823
130449,0,0,-1,-1,-1,0,35433,0,0,28911
130450,0,0,-1,-1,-1,0,35435,0,0,28912
130451,0,0,-1,-1,3000,330,55884,0,0,28915
130467,0,2,0,-1,-1,0,35353,0,0,29182
130471,0,0,-1,-1,-1,0,35443,0,0,29186
130477,0,0,-1,-1,-1,0,55884,0,0,29363
130478,0,0,-1,-1,-1,0,55884,0,0,29364
130479,0,0,-1,0,1000,11,35270,0,0,29450
130480,0,0,-1,0,1000,11,35270,0,0,29451
130481,0,0,-1,0,1000,11,35270,0,0,29452
130482,0,0,-1,0,1000,11,35270,0,0,29453
130483,0,0,-1,0,1000,59,34291,0,0,29454
130485,0,0,-1,-1,-1,0,483,0,0,29549
130486,1,6,0,-1,-1,0,25392,0,0,29549
130487,0,0,-1,-1,-1,0,483,0,0,29725
130488,1,6,0,-1,-1,0,35560,0,0,29725
130489,0,0,-1,-1,-1,0,483,0,0,29726
130490,1,6,0,-1,-1,0,35561,0,0,29726
130491,0,0,-1,-1,-1,0,483,0,0,29727
130492,1,6,0,-1,-1,0,35562,0,0,29727
130493,0,0,-1,-1,-1,0,483,0,0,29728
130494,1,6,0,-1,-1,0,35563,0,0,29728
130505,0,1,0,-1,-1,0,38321,0,0,28568
130520,1,1,0,-1,-1,0,34774,0,0,28830
130523,1,1,0,-1,-1,0,23300,0,0,28832
130537,0,0,-1,-1,-1,0,35441,0,0,29187
130538,0,0,-1,-1,-1,0,35444,0,0,29188
130539,0,0,-1,-1,-1,0,35445,0,0,29189
130540,0,0,-1,-1,-1,0,35445,0,0,29190
130541,0,0,-1,-1,-1,0,35447,0,0,29191
130542,0,0,-1,-1,-1,0,35452,0,0,29192
130549,1,0,0,120000,20000,1141,35163,0,0,29370
130556,0,0,-1,-1,-1,0,35349,0,0,29460
130557,0,0,-1,-1,-1,0,483,0,0,29550
130558,1,6,0,-1,-1,0,27090,0,0,29550
130559,0,0,-1,-1,-1,0,483,0,0,29729
130560,1,6,0,-1,-1,0,35564,0,0,29729
130561,0,0,-1,-1,-1,0,483,0,0,29730
130562,1,6,0,-1,-1,0,35567,0,0,29730
130563,0,0,-1,-1,-1,0,483,0,0,29731
130564,1,6,0,-1,-1,0,35568,0,0,29731
130565,0,0,-1,-1,-1,0,483,0,0,29732
130566,1,6,0,-1,-1,0,35572,0,0,29732
130567,0,0,-1,-1,-1,0,483,0,0,29733
130568,1,6,0,-1,-1,0,35573,0,0,29733
130579,0,2,0,-1,-1,0,34580,0,0,28573
130594,1,1,0,-1,-1,0,61249,0,0,28836
130601,0,0,-1,-1,3000,330,55884,0,0,28927
130603,0,0,0,5000,-1,0,34857,0,0,29018
130604,0,0,0,-1,-1,0,34895,0,0,29101
130605,0,0,-1,-1,3000,330,55884,0,0,29102
130606,0,0,-1,-1,3000,330,55884,0,0,29103
130607,0,0,-1,-1,-1,0,35453,0,0,29193
130608,0,0,-1,-1,-1,0,35454,0,0,29194
130609,0,0,-1,-1,-1,0,35455,0,0,29195
130610,0,0,-1,-1,-1,0,35456,0,0,29196
130611,0,0,-1,-1,-1,0,35456,0,0,29197
130612,0,0,-1,-1,-1,0,35457,0,0,29198
130625,1,0,0,120000,20000,1141,35165,0,0,29376
130628,0,0,-1,-1,3000,330,55884,0,0,29465
130629,0,0,-1,-1,3000,330,55884,0,0,29466
130630,0,0,-1,-1,-1,0,483,0,0,29734
130631,1,6,0,-1,-1,0,35574,0,0,29734
130632,0,0,0,0,60000,1167,35685,0,0,29737
130642,1,1,0,-1,-1,0,34584,0,0,28578
130643,0,1,0,-1,-1,0,34586,0,0,28579
130658,0,1,0,-1,-1,0,33020,0,0,28842
130664,0,0,-1,-1,3000,330,55884,0,0,29104
130665,0,0,-1,-1,3000,330,55884,0,0,29105
130667,1,1,0,-1,-1,0,38164,0,0,29108
130669,1,1,0,-1,-1,0,38164,0,0,29109
130670,0,0,-1,-1,-1,0,35458,0,0,29199
130684,1,0,0,120000,20000,1141,35166,0,0,29383
130685,0,0,-1,-1,3000,330,55884,0,0,29467
130686,0,0,-1,-1,3000,330,55884,0,0,29468
130687,0,0,-1,-1,3000,330,55884,0,0,29469
130688,0,0,-1,-1,3000,330,55884,0,0,29470
130689,0,0,-1,-1,3000,330,55884,0,0,29471
130690,0,0,-1,-1,3000,330,55884,0,0,29472
130691,0,0,-1,-1,-1,0,35707,0,0,29742
130692,0,0,-1,-1,3000,330,55884,0,0,29743
130695,0,0,-1,0,0,0,35791,0,0,29837
130696,0,0,-1,0,0,0,35792,0,0,29838
130697,0,0,-1,0,0,0,35793,0,0,29839
130698,0,0,-1,0,0,0,35794,0,0,29840
130699,0,0,-1,0,0,0,35795,0,0,29841
130714,1,0,0,-1,1800000,1176,39937,0,0,28585
130732,0,1,0,-1,-1,0,32973,0,0,28847
130736,0,0,-1,-1,3000,330,55884,0,0,28936
130739,0,0,0,5000,-1,0,34875,0,0,29025
130740,0,0,0,120000,-1,0,34888,0,0,29027
130745,0,0,-1,0,1000,59,11009,0,0,29112
130748,0,0,0,-1,-1,0,34990,0,0,29205
130749,0,0,0,-1,-1,0,34990,0,0,29206
130750,0,0,0,-1,-1,0,34992,0,0,29207
130752,0,0,-1,0,1000,11,24800,0,0,29292
130753,0,0,-1,0,1000,11,10257,0,0,29293
130759,2,0,0,120000,20000,1141,35169,0,0,29387
130760,0,1,0,-1,-1,0,37742,0,0,29388
130761,0,0,0,0,10000,1167,35372,0,0,29473
130762,0,0,-1,-1,-1,0,483,0,0,29664
130763,1,6,0,-1,-1,0,35530,0,0,29664
130764,0,0,-1,-1,3000,330,55884,0,0,29744
130765,0,0,-1,-1,3000,330,55884,0,0,29745
130766,0,0,-1,-1,3000,330,55884,0,0,29746
130767,0,0,-1,-1,3000,330,55884,0,0,29747
130769,0,0,-1,0,0,0,35796,0,0,29842
130770,0,0,-1,0,0,0,35797,0,0,29843
130771,0,0,-1,0,0,0,35798,0,0,29844
130772,0,0,-1,0,0,0,35799,0,0,29845
130773,0,0,-1,0,0,0,35800,0,0,29846
130774,0,0,-1,0,0,0,35801,0,0,29847
130786,0,0,0,120000,-1,0,38332,0,0,28590
130789,0,1,0,-1,-1,0,60800,0,0,28592
130803,0,1,0,-1,-1,0,22778,0,0,28852
130820,0,0,-1,-1,-1,0,483,0,0,29120
130821,1,6,0,-1,-1,0,18456,0,0,29120
130824,0,0,-1,-1,-1,0,483,0,0,29213
130825,1,6,0,-1,-1,0,32498,0,0,29213
130826,0,0,-1,-1,-1,0,483,0,0,29214
130827,1,6,0,-1,-1,0,32499,0,0,29214
130828,0,0,-1,-1,-1,0,483,0,0,29215
130829,1,6,0,-1,-1,0,32500,0,0,29215
130831,1,1,0,-1,-1,0,35077,0,0,29297
130836,1,1,0,-1,-1,0,35080,0,0,29301
130838,0,1,0,-1,-1,0,37740,0,0,29389
130839,0,1,0,-1,-1,0,33693,0,0,29390
130840,0,0,-1,0,1000,11,27094,0,0,29393
130841,0,0,-1,0,1000,11,35270,0,0,29394
130842,0,0,0,10000,10000,0,35413,0,0,29478
130843,0,0,-1,-1,-1,0,35409,0,0,29482
130844,0,0,-1,1000,-1,0,35415,0,0,29483
130845,0,0,-1,-1,-1,0,483,0,0,29669
130846,1,6,0,-1,-1,0,35520,0,0,29669
130847,0,0,-1,-1,-1,0,483,0,0,29672
130848,1,6,0,-1,-1,0,35521,0,0,29672
130849,0,0,-1,-1,-1,0,483,0,0,29673
130850,1,6,0,-1,-1,0,35522,0,0,29673
130851,0,0,-1,-1,-1,0,35725,0,0,29750
130852,0,0,-1,0,0,0,35802,0,0,29848
130853,0,0,-1,0,0,0,35803,0,0,29849
130854,0,0,-1,0,0,0,35804,0,0,29850
130855,0,0,-1,0,0,0,35805,0,0,29851
130856,0,0,-1,0,0,0,35806,0,0,29852
130857,0,0,-1,0,0,0,35807,0,0,29853
130864,0,0,-1,-1,-1,0,483,0,0,28596
130865,1,6,0,-1,-1,0,34590,0,0,28596
130868,1,1,0,-1,-1,0,23300,0,0,28680
130873,1,1,0,-1,-1,0,61249,0,0,28684
130875,0,0,0,60000,-1,0,37208,0,0,28767
130880,0,1,0,-1,-1,0,23044,0,0,28856
130900,0,0,-1,-1,-1,0,483,0,0,29217
130901,1,6,0,-1,-1,0,32501,0,0,29217
130902,0,0,-1,-1,-1,0,483,0,0,29218
130903,1,6,0,-1,-1,0,32503,0,0,29218
130904,0,0,-1,-1,-1,0,483,0,0,29219
130905,1,6,0,-1,-1,0,32502,0,0,29219
130906,0,0,-1,-1,3000,330,55884,0,0,29220
130910,1,1,0,-1,-1,0,35083,0,0,29305
130917,0,0,-1,0,1000,59,27089,0,0,29395
130918,0,1,0,0,0,0,35175,0,0,29398
130920,0,0,-1,1000,-1,0,35416,0,0,29485
130921,0,0,-1,1000,-1,0,35418,0,0,29486
130922,0,0,-1,1000,-1,0,35419,0,0,29487
130923,0,0,-1,1000,-1,0,35420,0,0,29488
130924,0,0,-1,-1,-1,1153,35673,0,0,29585
130925,0,0,-1,-1,-1,0,483,0,0,29674
130926,1,6,0,-1,-1,0,35523,0,0,29674
130927,0,0,-1,-1,-1,0,483,0,0,29675
130928,1,6,0,-1,-1,0,35524,0,0,29675
130929,0,0,-1,-1,-1,0,483,0,0,29677
130930,1,6,0,-1,-1,0,35525,0,0,29677
130931,0,0,-1,0,0,0,35808,0,0,29854
130934,2,1,0,-1,-1,0,35834,0,0,29855
130935,0,0,-1,0,0,0,35809,0,0,29856
130936,0,0,-1,0,0,0,35810,0,0,29857
130937,0,0,-1,0,0,0,35811,0,0,29858
130948,1,1,0,-1,-1,0,34598,0,0,28602
130954,0,1,0,-1,-1,0,33020,0,0,28690
130955,0,2,0,-1,-1,0,34696,0,0,28774
130960,1,1,0,-1,-1,0,23300,0,0,28862
130974,0,0,0,90000,15000,1141,35337,0,0,29132
130977,0,0,-1,-1,3000,330,55884,0,0,29221
130978,0,0,-1,-1,3000,330,55884,0,0,29222
130979,0,0,-1,-1,3000,330,55884,0,0,29223
130980,0,0,-1,-1,3000,330,55884,0,0,29224
130981,0,0,0,0,3000,330,35028,0,0,29225
130984,2,1,0,-1,-1,0,35086,0,0,29309
130990,0,0,-1,0,1000,59,27089,0,0,29401
130991,0,0,-1,-1,-1,0,27094,0,0,29402
130992,0,0,0,300000,300000,1182,42292,0,0,29592
130993,0,0,0,300000,300000,1182,42292,0,0,29593
130994,1,1,0,-1,-1,0,22801,0,0,29594
130995,0,0,-1,-1,-1,0,483,0,0,29682
130996,1,6,0,-1,-1,0,35526,0,0,29682
130997,0,0,-1,0,0,0,35812,0,0,29859
130998,0,0,-1,0,0,0,35813,0,0,29860
130999,0,0,-1,0,0,0,35814,0,0,29861
131000,0,0,-1,0,0,0,35815,0,0,29862
131001,0,0,-1,0,0,0,35816,0,0,29863
131002,0,0,-1,0,0,0,35817,0,0,29864
131012,0,0,0,60000,0,0,34603,0,0,28607
131018,0,1,0,-1,-1,0,32973,0,0,28695
131029,0,1,0,-1,-1,0,33066,0,0,28868
131033,0,0,0,5000,-1,0,34830,0,0,28962
131047,0,0,0,60000,-1,0,35036,0,0,29226
131048,0,0,-1,-1,3000,330,55884,0,0,29227
131049,0,0,-1,-1,3000,330,55884,0,0,29228
131050,0,0,-1,-1,3000,330,55884,0,0,29229
131051,0,0,-1,-1,3000,330,55884,0,0,29230
131052,0,0,-1,-1,3000,330,55884,0,0,29231
131055,1,1,0,-1,-1,0,25975,0,0,29317
131059,1,1,0,-1,-1,0,28869,0,0,29320
131061,0,0,-1,0,1000,11,27094,0,0,29412
131071,0,0,-1,-1,-1,0,483,0,0,29684
131072,1,6,0,-1,-1,0,35527,0,0,29684
131075,2,1,0,-1,-1,0,35837,0,0,29865
131076,0,0,-1,0,0,0,35818,0,0,29866
131077,0,0,-1,0,0,0,35819,0,0,29867
131078,0,0,-1,0,0,0,35820,0,0,29868
131079,0,0,-1,0,0,0,35821,0,0,29869
131080,0,0,-1,0,0,0,35822,0,0,29870
131083,0,1,0,-1,-1,0,38322,0,0,28523
131093,1,1,0,-1,-1,0,28539,0,0,28614
131099,0,1,0,-1,-1,0,22778,0,0,28700
131100,0,1,0,-1,-1,0,37657,0,0,28785
131101,0,0,-1,-1,-1,0,34717,0,0,28786
131102,0,0,0,300000,-1,0,34750,0,0,28788
131104,1,1,0,-1,-1,0,34749,0,0,28789
131108,1,1,0,-1,-1,0,33830,0,0,28871
131117,0,0,0,5000,-1,0,34893,0,0,29052
131128,0,0,-1,-1,-1,0,483,0,0,29232
131129,1,6,0,-1,-1,0,32766,0,0,29232
131132,0,0,0,5000,5000,0,35113,0,0,29324
131144,0,1,0,-1,-1,0,23300,0,0,29600
131150,0,0,-1,-1,-1,0,483,0,0,29689
131151,1,6,0,-1,-1,0,35529,0,0,29689
131152,0,0,-1,-1,-1,0,483,0,0,29691
131153,1,6,0,-1,-1,0,35528,0,0,29691
131154,0,0,-1,-1,-1,0,483,0,0,29693
131155,1,6,0,-1,-1,0,35531,0,0,29693
131161,0,0,0,120000,20000,1141,35733,0,0,29776
131163,0,0,-1,0,0,0,35823,0,0,29871
131164,0,0,-1,0,0,0,35824,0,0,29872
131165,0,0,-1,0,0,0,35825,0,0,29873
131166,0,0,-1,0,0,0,35826,0,0,29874
131169,0,0,0,120000,-1,0,34519,0,0,28528
131175,1,1,0,-1,-1,0,33830,0,0,28618
131178,0,1,0,-1,-1,0,23044,0,0,28704
131190,0,0,-1,-1,-1,0,22840,0,0,28876
131191,0,0,-1,-1,-1,0,22840,0,0,28877
131192,0,0,-1,-1,-1,0,35403,0,0,28878
131193,0,0,-1,-1,-1,0,22840,0,0,28879
131212,1,1,0,-1,-1,0,26283,0,0,29328
131219,0,1,0,0,0,0,23990,0,0,29512
131221,0,0,0,-1,-1,0,35460,0,0,29513
131224,0,1,0,-1,-1,0,22801,0,0,29606
131234,0,0,-1,-1,-1,0,483,0,0,29698
131235,1,6,0,-1,-1,0,35532,0,0,29698
131236,0,0,-30,0,1000,1167,35734,0,0,29778
131241,0,0,0,0,0,0,1908,0,0,29877
131248,0,1,0,-1,-1,0,33063,0,0,28624
131254,1,1,0,-1,-1,0,23300,0,0,28710
131257,0,0,0,300000,-1,0,34750,0,0,28798
131259,0,0,-1,-1,-1,0,22840,0,0,28880
131260,0,0,-1,-1,-1,0,35405,0,0,28881
131261,0,0,-1,-1,-1,0,35355,0,0,28882
131262,0,0,-1,-1,-1,0,22840,0,0,28883
131263,0,0,-1,-1,-1,0,22840,0,0,28884
131264,0,0,-1,-1,-1,0,35407,0,0,28885
131311,0,1,0,-1,-1,0,23300,0,0,29613
131315,0,0,-1,-1,-1,0,483,0,0,29700
131316,1,6,0,-1,-1,0,35533,0,0,29700
131317,0,0,-1,-1,-1,0,483,0,0,29701
131318,1,6,0,-1,-1,0,35534,0,0,29701
131319,0,0,-1,-1,-1,0,483,0,0,29702
131320,1,6,0,-1,-1,0,35535,0,0,29702
131321,0,0,-1,-1,-1,0,483,0,0,29703
131322,1,6,0,-1,-1,0,35536,0,0,29703
131333,0,2,0,-1,-1,0,38282,0,0,31318
131335,0,2,0,-1,-1,0,38284,0,0,31322
131343,0,1,0,-1,-1,0,60659,0,0,30063
131354,0,0,-1,-1,-1,0,483,0,0,30322
131355,1,6,0,-1,-1,0,36390,0,0,30322
131356,0,0,-1,-1,-1,0,483,0,0,30323
131357,1,6,0,-1,-1,0,36391,0,0,30323
131358,0,0,-1,-1,-1,0,483,0,0,30324
131359,1,6,0,-1,-1,0,36392,0,0,30324
131360,0,0,1,60000,-1,0,36532,0,0,30416
131361,0,2,0,-1,-1,0,16939,0,0,30418
131363,0,0,0,-1,-1,0,37020,0,0,30595
131384,0,0,-1,-1,-1,0,38170,0,0,31124
131386,0,0,0,1000,-1,0,38173,0,0,31128
131387,0,0,12,5000,5000,0,38177,0,0,31129
131389,0,1,0,-1,-1,0,38290,0,0,31323
131392,0,1,0,-1,-1,0,38297,0,0,31328
131407,0,0,-1,0,1000,11,33253,0,0,30155
131408,0,0,-1,-1,-1,0,483,0,0,30156
131409,1,6,0,-1,-1,0,36210,0,0,30156
131416,0,0,-1,-1,-1,0,36546,0,0,30425
131420,0,0,0,-1,-1,0,38214,0,0,30688
131421,0,0,0,300000,-1,0,37346,0,0,30690
131446,0,2,0,-1,-1,0,38307,0,0,31331
131447,0,2,0,-1,-1,0,38308,0,0,31332
131449,1,1,0,-1,-1,0,23217,0,0,31333
131451,1,1,0,-1,-1,0,38314,0,0,31334
131474,0,0,-1,-1,-1,0,36548,0,0,30426
131482,0,0,0,1800000,-1,0,37360,0,0,30696
131500,0,0,0,360000,-1,0,38544,0,0,31141
131505,1,1,0,-1,-1,0,38319,0,0,31336
131506,0,0,-3,3000,-1,0,38318,0,0,31337
131514,0,2,0,-1,-1,0,36070,0,0,29996
131527,0,0,7,5000,5000,0,36310,0,0,30251
131533,0,0,0,90000,15000,1141,36432,0,0,30340
131536,0,0,0,120000,120000,1182,42292,0,0,30343
131537,0,0,0,120000,120000,1182,42292,0,0,30344
131539,0,0,0,30000,-1,0,36867,0,0,30527
131540,0,0,-1,-1,3000,330,55884,0,0,30609
131541,0,0,-1,0,1000,11,27094,0,0,30610
131542,0,0,0,5000,5000,0,37390,0,0,30701
131543,0,1,0,-1,-1,0,37649,0,0,30787
131544,0,1,0,-1,-1,0,37651,0,0,30788
131545,0,1,0,-1,-1,0,37652,0,0,30789
131546,0,0,-1,-1,-1,0,37984,0,0,30875
131547,0,0,-1,0,0,0,39409,0,0,30877
131558,0,0,0,1000,-1,0,39163,0,0,31144
131559,0,0,0,30000,-1,0,39223,0,0,31146
131564,0,0,0,-1,-1,0,38336,0,0,31344
131565,0,0,-1,-1,-1,0,35724,0,0,31346
131566,0,0,-1,-1,-1,0,38345,0,0,31347
131584,0,0,0,60000,0,0,36314,0,0,30259
131585,0,0,0,120000,120000,1182,42292,0,0,30345
131586,0,0,0,120000,120000,1182,42292,0,0,30346
131587,0,0,0,0,0,0,36444,0,0,30347
131588,1,0,-1,0,120000,1153,5720,0,0,30347
131589,0,0,0,120000,120000,1182,42292,0,0,30348
131590,0,0,0,120000,120000,1182,42292,0,0,30349
131591,0,0,0,120000,120000,1182,42292,0,0,30350
131592,0,0,0,-1,-1,0,36565,0,0,30436
131593,0,0,0,-1,-1,0,36565,0,0,30437
131594,0,0,-1,-1,-1,0,3366,0,0,30438
131596,0,0,0,1000,-1,0,36904,0,0,30530
131599,0,0,0,-1,-1,0,37055,0,0,30614
131600,0,0,-1,-1,-1,0,37058,0,0,30615
131601,0,0,-1,-1,-1,0,37062,0,0,30616
131602,0,0,-1,0,1000,59,34291,0,0,30703
131603,0,0,-1,-1,-1,0,37426,0,0,30704
131605,0,0,-1,-1,-1,0,37678,0,0,30793
131611,1,1,0,-1,-1,0,42056,0,0,30884
131620,1,1,0,-1,-1,0,33491,0,0,31059
131628,0,1,0,0,-1,0,38174,0,0,31154
131629,0,0,-1,-1,-1,0,38202,0,0,31251
131631,0,0,-3,-1,-1,0,38362,0,0,31350
131636,0,2,0,-1,-1,0,36111,0,0,30090
131641,0,0,5,5000,5000,0,32578,0,0,30175
131647,0,0,0,120000,120000,1182,42292,0,0,30351
131648,0,0,10,30000,-1,0,35129,0,0,30353
131649,0,0,0,30000,-1,0,36460,0,0,30354
131650,0,0,-1,0,1000,11,35270,0,0,30355
131651,0,0,-1,-1,-1,0,483,0,0,30443
131652,1,6,0,-1,-1,0,28568,0,0,30443
131653,0,0,-1,-1,-1,0,483,0,0,30444
131654,1,6,0,-1,-1,0,35530,0,0,30444
131660,0,0,-1,-1,-1,0,37065,0,0,30618
131661,0,1,0,-1,-1,0,38299,0,0,30619
131663,0,0,0,120000,0,0,38325,0,0,30620
131664,0,0,0,300000,-1,0,38326,0,0,30621
131668,0,0,0,0,0,0,37435,0,0,30711
131669,0,0,0,-1,-1,0,37452,0,0,30712
131689,0,0,-1,-1,-1,0,483,0,0,31354
131690,1,6,0,-1,-1,0,17635,0,0,31354
131691,0,0,-1,-1,-1,0,483,0,0,31355
131692,1,6,0,-1,-1,0,17637,0,0,31355
131693,0,0,-1,-1,-1,0,483,0,0,31356
131694,1,6,0,-1,-1,0,17636,0,0,31356
131695,0,0,-1,-1,-1,0,483,0,0,31357
131696,1,6,0,-1,-1,0,17638,0,0,31357
131698,1,1,0,-1,-1,0,35126,0,0,30008
131705,0,0,0,0,30000,1167,36107,0,0,30094
131714,0,0,-1,0,1000,11,33269,0,0,30357
131715,0,0,-1,0,1000,11,33262,0,0,30358
131716,0,0,-1,0,1000,11,33255,0,0,30359
131717,0,0,0,-1,-1,0,55884,0,0,30360
131718,0,0,-1,0,1000,11,33264,0,0,30361
131720,0,1,0,-1,-1,0,37197,0,0,30447
131721,0,0,0,60000,-1,0,37507,0,0,30448
131723,0,1,0,-1,-1,0,37173,0,0,30450
131724,0,0,0,-1,-1,0,36923,0,0,30540
131726,0,0,0,14400000,-1,0,36890,0,0,30542
131728,0,1,0,-1,-1,0,38347,0,0,30626
131729,0,1,0,-1,-1,0,42083,0,0,30627
131730,0,0,0,1000,-1,0,37475,0,0,30717
131731,0,0,0,-1,-1,0,37690,0,0,30803
131732,0,1,0,-1,-1,0,26596,0,0,30804
131734,0,0,0,-1,-1,0,37822,0,0,30805
131737,1,1,0,-1,-1,0,27206,0,0,30892
131738,2,1,0,-1,-1,0,27043,0,0,30892
131756,0,0,-1,-1,-1,0,483,0,0,31358
131757,1,6,0,-1,-1,0,31080,0,0,31358
131758,0,0,-1,-1,-1,0,483,0,0,31359
131759,1,6,0,-1,-1,0,28918,0,0,31359
131760,0,1,-1,-1,-1,0,38438,0,0,31360
131761,1,0,0,-1,-1,0,38444,0,0,31360
131762,0,0,-1,-1,-1,0,483,0,0,31361
131763,1,6,0,-1,-1,0,35549,0,0,31361
131764,0,0,-1,-1,-1,0,483,0,0,31362
131765,1,6,0,-1,-1,0,35554,0,0,31362
131778,0,1,0,-1,-1,0,33063,0,0,30188
131793,0,0,0,14400000,-1,0,36941,0,0,30544
131794,0,0,0,90000,-1,0,38351,0,0,30629
131795,0,1,0,-1,-1,0,37468,0,0,30719
131796,0,1,0,-1,-1,0,37447,0,0,30720
131797,0,1,0,-1,-1,0,37495,0,0,30721
131799,0,0,-1,-1,-1,0,37834,0,0,30811
131812,0,1,0,-1,-1,0,38448,0,0,31366
131815,0,1,0,-1,-1,0,60559,0,0,30023
131823,0,0,-1,0,0,0,36281,0,0,30191
131824,0,0,-1,0,0,0,36282,0,0,30193
131825,0,0,-1,-1,-1,0,483,0,0,30280
131826,1,6,0,-1,-1,0,36315,0,0,30280
131827,0,0,-1,-1,-1,0,483,0,0,30281
131828,1,6,0,-1,-1,0,36316,0,0,30281
131829,0,0,-1,-1,-1,0,483,0,0,30282
131830,1,6,0,-1,-1,0,36317,0,0,30282
131831,0,0,-1,-1,-1,0,483,0,0,30283
131832,1,6,0,-1,-1,0,36318,0,0,30283
131839,0,0,-1,0,1000,59,27089,0,0,30457
131840,0,0,-1,0,1000,11,27094,0,0,30458
131844,0,0,0,0,10000,1167,36652,0,0,30462
131845,0,0,0,-1,-1,0,37097,0,0,30638
131853,0,0,-1,0,1000,11,433,0,0,30816
131854,0,0,0,-1,-1,0,37830,0,0,30818
131867,0,2,0,-1,-1,0,36111,0,0,31082
131868,0,0,0,-1,-1,0,3366,0,0,31084
131874,0,1,0,-1,-1,0,38224,0,0,31279
131875,0,0,-1,0,30000,1167,38439,0,0,31372
131876,0,0,-1,-1,-1,0,38453,0,0,31373
131889,0,0,-1,0,0,0,36283,0,0,30195
131891,0,0,-1,0,0,0,36284,0,0,30197
131892,0,0,-1,0,0,0,36285,0,0,30198
131893,0,0,-1,0,0,0,36286,0,0,30199
131908,0,0,-1,-1,-1,0,37096,0,0,30639
131931,0,0,-1,-1,-1,0,38134,0,0,31088
131953,0,0,0,-1,-1,0,36342,0,0,30292
131954,0,0,0,90000,15000,1141,36347,0,0,30293
131963,0,0,-1,-1,-1,0,483,0,0,30469
131964,1,6,0,-1,-1,0,36665,0,0,30469
131965,0,0,-1,-1,-1,0,483,0,0,30470
131966,1,6,0,-1,-1,0,36667,0,0,30470
131967,0,0,-1,-1,-1,0,483,0,0,30471
131968,1,6,0,-1,-1,0,36668,0,0,30471
131969,0,0,-1,-1,-1,0,483,0,0,30472
131970,1,6,0,-1,-1,0,36669,0,0,30472
131971,0,0,-1,-1,-1,0,483,0,0,30473
131972,1,6,0,-1,-1,0,36670,0,0,30473
131973,0,0,0,-1,-1,0,37172,0,0,30561
131978,0,0,-1,-1,-1,0,483,0,0,30826
131979,1,6,0,-1,-1,0,37855,0,0,30826
132000,1,1,0,-1,-1,0,17746,0,0,31288
132008,0,0,5,5000,5000,0,36030,0,0,29952
132027,0,0,0,90000,0,0,36372,0,0,30300
132028,0,0,-1,-1,-1,0,483,0,0,30474
132029,1,6,0,-1,-1,0,36672,0,0,30474
132030,0,0,10,30000,30000,0,32580,0,0,30479
132032,0,0,-1,-1,-1,0,37221,0,0,30651
132033,0,0,-1,-1,-1,0,37320,0,0,30652
132034,0,0,-1,-1,-1,0,37322,0,0,30653
132035,0,0,-1,-1,-1,0,37323,0,0,30654
132036,0,0,0,10000,10000,0,37136,0,0,30656
132037,0,0,0,15000,-1,0,37573,0,0,30742
132039,0,0,-1,-1,-1,0,483,0,0,30833
132040,1,6,0,-1,-1,0,37873,0,0,30833
132054,0,2,0,-1,-1,0,24585,0,0,31193
132065,0,0,-1,-1,-1,0,55884,0,0,29953
132068,0,0,-1,-1,-1,0,55884,0,0,29956
132069,0,0,-1,-1,-1,0,55884,0,0,29957
132070,0,0,-1,-1,-1,0,55884,0,0,29958
132087,0,0,-1,-1,-1,0,483,0,0,30301
132088,1,6,0,-1,-1,0,36349,0,0,30301
132089,0,0,-1,-1,-1,0,483,0,0,30302
132090,1,6,0,-1,-1,0,36351,0,0,30302
132091,0,0,-1,-1,-1,0,483,0,0,30303
132092,1,6,0,-1,-1,0,36352,0,0,30303
132093,0,0,-1,-1,-1,0,483,0,0,30304
132094,1,6,0,-1,-1,0,36353,0,0,30304
132095,0,0,-1,-1,-1,0,483,0,0,30305
132096,1,6,0,-1,-1,0,36355,0,0,30305
132100,0,0,-1,-1,3000,330,55884,0,0,30480
132101,0,0,0,-1,-1,0,36587,0,0,30481
132102,0,0,-1,-1,-1,0,483,0,0,30483
132103,1,6,0,-1,-1,0,36686,0,0,30483
132104,0,0,0,-1,-1,0,37236,0,0,30657
132106,1,0,0,60000,15000,1141,37877,0,0,30841
132107,0,0,-1,-1,-1,0,483,0,0,30842
132108,1,6,0,-1,-1,0,37882,0,0,30842
132125,1,1,0,-1,-1,0,39841,0,0,31104
132126,0,1,0,-1,-1,0,39841,0,0,31105
132128,0,0,0,-1,-1,0,29773,0,0,31300
132132,0,0,-1,-1,-1,0,55884,0,0,29960
132133,0,2,0,-1,-1,0,36041,0,0,29962
132151,0,0,-1,-1,-1,0,483,0,0,30306
132152,1,6,0,-1,-1,0,36357,0,0,30306
132153,0,0,-1,-1,-1,0,483,0,0,30307
132154,1,6,0,-1,-1,0,36358,0,0,30307
132155,0,0,-1,-1,-1,0,483,0,0,30308
132156,1,6,0,-1,-1,0,36359,0,0,30308
132157,0,0,-1,0,1000,59,11009,0,0,30309
132162,0,1,0,-1,-1,0,22778,0,0,30487
132163,0,1,0,-1,-1,0,14097,0,0,30579
132164,1,1,0,-1,-1,0,37649,0,0,30579
132165,0,1,0,-1,-1,0,37247,0,0,30663
132166,0,1,0,-1,-1,0,37336,0,0,30664
132168,1,0,0,120000,-1,0,40402,0,0,30665
132172,0,0,0,-1,-1,0,14097,0,0,30756
132173,1,0,0,-1,-1,0,37649,0,0,30756
132174,0,0,-1,-1,-1,0,483,0,0,30843
132175,1,6,0,-1,-1,0,37883,0,0,30843
132176,0,0,-1,-1,-1,0,483,0,0,30844
132177,1,6,0,-1,-1,0,37884,0,0,30844
132178,0,0,-1,-1,-1,0,37889,0,0,30845
132179,0,0,-1,-1,-1,0,37891,0,0,30846
132180,0,0,0,1800000,-1,0,37896,0,0,30847
132199,2,1,0,-1,-1,0,39841,0,0,31106
132202,2,1,0,-1,-1,0,39841,0,0,31107
132203,0,0,0,0,120000,1167,38119,0,0,31108
132205,1,1,0,-1,-1,0,39841,0,0,31109
132208,2,1,0,-1,-1,0,39841,0,0,31110
132216,0,0,0,0,120000,1167,38249,0,0,31310
132223,0,1,0,-1,-1,0,60738,0,0,30051
132239,1,2,0,-1,-1,0,36479,0,0,30311
132241,1,2,0,-1,-1,0,36478,0,0,30312
132244,2,0,0,-1,-1,0,36480,0,0,30313
132245,0,0,0,30000,-1,0,36481,0,0,30314
132248,0,1,0,-1,-1,0,23990,0,0,30496
132250,0,0,0,-1,-1,0,37285,0,0,30672
132252,0,0,-1,-1,-1,0,37898,0,0,30850
132253,0,0,0,5000,5000,0,37899,0,0,30852
132254,0,0,0,60000,-1,0,37904,0,0,30853
132255,0,0,0,60000,-1,0,37906,0,0,30854
132263,0,1,0,-1,-1,0,37760,0,0,31025
132278,0,0,0,-1,-1,0,38273,0,0,31316
132303,1,2,0,-1,-1,0,36479,0,0,30316
132306,2,1,0,-1,-1,0,36488,0,0,30317
132308,1,1,0,-1,-1,0,36413,0,0,30318
132309,2,0,0,-1,-1,0,36412,0,0,30318
132310,3,2,0,-1,-1,0,36482,0,0,30318
132311,0,0,-1,-1,-1,0,483,0,0,30321
132312,1,6,0,-1,-1,0,36389,0,0,30321
132319,0,0,-1,0,1000,59,11009,0,0,30499
132322,0,0,-1,30000,-1,0,11009,0,0,30858
132329,0,1,0,-1,-1,0,37762,0,0,31031
132332,0,1,0,-1,-1,0,37763,0,0,31033
132333,0,0,-1,-1,-1,0,38156,0,0,31121
132334,0,0,-1,-1,-1,0,38157,0,0,31122
132339,0,0,0,60000,10000,1141,40724,0,0,32654
132340,1,1,0,-1,-1,0,40723,0,0,32654
132342,0,0,-1,-1,-1,0,483,0,0,32736
132343,1,6,0,-1,-1,0,41132,0,0,32736
132344,0,0,-1,-1,-1,0,483,0,0,32737
132345,1,6,0,-1,-1,0,41133,0,0,32737
132346,0,1,0,-1,-1,0,23044,0,0,31409
132354,0,0,-1,-1,-1,0,483,0,0,31505
132355,1,6,0,-1,-1,0,30324,0,0,31505
132356,0,0,-1,-1,-1,0,483,0,0,31506
132357,1,6,0,-1,-1,0,30357,0,0,31506
132366,0,0,-1,-1,-1,0,483,0,0,31682
132367,1,6,0,-1,-1,0,38961,0,0,31682
132378,0,0,-1,-1,-1,0,483,0,0,31870
132379,1,6,0,-1,-1,0,39451,0,0,31870
132380,0,0,-1,-1,-1,0,483,0,0,31871
132381,1,6,0,-1,-1,0,39455,0,0,31871
132382,0,0,-1,-1,-1,0,483,0,0,31872
132383,1,6,0,-1,-1,0,39458,0,0,31872
132384,0,0,-1,-1,-1,0,483,0,0,31873
132385,1,6,0,-1,-1,0,39466,0,0,31873
132390,1,1,0,-1,-1,0,33830,0,0,31967
132400,0,1,0,-1,-1,0,33020,0,0,32139
132402,0,0,-1,-1,-1,0,483,0,0,32305
132403,1,6,0,-1,-1,0,39735,0,0,32305
132404,0,0,-1,-1,-1,0,483,0,0,32306
132405,1,6,0,-1,-1,0,39736,0,0,32306
132406,0,0,-1,-1,-1,0,483,0,0,32307
132407,1,6,0,-1,-1,0,39737,0,0,32307
132408,0,0,-1,-1,-1,0,483,0,0,32308
132409,1,6,0,-1,-1,0,39738,0,0,32308
132413,3,0,0,3000,-1,0,12883,0,0,32474
132418,4,0,0,3000,-1,0,12883,0,0,32475
132422,3,0,0,3000,-1,0,12883,0,0,32476
132426,3,0,0,3000,-1,0,12883,0,0,32478
132427,0,0,0,180000,-1,0,40530,0,0,32566
132429,0,0,0,140000,-1,0,40889,0,0,32657
132430,0,0,0,120000,20000,1141,40729,0,0,32658
132434,0,0,-1,-1,-1,0,483,0,0,32738
132435,1,6,0,-1,-1,0,41134,0,0,32738
132436,0,0,-1,-1,-1,0,483,0,0,32739
132437,1,6,0,-1,-1,0,41135,0,0,32739
132438,0,0,0,60000,60000,0,41181,0,0,32741
132452,0,0,0,60000,-1,0,38707,0,0,31606
132467,0,0,-1,-1,-1,0,483,0,0,31874
132468,1,6,0,-1,-1,0,39467,0,0,31874
132469,0,0,-1,-1,-1,0,483,0,0,31875
132470,1,6,0,-1,-1,0,39452,0,0,31875
132471,0,0,-1,-1,-1,0,483,0,0,31876
132472,1,6,0,-1,-1,0,39463,0,0,31876
132473,0,0,-1,-1,-1,0,483,0,0,31877
132474,1,6,0,-1,-1,0,39462,0,0,31877
132478,0,1,0,-1,-1,0,33063,0,0,31973
132482,1,1,0,-1,-1,0,33830,0,0,32056
132494,0,1,0,-1,-1,0,32973,0,0,32144
132501,0,0,-1,-1,-1,0,55884,0,0,32233
132504,1,0,0,600000,-1,0,47524,0,0,32235
132507,0,0,-1,-1,-1,0,483,0,0,32309
132508,1,6,0,-1,-1,0,39739,0,0,32309
132509,0,0,-1,-1,-1,0,483,0,0,32310
132510,1,6,0,-1,-1,0,39740,0,0,32310
132511,0,0,-1,-1,-1,0,483,0,0,32311
132512,1,6,0,-1,-1,0,39741,0,0,32311
132513,0,0,-1,-1,-1,0,483,0,0,32312
132514,1,6,0,-1,-1,0,39742,0,0,32312
132518,3,0,0,3000,-1,0,12883,0,0,32479
132522,4,0,0,3000,-1,0,12883,0,0,32480
132523,0,1,0,0,0,0,40389,0,0,32481
132526,1,0,0,120000,20000,1141,40396,0,0,32483
132533,0,0,-1,0,1000,59,11009,0,0,32667
132535,0,0,-1,-1,-1,0,483,0,0,32744
132536,1,6,0,-1,-1,0,41156,0,0,32744
132537,0,0,-1,-1,-1,0,483,0,0,32745
132538,1,6,0,-1,-1,0,41157,0,0,32745
132539,0,0,-1,-1,-1,0,483,0,0,32746
132540,1,6,0,-1,-1,0,41158,0,0,32746
132546,0,0,-1,-1,-1,0,38612,0,0,31517
132547,0,0,-1,1000,1000,0,38606,0,0,31518
132549,0,0,0,-1,-1,0,38736,0,0,31610
132560,0,0,-1,-1,-1,0,483,0,0,31878
132561,1,6,0,-1,-1,0,39470,0,0,31878
132562,0,0,-1,-1,-1,0,483,0,0,31879
132563,1,6,0,-1,-1,0,39471,0,0,31879
132564,0,0,0,1500,-1,0,39478,0,0,31880
132565,0,0,0,1500,-1,0,39479,0,0,31881
132566,0,0,-1,-1,-1,0,39480,0,0,31882
132567,0,0,-1,-1,-1,0,60395,0,0,31883
132568,0,0,-1,-1,-1,0,60392,0,0,31884
132575,0,0,-1,0,3000,79,39625,0,0,32062
132576,0,0,-1,0,3000,79,39626,0,0,32063
132579,0,1,0,-1,-1,0,32973,0,0,32149
132593,0,0,-1,-1,3000,330,55884,0,0,32314
132594,0,0,0,45000,-1,0,39793,0,0,32315
132595,0,0,-1,-1,3000,330,55884,0,0,32316
132596,0,0,-1,-1,3000,330,55884,0,0,32317
132597,0,0,-1,-1,3000,330,55884,0,0,32318
132598,0,0,-1,-1,3000,330,55884,0,0,32319
132599,0,1,0,-1,-1,0,40458,0,0,32485
132600,0,1,0,-1,-1,0,40442,0,0,32486
132601,0,1,0,-1,-1,0,40485,0,0,32487
132602,0,1,0,-1,-1,0,40482,0,0,32488
132603,0,1,0,-1,-1,0,40470,0,0,32489
132604,0,1,0,-1,-1,0,40438,0,0,32490
132605,0,0,-1,-1,-1,0,40548,0,0,32576
132607,0,0,-1,-1,120000,1153,41237,0,0,32578
132610,0,0,-1,0,1000,59,27089,0,0,32668
132611,0,0,-1,0,1000,11,33725,0,0,32669
132612,0,0,-1,-1,-1,0,40757,0,0,32670
132614,1,0,-1,-1,-1,0,40752,0,0,32671
132615,0,0,-1,-1,-1,0,40744,0,0,32672
132617,1,0,-1,-1,-1,0,40749,0,0,32673
132619,1,0,-1,-1,-1,0,40756,0,0,32674
132620,0,0,-1,-1,-1,0,483,0,0,32747
132621,1,6,0,-1,-1,0,41160,0,0,32747
132622,0,0,-1,-1,-1,0,483,0,0,32748
132623,1,6,0,-1,-1,0,41161,0,0,32748
132624,0,0,-1,-1,-1,0,483,0,0,32749
132625,1,6,0,-1,-1,0,41162,0,0,32749
132626,0,0,-1,-1,-1,0,483,0,0,32750
132627,1,6,0,-1,-1,0,41163,0,0,32750
132636,0,0,-1,-1,-1,0,38614,0,0,31524
132640,1,1,0,-1,-1,0,38522,0,0,31614
132641,0,0,0,90000,15000,1141,33662,0,0,31615
132643,0,0,0,90000,15000,1141,33667,0,0,31617
132651,0,0,-1,-1,-1,0,39010,0,0,31702
132653,0,0,0,-1,-1,0,3366,0,0,31704
132655,0,0,-1,-1,-1,0,60391,0,0,31885
132656,0,0,-1,-1,-1,0,60394,0,0,31886
132657,0,0,-1,-1,-1,0,60393,0,0,31887
132658,0,0,-1,-1,-1,0,60390,0,0,31888
132659,0,0,-1,-1,-1,0,60389,0,0,31889
132660,0,1,0,-1,-1,0,33063,0,0,31981
132665,0,0,-1,0,3000,79,39627,0,0,32067
132666,0,0,-1,0,3000,79,39628,0,0,32068
132667,0,0,0,-1,-1,0,39640,0,0,32069
132668,0,0,-1,-1,-1,0,483,0,0,32070
132669,1,6,0,-1,-1,0,39637,0,0,32070
132670,0,0,-1,-1,-1,0,483,0,0,32071
132671,1,6,0,-1,-1,0,39639,0,0,32071
132674,1,1,0,-1,-1,0,23300,0,0,32154
132680,0,0,0,-1,-1,0,39750,0,0,32244
132683,0,0,0,5000,5000,0,39810,0,0,32321
132686,0,0,0,5000,5000,0,39844,0,0,32406
132688,0,0,-1,-1,-1,0,39948,0,0,32408
132689,0,1,0,-1,-1,0,40463,0,0,32491
132690,0,1,0,-1,-1,0,40460,0,0,32492
132691,0,1,0,-1,-1,0,40478,0,0,32493
132695,4,0,0,3000,-1,0,12883,0,0,32494
132699,4,0,0,3000,-1,0,12883,0,0,32495
132701,1,1,0,-1,-1,0,37655,0,0,32496
132709,1,0,-1,-1,-1,0,40753,0,0,32675
132711,1,0,-1,-1,-1,0,40748,0,0,32676
132712,0,0,-1,-1,-1,0,40747,0,0,32677
132713,0,0,-1,0,0,0,40754,0,0,32678
132716,1,0,-1,-1,-1,0,40755,0,0,32679
132717,0,0,-1,-1,-1,0,483,0,0,32751
132718,1,6,0,-1,-1,0,41164,0,0,32751
132719,0,0,-1,-1,-1,0,483,0,0,32752
132720,1,6,0,-1,-1,0,41207,0,0,32752
132721,0,0,-1,-1,-1,0,483,0,0,32753
132722,1,6,0,-1,-1,0,41208,0,0,32753
132723,0,0,-1,-1,-1,0,483,0,0,32754
132724,1,6,0,-1,-1,0,41205,0,0,32754
132729,0,0,-1,60000,0,150,38543,0,0,31437
132732,0,1,0,-1,-1,0,23044,0,0,31620
132734,0,1,0,-1,-1,0,23044,0,0,31621
132739,0,0,0,-1,-1,0,39040,0,0,31705
132740,0,0,0,60000,60000,0,39219,0,0,31807
132741,0,0,0,30000,-1,0,39224,0,0,31808
132742,0,0,1,-1,-1,0,39226,0,0,31809
132743,0,0,-1,-1,-1,0,39481,0,0,31892
132744,0,0,-1,-1,-1,0,60421,0,0,31893
132745,0,0,-1,-1,-1,0,60418,0,0,31894
132746,0,0,-1,-1,-1,0,60417,0,0,31895
132747,0,0,-1,-1,-1,0,60420,0,0,31896
132748,0,0,0,-1,-1,0,39480,0,0,31897
132751,1,1,0,-1,-1,0,33830,0,0,31987
132764,1,1,0,-1,-1,0,23300,0,0,32159
132774,0,1,0,-1,-1,0,41040,0,0,32330
132775,0,0,-1,-1,-1,0,483,0,0,32411
132776,1,6,0,-1,-1,0,39963,0,0,32411
132777,0,0,-1,-1,-1,0,483,0,0,32412
132778,1,6,0,-1,-1,0,39961,0,0,32412
132779,0,0,-1,0,60000,24,39965,0,0,32413
132782,0,0,0,-1,-1,0,55884,0,0,32498
132785,2,1,0,-1,-1,0,40971,0,0,32500
132786,1,0,0,180000,-1,0,40464,0,0,32501
132788,0,0,-1,-1,-1,0,55884,0,0,32588
132793,0,0,0,0,5000,1170,40742,0,0,32680
132794,0,0,-1,-1,-1,0,40766,0,0,32681
132795,0,0,-1,-1,-1,0,40767,0,0,32682
132796,0,0,-1,-1,-1,0,40765,0,0,32683
132797,0,0,-1,-1,-1,0,40764,0,0,32684
132798,0,0,-1,0,1000,11,35270,0,0,32685
132799,0,0,-1,-1,-1,0,483,0,0,32755
132800,1,6,0,-1,-1,0,41206,0,0,32755
132801,0,0,0,900000,-1,0,41234,0,0,32757
132802,0,0,-1,-1,-1,0,41233,0,0,32758
132810,0,0,-1,0,-1,0,38615,0,0,31535
132811,0,0,-1,-1,-1,0,38746,0,0,31536
132824,0,0,0,0,15000,1167,39238,0,0,31810
132825,0,0,0,-1,-1,0,39239,0,0,31811
132826,0,0,-1,-1,-1,0,60419,0,0,31898
132827,0,0,-1,-1,-1,0,60416,0,0,31899
132828,0,0,-1,-1,-1,0,60415,0,0,31900
132829,0,0,-1,-1,-1,0,39483,0,0,31901
132830,0,0,-1,-1,-1,0,60404,0,0,31902
132831,0,0,-1,-1,-1,0,60400,0,0,31903
132832,0,0,-1,-1,-1,0,60399,0,0,31904
132837,1,1,0,-1,-1,0,38522,0,0,31993
132838,0,0,0,-1,-1,0,39629,0,0,31994
132841,0,0,-1,-1,-1,0,39677,0,0,32079
132844,0,1,0,-1,-1,0,22778,0,0,32164
132847,0,1,0,-1,-1,0,41037,0,0,32257
132854,0,0,0,0,10000,1167,40468,0,0,32503
132856,1,1,0,-1,-1,0,40475,0,0,32505
132858,0,0,-1,-1,-1,0,40558,0,0,32594
132859,0,0,-1,0,3000,79,40568,0,0,32596
132860,0,0,-1,0,3000,79,40575,0,0,32597
132861,0,0,-1,0,3000,79,40572,0,0,32598
132862,0,0,-1,0,1000,11,40768,0,0,32686
132863,0,0,-1,0,60000,4,28499,0,0,32762
132864,0,0,-1,0,60000,4,28495,0,0,32763
132865,0,0,-1,0,3000,79,28518,0,0,32764
132875,0,0,-1,0,3000,79,38551,0,0,31449
132885,1,1,0,-1,-1,0,23300,0,0,31631
132893,0,0,0,1500,-1,0,39242,0,0,31815
132898,0,0,-1,-1,-1,0,60402,0,0,31905
132899,0,0,-1,-1,-1,0,60401,0,0,31906
132900,0,0,-1,-1,-1,0,60398,0,0,31908
132901,0,0,-1,-1,-1,0,60397,0,0,31909
132902,0,0,-1,-1,-1,0,39484,0,0,31910
132903,0,0,-1,-1,-1,0,60414,0,0,31911
132907,1,1,0,-1,-1,0,61249,0,0,31998
132916,1,1,0,-1,-1,0,23300,0,0,32169
132922,1,2,0,-1,-1,0,40291,0,0,32262
132923,0,1,0,-1,-1,0,46939,0,0,32336
132930,0,0,-1,0,1000,59,39980,0,0,32424
132931,0,0,-1,-1,-1,24,40309,0,0,32426
132935,0,0,-1,0,3000,79,40567,0,0,32599
132936,0,0,-1,0,3000,79,40573,0,0,32600
132937,0,0,-1,0,3000,79,40576,0,0,32601
132938,0,0,-1,-1,-1,24,40309,0,0,32602
132939,0,0,-1,0,3000,79,28520,0,0,32765
132940,0,0,-1,0,3000,79,28519,0,0,32766
132941,0,0,-1,0,3000,79,17628,0,0,32767
132942,0,0,-1,-1,3000,330,55884,0,0,32768
132943,0,0,-1,0,3000,79,38552,0,0,31450
132944,0,0,-1,0,3000,1153,38553,0,0,31451
132956,1,1,0,-1,-1,0,23300,0,0,31636
132970,0,0,0,0,15000,1167,39246,0,0,31825
132971,0,0,-1,-1,-1,0,60411,0,0,31912
132972,0,0,-1,-1,-1,0,60410,0,0,31913
132973,0,0,-1,-1,-1,0,60413,0,0,31915
132974,0,0,-1,-1,-1,0,60412,0,0,31916
132975,0,0,-1,-1,-1,0,60409,0,0,31917
132980,0,1,0,-1,-1,0,33020,0,0,32005
132983,0,0,0,-1,-1,0,39677,0,0,32092
132984,0,1,0,-1,-1,0,33063,0,0,32093
133002,0,0,-1,-1,-1,0,483,0,0,32429
133003,1,6,0,-1,-1,0,39997,0,0,32429
133004,0,0,-1,-1,-1,0,483,0,0,32430
133005,1,6,0,-1,-1,0,52733,0,0,32430
133006,0,0,-1,-1,-1,0,483,0,0,32431
133007,1,6,0,-1,-1,0,40001,0,0,32431
133008,0,0,-1,-1,-1,0,483,0,0,32432
133009,1,6,0,-1,-1,0,40002,0,0,32432
133016,0,0,0,600000,600000,1183,40811,0,0,32694
133017,0,0,0,600000,600000,1183,40815,0,0,32695
133018,0,0,0,60000,60000,0,40817,0,0,32696
133019,0,0,0,-1,-1,0,40856,0,0,32698
133020,0,1,0,-1,-1,0,41260,0,0,32770
133021,0,1,0,-1,-1,0,41262,0,0,32771
133023,0,0,-1,-1,-1,0,41267,0,0,32773
133025,0,0,-1,60000,-1,1153,41273,0,0,32775
133035,0,1,0,-1,-1,0,32973,0,0,31641
133048,0,0,0,30000,-1,0,39264,0,0,31827
133049,0,0,0,15000,-1,0,39371,0,0,31828
133050,0,0,-1,-1,3000,330,55884,0,0,31829
133051,0,0,-1,-1,3000,330,55884,0,0,31830
133052,0,0,-1,-1,3000,330,55884,0,0,31831
133053,0,0,-1,-1,3000,330,55884,0,0,31832
133054,0,0,-1,-1,-1,0,60408,0,0,31918
133063,0,1,0,-1,-1,0,32973,0,0,32010
133087,0,0,-1,-1,-1,0,483,0,0,32433
133088,1,6,0,-1,-1,0,40003,0,0,32433
133089,0,0,-1,-1,-1,0,483,0,0,32434
133090,1,6,0,-1,-1,0,40004,0,0,32434
133091,0,0,-1,-1,-1,0,483,0,0,32435
133092,1,6,0,-1,-1,0,40005,0,0,32435
133093,0,0,-1,-1,-1,0,483,0,0,32436
133094,1,6,0,-1,-1,0,40006,0,0,32436
133102,0,0,0,1000,-1,0,38554,0,0,31463
133105,0,0,-1,-1,-1,0,38746,0,0,31645
133108,0,1,0,-1,-1,0,32973,0,0,31647
133113,0,0,-1,-1,-1,0,39094,0,0,31736
133114,0,0,0,30000,-1,0,36374,0,0,31739
133115,0,0,-1,-1,3000,330,55884,0,0,31833
133116,0,0,-1,-1,3000,330,55884,0,0,31834
133117,0,0,-1,-1,3000,330,55884,0,0,31835
133118,0,0,-1,-1,3000,330,55884,0,0,31836
133119,0,0,-1,-1,-1,0,483,0,0,31837
133120,1,6,0,-1,-1,0,39374,0,0,31837
133126,0,1,0,-1,-1,0,23044,0,0,32015
133129,0,1,0,-1,-1,0,23044,0,0,32100
133133,0,1,0,-1,-1,0,23044,0,0,32103
133140,0,0,-1,-1,-1,0,483,0,0,32274
133141,1,6,0,-1,-1,0,39705,0,0,32274
133144,0,0,-1,-1,-1,0,483,0,0,32277
133145,1,6,0,-1,-1,0,39706,0,0,32277
133154,0,0,-1,-1,-1,0,483,0,0,32437
133155,1,6,0,-1,-1,0,40020,0,0,32437
133156,0,0,-1,-1,-1,0,483,0,0,32438
133157,1,6,0,-1,-1,0,40021,0,0,32438
133158,0,0,-1,-1,-1,0,483,0,0,32439
133159,1,6,0,-1,-1,0,40023,0,0,32439
133160,0,0,-1,-1,-1,0,483,0,0,32440
133161,1,6,0,-1,-1,0,40024,0,0,32440
133168,0,0,-1,-1,-1,0,55884,0,0,32616
133169,0,0,-1,-1,-1,0,55884,0,0,32617
133170,0,0,-1,-1,-1,24,40309,0,0,32618
133172,1,1,0,-1,-1,0,33830,0,0,31375
133188,0,0,0,0,10000,1167,38762,0,0,31652
133189,0,0,0,-1,-1,0,39105,0,0,31742
133190,0,1,0,-1,-1,0,37651,0,0,31745
133192,0,0,-1,0,60000,4,17534,0,0,31838
133193,0,0,-1,0,60000,4,17534,0,0,31839
133194,0,0,-1,0,60000,4,17531,0,0,31840
133195,0,0,-1,0,60000,4,17531,0,0,31841
133203,1,1,0,-1,-1,0,38522,0,0,32021
133212,0,0,-1,-1,-1,0,483,0,0,32281
133213,1,6,0,-1,-1,0,39710,0,0,32281
133214,0,0,-1,-1,-1,0,483,0,0,32282
133215,1,6,0,-1,-1,0,39711,0,0,32282
133216,0,0,-1,-1,-1,0,483,0,0,32283
133217,1,6,0,-1,-1,0,39712,0,0,32283
133219,0,0,-1,-1,-1,0,483,0,0,32441
133220,1,6,0,-1,-1,0,40033,0,0,32441
133221,0,0,-1,-1,-1,0,483,0,0,32442
133222,1,6,0,-1,-1,0,40034,0,0,32442
133223,0,0,-1,-1,-1,0,483,0,0,32443
133224,1,6,0,-1,-1,0,40035,0,0,32443
133225,0,0,-1,-1,-1,0,483,0,0,32444
133226,1,6,0,-1,-1,0,40036,0,0,32444
133231,0,0,0,300000,0,0,40538,0,0,32534
133233,0,0,-1,-1,-1,0,55884,0,0,32622
133237,0,0,0,-1,-1,0,38482,0,0,31386
133246,0,0,-1,-1,-1,0,38779,0,0,31655
133252,0,0,0,30000,-1,0,39220,0,0,31752
133253,0,0,-1,0,0,0,39403,0,0,31842
133254,0,0,-1,0,0,0,39404,0,0,31843
133255,0,0,-1,0,0,0,39405,0,0,31844
133256,0,0,-1,0,0,0,39406,0,0,31845
133257,0,0,-1,0,0,0,39407,0,0,31846
133258,0,0,-1,0,0,0,39408,0,0,31847
133264,0,1,0,-1,-1,0,33066,0,0,32110
133269,1,1,0,-1,-1,0,33830,0,0,32113
133272,0,0,-1,-1,-1,0,483,0,0,32284
133273,1,6,0,-1,-1,0,39713,0,0,32284
133274,0,0,-1,-1,-1,0,483,0,0,32285
133275,1,6,0,-1,-1,0,39714,0,0,32285
133276,0,0,-1,-1,-1,0,483,0,0,32286
133277,1,6,0,-1,-1,0,39715,0,0,32286
133278,0,0,-1,-1,-1,0,483,0,0,32287
133279,1,6,0,-1,-1,0,39716,0,0,32287
133283,0,0,-1,-1,-1,0,37678,0,0,32446
133284,0,0,-1,-1,-1,0,483,0,0,32447
133285,1,6,0,-1,-1,0,40060,0,0,32447
133286,0,0,0,-1,-1,0,40098,0,0,32449
133290,1,0,0,1800000,-1,0,12438,0,0,32538
133292,1,0,0,1800000,-1,0,12438,0,0,32539
133295,0,0,-1,-1,-1,0,483,0,0,31390
133296,1,6,0,-1,-1,0,38473,0,0,31390
133297,0,0,-1,-1,-1,0,483,0,0,31391
133298,1,6,0,-1,-1,0,38475,0,0,31391
133307,0,0,-5,5000,5000,0,38780,0,0,31663
133308,0,0,-1,-1,-1,0,38790,0,0,31664
133309,0,0,-1,-1,-1,0,55884,0,0,31665
133310,0,0,-1,1000,-1,0,39161,0,0,31754
133314,0,0,-1,0,0,0,39410,0,0,31848
133315,0,0,-1,0,0,0,39411,0,0,31849
133316,0,1,0,-1,-1,0,39421,0,0,31850
133317,0,1,0,-1,-1,0,39423,0,0,31851
133318,0,0,-1,0,60000,4,17534,0,0,31852
133319,0,0,-1,0,60000,4,17534,0,0,31853
133320,0,0,0,60000,0,0,39527,0,0,31946
133324,0,1,0,-1,-1,0,38501,0,0,32030
133334,1,1,0,-1,-1,0,33830,0,0,32118
133339,0,0,-1,-1,-1,0,483,0,0,32288
133340,1,6,0,-1,-1,0,39717,0,0,32288
133341,0,0,-1,-1,-1,0,483,0,0,32289
133342,1,6,0,-1,-1,0,39718,0,0,32289
133343,0,0,-1,-1,-1,0,483,0,0,32290
133344,1,6,0,-1,-1,0,39719,0,0,32290
133345,0,0,-1,-1,-1,0,483,0,0,32291
133346,1,6,0,-1,-1,0,39720,0,0,32291
133347,0,1,0,-1,-1,0,41042,0,0,32368
133353,0,0,-1,0,1000,59,27089,0,0,32453
133354,0,0,-1,0,1000,59,22734,0,0,32455
133355,0,0,0,5000,-1,0,40160,0,0,32456
133356,0,0,0,30000,-1,0,40527,0,0,32542
133357,0,2,0,-1,-1,0,21165,0,0,32719
133358,0,0,-1,0,1000,11,41030,0,0,32721
133359,0,0,-1,0,1000,11,41031,0,0,32722
133360,0,0,-1,-1,-1,0,483,0,0,31392
133361,1,6,0,-1,-1,0,38476,0,0,31392
133362,0,0,-1,-1,-1,0,483,0,0,31393
133363,1,6,0,-1,-1,0,38477,0,0,31393
133364,0,0,-1,-1,-1,0,483,0,0,31394
133365,1,6,0,-1,-1,0,38478,0,0,31394
133366,0,0,-1,-1,-1,0,483,0,0,31395
133367,1,6,0,-1,-1,0,38479,0,0,31395
133376,1,1,0,-1,-1,0,33830,0,0,31584
133380,0,0,-10,30000,-1,0,45257,0,0,31666
133381,0,0,0,-1,-1,611,22578,0,0,31667
133382,0,0,0,5000,5000,0,38862,0,0,31668
133383,0,0,-1,-1,-1,0,55884,0,0,31760
133386,0,0,0,120000,120000,0,38782,0,0,31763
133390,0,0,-1,0,60000,4,17531,0,0,31854
133391,0,0,-1,0,60000,4,17531,0,0,31855
133392,0,1,0,-1,-1,0,39438,0,0,31856
133393,1,1,0,-1,-1,0,39440,0,0,31856
133394,0,1,0,-1,-1,0,39442,0,0,31857
133395,0,1,0,-1,-1,0,39444,0,0,31858
133396,0,1,0,-1,-1,0,23044,0,0,32034
133409,1,1,0,-1,-1,0,61249,0,0,32124
133411,0,0,-1,-1,-1,0,483,0,0,32292
133412,1,6,0,-1,-1,0,39721,0,0,32292
133413,0,0,-1,-1,-1,0,483,0,0,32293
133414,1,6,0,-1,-1,0,39722,0,0,32293
133415,0,0,-1,-1,-1,0,483,0,0,32294
133416,1,6,0,-1,-1,0,39723,0,0,32294
133417,0,0,-1,-1,-1,0,483,0,0,32295
133418,1,6,0,-1,-1,0,39724,0,0,32295
133419,0,0,-1,-1,-1,0,483,0,0,32296
133420,1,6,0,-1,-1,0,39725,0,0,32296
133422,0,1,0,-1,-1,0,40407,0,0,32375
133425,0,0,0,-1,-1,0,40164,0,0,32457
133426,0,0,-1,-1,3000,330,55884,0,0,32458
133429,2,0,0,3000,-1,0,12883,0,0,32461
133430,0,1,0,-1,-1,0,38501,0,0,31397
133433,0,0,-1,-1,-1,0,483,0,0,31401
133434,1,6,0,-1,-1,0,38503,0,0,31401
133440,0,0,-1,-1,-1,0,38613,0,0,31495
133448,1,1,0,-1,-1,0,33830,0,0,31589
133454,0,0,-1,0,1000,11,35271,0,0,31672
133455,0,0,-1,0,1000,11,33264,0,0,31673
133456,0,0,-1,-1,-1,0,483,0,0,31674
133457,1,6,0,-1,-1,0,38868,0,0,31674
133458,0,0,-1,-1,-1,0,483,0,0,31675
133459,1,6,0,-1,-1,0,38867,0,0,31675
133460,0,0,-1,0,60000,4,38908,0,0,31676
133462,0,0,-1,-1,-1,0,3366,0,0,31767
133464,0,0,0,-1,-1,0,39189,0,0,31769
133466,0,0,0,300000,-1,0,39183,0,0,31772
133467,0,1,0,-1,-1,0,39446,0,0,31859
133469,1,1,0,-1,-1,0,23300,0,0,32040
133474,1,1,0,-1,-1,0,33830,0,0,32128
133482,0,0,-1,-1,-1,0,483,0,0,32297
133483,1,6,0,-1,-1,0,39727,0,0,32297
133484,0,0,-1,-1,-1,0,483,0,0,32298
133485,1,6,0,-1,-1,0,39728,0,0,32298
133486,0,0,-1,-1,-1,0,483,0,0,32299
133487,1,6,0,-1,-1,0,39729,0,0,32299
133488,0,0,-1,-1,-1,0,483,0,0,32300
133489,1,6,0,-1,-1,0,39730,0,0,32300
133490,0,0,-1,-1,-1,0,483,0,0,32381
133491,1,6,0,-1,-1,0,39895,0,0,32381
133492,0,0,0,-1,-1,0,55884,0,0,32465
133493,0,0,0,30000,-1,0,40328,0,0,32467
133494,0,0,-1,-1,-1,0,483,0,0,31402
133495,1,6,0,-1,-1,0,38504,0,0,31402
133496,0,0,3,1000,1000,0,38510,0,0,31403
133501,0,0,-1,-1,-1,0,483,0,0,31501
133502,1,6,0,-1,-1,0,33717,0,0,31501
133513,0,0,-1,0,60000,4,38929,0,0,31677
133514,0,0,0,45000,45000,0,38915,0,0,31678
133515,0,0,-1,0,3000,79,38954,0,0,31679
133516,0,0,-1,-1,-1,0,483,0,0,31680
133517,1,6,0,-1,-1,0,38960,0,0,31680
133518,0,0,-1,-1,-1,0,483,0,0,31681
133519,1,6,0,-1,-1,0,38962,0,0,31681
133522,1,1,0,-1,-1,0,28539,0,0,31961
133528,0,1,0,-1,-1,0,33066,0,0,32049
133535,1,1,0,-1,-1,0,28539,0,0,32134
133538,0,0,-1,-1,-1,0,483,0,0,32301
133539,1,6,0,-1,-1,0,39731,0,0,32301
133540,0,0,-1,-1,-1,0,483,0,0,32302
133541,1,6,0,-1,-1,0,39732,0,0,32302
133542,0,0,-1,-1,-1,0,483,0,0,32303
133543,1,6,0,-1,-1,0,39733,0,0,32303
133544,0,0,-1,-1,-1,0,483,0,0,32304
133545,1,6,0,-1,-1,0,39734,0,0,32304
133549,1,2,0,-1,-1,0,40393,0,0,32471
133553,3,0,0,3000,-1,0,12883,0,0,32472
133556,2,0,0,3000,-1,0,12883,0,0,32473
133557,0,0,-1,0,1000,11,40543,0,0,32563
133558,0,0,0,-1,-1,0,28226,0,0,32646
133569,0,0,0,-1,-1,0,45191,0,0,34533
133572,0,0,-1,0,60000,4,41617,0,0,32903
133573,0,0,-1,0,60000,4,41619,0,0,32904
133574,0,0,-1,0,60000,4,41620,0,0,32905
133575,0,0,12,5000,5000,0,41621,0,0,32907
133581,0,1,0,-1,-1,0,42370,0,0,33078
133582,0,0,0,1500,0,0,42365,0,0,33079
133583,0,0,-1,1000,-1,0,42383,0,0,33081
133584,0,0,-1,-1,-1,0,42390,0,0,33082
133585,0,0,-1,10000,-1,0,42391,0,0,33083
133586,0,0,0,-1,3000,330,42692,0,0,33189
133594,0,0,0,0,3000,330,42929,0,0,33302
133609,1,1,0,-1,-1,0,61249,0,0,33700
133614,0,5,0,-1,-1,0,44066,0,0,33797
133615,0,1,0,-1,-1,0,43534,0,0,33799
133616,1,1,0,-1,-1,0,43533,0,0,33799
133617,0,0,0,-1,-1,0,42924,0,0,33800
133627,0,0,-1,-1,3000,330,55884,0,0,33977
133628,0,0,-1,-1,-1,0,483,0,0,34109
133629,1,6,0,-1,-1,0,43308,0,0,34109
133630,0,0,-1,-1,-1,0,44383,0,0,34110
133631,0,0,-1,0,600000,1193,44389,0,0,34113
133632,0,0,-1,-1,-1,0,483,0,0,34114
133633,1,6,0,-1,-1,0,44391,0,0,34114
133634,0,0,-1,-1,3000,330,55884,0,0,34129
133635,0,0,-1,0,3000,79,44467,0,0,34130
133640,0,0,-1,-1,-1,0,44856,0,0,34248
133651,0,0,-1,0,60000,4,45051,0,0,34440
133653,0,0,-1,-1,-1,0,55884,0,0,34535
133654,0,0,-1,0,3000,79,45373,0,0,34537
133655,0,0,-5,1000,-1,0,45395,0,0,34538
133656,0,0,-5,1000,-1,0,45397,0,0,34539
133662,0,0,0,0,10000,1167,41291,0,0,32825
133663,0,0,-1,0,60000,4,41304,0,0,32909
133664,0,0,-1,0,60000,4,41306,0,0,32910
133665,0,0,-1,-1,-1,0,3366,0,0,32911
133666,0,0,0,-1,-1,0,41920,0,0,32912
133667,0,0,-1,0,1000,59,11009,0,0,32913
133671,0,1,0,-1,-1,0,14803,0,0,33000
133673,0,0,-1,-1,-1,0,42169,0,0,33001
133674,0,0,0,5000,-1,0,42411,0,0,33088
133675,0,0,-1,0,1000,11,0,0,0,33090
133676,0,0,0,10000,-1,0,42418,0,0,33091
133677,0,0,-1,0,60000,4,67486,0,0,33092
133678,0,0,-1,0,60000,4,67487,0,0,33093
133679,0,0,-1,-1,-1,0,483,0,0,33305
133680,1,6,0,-1,-1,0,42558,0,0,33305
133681,0,0,0,-1,-1,0,42924,0,0,33306
133682,0,0,-1,-1,-1,0,483,0,0,33307
133683,1,6,0,-1,-1,0,42974,0,0,33307
133700,0,1,0,-1,-1,0,32973,0,0,33707
133704,0,0,-1,-1,-1,0,483,0,0,33804
133705,1,6,0,-1,-1,0,43676,0,0,33804
133708,0,0,0,30000,-1,0,43873,0,0,33808
133714,0,0,0,3600000,1000,59,44540,0,0,34140
133715,0,0,0,-1,3000,330,44655,0,0,34150
133716,0,0,0,1000,-1,0,44171,0,0,34151
133717,0,0,0,1000,-1,0,44170,0,0,34152
133718,0,0,0,1000,-1,0,44168,0,0,34153
133719,0,0,0,1000,-1,0,44169,0,0,34154
133720,0,0,0,-1,-1,0,44817,0,0,34250
133721,0,0,0,-1,-1,0,44012,0,0,34251
133722,0,0,0,5000,-1,0,44752,0,0,34252
133723,0,0,0,1500,-1,0,44879,0,0,34253
133724,0,0,-1,-1,-1,24,44881,0,0,34255
133748,0,0,0,-1,-1,59,41921,0,0,32915
133749,0,0,0,-1,-1,0,41943,0,0,32917
133750,0,0,0,-1,-1,0,41944,0,0,32918
133751,0,0,0,-1,-1,0,41945,0,0,32919
133752,0,1,0,-1,-1,0,18061,0,0,33003
133753,1,0,0,120000,20000,1141,18061,0,0,33003
133754,0,0,-1,0,1000,11,64056,0,0,33004
133756,0,0,0,60000,-1,0,42425,0,0,33095
133757,0,0,-1,0,-1,0,42436,0,0,33096
133758,1,5,-1,-1,-1,0,42533,0,0,33096
133759,0,0,0,90000,-1,0,42452,0,0,33101
133762,0,0,-1,0,0,0,43005,0,0,33315
133778,0,1,0,-1,-1,0,32973,0,0,33712
133781,0,0,-1,-1,3000,330,55884,0,0,33809
133785,0,0,0,1000,-1,0,44173,0,0,34155
133786,0,1,0,-1,-1,0,44683,0,0,34158
133787,0,1,0,-1,-1,0,44684,0,0,34159
133788,0,0,0,5000,-1,0,44937,0,0,34257
133789,0,0,-1,1000,-1,0,45153,0,0,34258
133790,0,0,-1,-1,-1,0,483,0,0,34261
133791,1,6,0,-1,-1,0,44950,0,0,34261
133792,0,0,-1,-1,-1,0,483,0,0,34262
133793,1,6,0,-1,-1,0,44953,0,0,34262
133799,3,0,0,3000,-1,0,12883,0,0,34353
133802,2,0,0,3000,-1,0,12883,0,0,34354
133806,3,0,0,3000,-1,0,12883,0,0,34355
133810,3,0,0,3000,-1,0,12883,0,0,34356
133815,0,0,0,1500,-1,0,41423,0,0,32834
133816,0,0,0,-1,-1,0,41946,0,0,32920
133817,0,0,0,5000,-1,0,41921,0,0,32921
133818,0,0,-1,-1,-1,0,42222,0,0,33009
133819,0,0,-1,-1,-1,0,483,0,0,33205
133820,1,6,0,-1,-1,0,42731,0,0,33205
133824,0,0,-1,0,3000,79,42735,0,0,33208
133825,0,0,-1,-1,-1,0,483,0,0,33209
133826,1,6,0,-1,-1,0,42736,0,0,33209
133846,0,1,0,-1,-1,0,44297,0,0,33717
133849,0,0,-1,-1,-1,0,55884,0,0,33816
133850,0,0,-1,-1,-1,0,55884,0,0,33817
133851,0,0,-1,-1,-1,0,55884,0,0,33818
133852,0,1,0,0,0,0,7823,0,0,33820
133853,1,0,0,600000,-1,0,43699,0,0,33820
133859,0,0,-1,-1,-1,0,55884,0,0,33993
133863,0,0,0,-1,-1,0,44740,0,0,34161
133864,1,0,0,180000,180000,1190,44055,0,0,34162
133865,1,0,0,180000,180000,1190,44055,0,0,34163
133871,2,0,0,3000,-1,0,12883,0,0,34357
133885,0,0,-1,0,0,0,41443,0,0,32839
133886,0,0,-1,0,60000,4,28536,0,0,32840
133887,0,0,0,-1,-1,0,41920,0,0,33016
133888,0,0,0,-1,-1,0,41921,0,0,33017
133889,0,0,0,5000,-1,0,41943,0,0,33018
133890,0,0,0,6000,-1,0,42489,0,0,33108
133891,0,0,0,120000,-1,0,42521,0,0,33113
133898,0,5,-1,-1,-1,0,42775,0,0,33217
133899,1,0,0,-1,-1,0,42775,0,0,33217
133916,1,1,0,-1,-1,0,38522,0,0,33723
133918,0,0,-1,0,1000,11,1127,0,0,33822
133919,0,0,-1,0,1000,11,43706,0,0,33825
133927,0,0,-1,-1,3000,330,55884,0,0,33999
133949,0,0,-1,0,60000,4,28513,0,0,32844
133950,0,0,-1,0,60000,4,28537,0,0,32845
133951,0,0,-1,0,60000,4,28511,0,0,32846
133952,0,0,-1,0,60000,4,28512,0,0,32847
133953,0,0,0,5000,-1,0,41944,0,0,33019
133954,0,0,0,5000,-1,0,41945,0,0,33020
133955,0,0,0,5000,-1,0,41946,0,0,33021
133956,0,0,5,5000,-1,0,0,0,0,33022
133957,0,0,-1,0,1000,11,10256,0,0,33023
133958,0,0,-1,-1,-1,0,483,0,0,33124
133959,1,6,0,-1,-1,0,42546,0,0,33124
133960,0,0,-1,0,1000,11,42760,0,0,33218
133961,0,0,0,1800000,-1,0,42753,0,0,33219
133963,0,0,0,300000,-1,0,42766,0,0,33223
133964,0,0,-1,-1,3000,330,55884,0,0,33224
133965,0,0,-1,-1,3000,330,55884,0,0,33225
133981,0,1,0,-1,-1,0,22778,0,0,33729
133983,1,0,0,120000,20000,1141,43710,0,0,33828
133985,1,0,0,120000,20000,1141,43712,0,0,33829
133986,0,0,0,120000,-1,0,43713,0,0,33830
133988,1,0,0,120000,20000,1141,43716,0,0,33831
133992,0,0,-1,-1,-1,0,483,0,0,34172
133993,1,6,0,-1,-1,0,35544,0,0,34172
133994,0,0,-1,-1,-1,0,483,0,0,34173
133995,1,6,0,-1,-1,0,35544,0,0,34173
133996,0,0,-1,-1,-1,0,483,0,0,34174
133997,1,6,0,-1,-1,0,35539,0,0,34174
133998,0,0,-1,-1,-1,0,483,0,0,34175
133999,1,6,0,-1,-1,0,35539,0,0,34175
134001,0,0,0,2000,2000,0,44997,0,0,34368
134009,0,1,0,-1,-1,0,45054,0,0,34470
134011,0,1,0,-1,-1,0,45059,0,0,34471
134012,1,0,0,120000,-1,0,45064,0,0,34471
134014,0,1,0,-1,-1,0,45354,0,0,34472
134015,0,1,0,-1,-1,0,45057,0,0,34473
134016,0,0,0,1000,0,1170,45072,0,0,34475
134023,0,0,-1,0,0,0,41494,0,0,32849
134024,0,0,-1,0,0,0,41495,0,0,32850
134025,0,0,-1,0,0,0,41497,0,0,32851
134026,0,0,-1,0,0,0,41498,0,0,32852
134029,0,0,-1,0,1000,11,10257,0,0,33024
134030,0,0,-1,0,1000,11,33253,0,0,33025
134031,0,0,-1,0,1000,11,35271,0,0,33026
134032,0,7,0,-1,-1,0,42336,0,0,33027
134033,0,0,-1,0,1000,59,44109,0,0,33028
134034,0,0,-1,0,1000,59,44110,0,0,33029
134035,0,0,0,3600000,-1,0,0,0,0,33128
134036,0,0,-1,1500,-1,0,44436,0,0,33226
134037,0,0,0,1000,-1,0,43210,0,0,33442
134057,1,0,0,180000,180000,1190,44055,0,0,33832
134069,0,1,0,-1,-1,0,43944,0,0,34008
134085,0,0,-1,-1,-1,0,45137,0,0,34477
134086,0,0,-1,-1,-1,0,55884,0,0,34478
134087,0,0,0,180000,-1,0,45094,0,0,34480
134088,0,0,-1,-1,-1,0,483,0,0,34481
134089,1,6,0,-1,-1,0,45061,0,0,34481
134096,1,0,0,180000,180000,1190,44055,0,0,34576
134097,0,0,-1,-1,-1,0,39145,0,0,32855
134098,0,0,-1,-1,3000,330,55884,0,0,32857
134099,0,0,-1,-1,3000,330,55884,0,0,32858
134100,0,0,-1,-1,3000,330,55884,0,0,32859
134105,0,0,-1,0,1000,59,44107,0,0,33030
134106,0,0,-1,0,1000,59,44111,0,0,33031
134107,0,0,-1,0,1000,59,44112,0,0,33032
134108,0,0,-1,0,1000,59,44113,0,0,33033
134109,0,0,-1,0,1000,59,44114,0,0,33034
134110,0,0,-1,0,1000,59,43154,0,0,33234
134111,0,0,-1,0,1000,59,34291,0,0,33236
134125,0,1,0,-1,-1,0,32973,0,0,33739
134130,0,0,-1,-1,-1,0,43718,0,0,33837
134135,0,0,-1,-1,-1,11,43777,0,0,33924
134136,0,0,-1,-1,-1,0,483,0,0,33925
134137,1,6,0,-1,-1,0,43779,0,0,33925
134142,0,0,-1,0,1000,59,44107,0,0,34017
134143,0,0,-1,0,1000,59,44109,0,0,34018
134144,0,0,-1,0,1000,59,44110,0,0,34019
134162,0,0,-1,-1,-1,0,45109,0,0,34483
134163,1,0,0,180000,180000,1190,44055,0,0,34577
134165,1,0,0,180000,180000,1190,44055,0,0,34578
134167,1,0,0,180000,180000,1190,44055,0,0,34579
134169,1,0,0,180000,180000,1190,44055,0,0,34580
134170,0,0,-1,-1,3000,330,55884,0,0,32860
134171,0,0,-1,-1,3000,330,55884,0,0,32861
134172,0,0,-1,-1,3000,330,55884,0,0,32862
134173,0,1,0,0,0,0,48776,0,0,32863
134174,0,0,0,600000,600000,1183,40815,0,0,32864
134177,0,0,-1,0,60000,4,28495,0,0,32947
134178,0,0,-1,0,60000,4,28499,0,0,32948
134179,0,0,-1,0,1000,59,44115,0,0,33035
134180,0,0,-1,0,1000,59,44116,0,0,33036
134181,0,0,-1,0,1000,11,27094,0,0,33246
134188,0,0,-1,-1,-1,0,483,0,0,33622
134189,1,6,0,-1,-1,0,39961,0,0,33622
134193,0,1,0,-1,-1,0,44297,0,0,33744
134197,0,1,0,-1,-1,0,43725,0,0,33841
134198,0,1,0,-1,-1,0,43726,0,0,33842
134199,0,1,0,-1,-1,0,43728,0,0,33843
134200,0,0,0,1800000,-1,0,43808,0,0,33927
134201,0,0,-1,0,1000,59,11009,0,0,33929
134202,0,0,-1,0,0,0,43816,0,0,33930
134203,0,0,-1,0,0,0,43818,0,0,33931
134204,0,0,-1,0,1000,59,44111,0,0,34020
134205,0,0,-1,0,1000,59,44112,0,0,34021
134206,0,0,-1,0,1000,59,44113,0,0,34022
134207,0,0,0,180000,30000,94,43995,0,0,34029
134209,1,1,0,-1,-1,0,44001,0,0,34033
134210,0,0,-1,30000,-1,0,44755,0,0,34191
134224,0,0,0,1000,0,1170,45115,0,0,34489
134225,0,0,-1,-1,-1,0,483,0,0,34491
134226,1,6,0,-1,-1,0,45117,0,0,34491
134227,0,0,-1,-1,-1,0,55884,0,0,34492
134234,0,0,-1,0,0,0,42012,0,0,32952
134235,0,1,0,-1,-1,0,42275,0,0,33040
134236,0,0,-1,0,1000,59,27089,0,0,33042
134237,0,0,-1,0,1000,11,5004,0,0,33043
134238,0,0,0,10000,-1,0,42287,0,0,33044
134239,0,0,-1,-1,-1,0,483,0,0,33145
134240,1,6,0,-1,-1,0,42558,0,0,33145
134241,0,0,0,0,3000,330,0,0,0,33146
134242,0,0,0,0,3000,330,0,0,0,33147
134258,1,1,0,-1,-1,0,44300,0,0,33750
134259,0,0,-1,-1,-1,0,43724,0,0,33851
134260,0,0,-1,0,0,0,43820,0,0,33932
134261,0,0,-1,0,0,0,43822,0,0,33933
134262,0,0,-1,0,60000,4,28495,0,0,33934
134263,0,0,-1,0,60000,4,28499,0,0,33935
134264,0,1,0,-1,-1,0,43850,0,0,33936
134265,0,1,0,-1,-1,0,43851,0,0,33937
134266,0,1,0,-1,-1,0,43852,0,0,33938
134267,0,5,0,-1,-1,0,44021,0,0,34044
134277,0,0,-1,-1,-1,0,483,0,0,34200
134278,1,6,0,-1,-1,0,44359,0,0,34200
134285,0,0,-1,-1,-1,0,55884,0,0,34493
134286,0,0,-1,1000,-1,0,45129,0,0,34494
134287,0,0,-1,-1,-1,0,55884,0,0,34495
134288,0,0,0,30000,-1,0,45136,0,0,34496
134289,0,0,-1,-1,-1,0,45133,0,0,34497
134290,0,0,-5,5000,-1,0,45131,0,0,34498
134292,0,0,0,1800000,0,0,41301,0,0,32782
134293,0,0,-1,0,60000,4,41304,0,0,32783
134294,0,0,-1,0,60000,4,41306,0,0,32784
134299,0,0,15,5000,5000,0,41985,0,0,32960
134303,0,0,0,120000,120000,1182,42292,0,0,33046
134304,0,1,0,-1,-1,0,42156,0,0,33047
134305,0,0,-1,0,1000,11,35270,0,0,33048
134306,0,0,-1,-1,-1,0,483,0,0,33148
134307,1,6,0,-1,-1,0,25086,0,0,33148
134308,0,0,-1,-1,-1,0,483,0,0,33149
134309,1,6,0,-1,-1,0,25083,0,0,33149
134310,0,0,-1,-1,-1,0,483,0,0,33150
134311,1,6,0,-1,-1,0,25084,0,0,33150
134312,0,0,-1,0,1000,11,35270,0,0,33254
134325,1,1,0,-1,-1,0,28539,0,0,33665
134339,0,0,0,-1,-1,0,43723,0,0,33852
134341,1,1,0,-1,-1,0,43782,0,0,33853
134342,0,1,0,-1,-1,0,43857,0,0,33939
134343,0,1,0,-1,-1,0,43858,0,0,33940
134344,0,1,0,-1,-1,0,43859,0,0,33941
134345,0,1,0,-1,-1,0,43841,0,0,33942
134346,0,1,0,-1,-1,0,43844,0,0,33943
134347,0,1,0,-1,-1,0,43845,0,0,33944
134348,0,0,0,5000,-1,0,44010,0,0,34046
134349,0,0,0,12000,-1,0,44029,0,0,34047
134350,0,0,0,-1,-1,0,44083,0,0,34048
134352,1,0,0,180000,180000,1190,44055,0,0,34049
134354,1,0,0,180000,180000,1190,44055,0,0,34050
134356,0,0,-1,-1,-1,0,483,0,0,34201
134357,1,6,0,-1,-1,0,44768,0,0,34201
134369,0,0,0,30000,-1,0,45135,0,0,34499
134370,0,0,-1,-1,-1,0,45149,0,0,34500
134371,0,0,-5,1500,-1,0,45171,0,0,34504
134379,0,0,0,500,-1,0,42118,0,0,32965
134380,0,0,0,500,-1,0,42132,0,0,32966
134381,0,0,0,500,-1,0,42114,0,0,32967
134382,0,0,-1,-1,-1,0,42301,0,0,33050
134383,0,0,-1,0,1000,11,33258,0,0,33052
134384,0,0,-1,0,1000,11,42309,0,0,33053
134387,0,0,-1,-1,-1,0,483,0,0,33151
134388,1,6,0,-1,-1,0,25084,0,0,33151
134389,0,0,-1,-1,-1,0,483,0,0,33152
134390,1,6,0,-1,-1,0,25080,0,0,33152
134391,0,0,-1,-1,-1,0,483,0,0,33153
134392,1,6,0,-1,-1,0,25072,0,0,33153
134393,0,0,-1,-1,-1,0,55884,0,0,33154
134402,1,1,0,-1,-1,0,61252,0,0,33671
134405,0,1,0,-1,-1,0,44301,0,0,33759
134413,0,1,0,-1,-1,0,43840,0,0,33945
134414,0,1,0,-1,-1,0,43842,0,0,33946
134415,0,1,0,-1,-1,0,43843,0,0,33947
134416,0,1,0,-1,-1,0,43854,0,0,33948
134417,0,1,0,-1,-1,0,43855,0,0,33949
134418,0,1,0,-1,-1,0,43856,0,0,33950
134419,0,0,-1,-1,3000,330,55884,0,0,34060
134420,0,0,-1,-1,3000,330,55884,0,0,34061
134421,0,0,-1,0,1000,11,44166,0,0,34062
134422,0,0,-1,0,1000,11,5006,0,0,34063
134423,0,0,-1,0,1000,11,5007,0,0,34064
134424,0,0,-1,0,1000,11,5005,0,0,34065
134427,0,0,-1,1000,-1,0,44769,0,0,34207
134443,0,0,-1,-1,-1,0,42340,0,0,32971
134444,1,5,-1,-1,-1,0,42336,0,0,32971
134445,0,1,0,-1,-1,0,42156,0,0,32972
134450,1,1,0,-1,-1,0,25975,0,0,33056
134454,0,0,-1,-1,-1,0,42323,0,0,33061
134455,0,0,-1,-1,-1,0,483,0,0,33155
134456,1,6,0,-1,-1,0,42588,0,0,33155
134457,0,0,-1,-1,-1,0,483,0,0,33156
134458,1,6,0,-1,-1,0,42589,0,0,33156
134459,0,0,-1,-1,-1,0,483,0,0,33157
134460,1,6,0,-1,-1,0,42590,0,0,33157
134461,0,0,-1,-1,-1,0,483,0,0,33158
134462,1,6,0,-1,-1,0,42591,0,0,33158
134463,0,0,-1,-1,-1,0,483,0,0,33159
134464,1,6,0,-1,-1,0,42592,0,0,33159
134467,0,1,0,-1,-1,0,43741,0,0,33502
134468,0,1,0,-1,-1,0,1286353,0,0,33503
134469,0,1,0,-1,-1,0,1286350,0,0,33504
134471,0,1,0,-1,-1,0,33063,0,0,33676
134479,1,1,0,-1,-1,0,44001,0,0,33766
134481,1,1,0,-1,-1,0,33830,0,0,33767
134487,0,0,-1,0,0,150,43732,0,0,33865
134488,0,1,0,-1,-1,0,43860,0,0,33951
134489,0,1,0,-1,-1,0,43861,0,0,33952
134490,0,1,0,-1,-1,0,43862,0,0,33953
134491,0,0,-1,-1,-1,0,483,0,0,33954
134492,1,6,0,-1,-1,0,43846,0,0,33954
134494,1,1,0,-1,-1,0,26283,0,0,34066
134495,0,0,-1,1500,-1,0,44212,0,0,34068
134504,0,0,-1,-1,-1,0,483,0,0,34319
134505,1,6,0,-1,-1,0,44958,0,0,34319
134510,0,0,-1,0,1000,11,35271,0,0,34410
134511,0,0,-1,0,1000,59,45020,0,0,34411
134512,0,0,-1,0,1000,59,45019,0,0,34412
134525,0,0,-1,1000,-1,0,42436,0,0,33062
134526,0,0,0,1000,-1,0,42313,0,0,33063
134532,0,0,-1,-1,-1,0,483,0,0,33160
134533,1,6,0,-1,-1,0,42593,0,0,33160
134534,0,0,-1,-1,-1,0,483,0,0,33165
134535,1,6,0,-1,-1,0,1289304,0,0,33165
134538,0,1,0,-1,-1,0,43752,0,0,33505
134539,0,1,0,-1,-1,0,43750,0,0,33506
134540,0,1,0,-1,-1,0,43748,0,0,33507
134541,0,1,0,-1,-1,0,43736,0,0,33508
134542,0,1,0,-1,-1,0,43737,0,0,33509
134543,0,1,0,-1,-1,0,43739,0,0,33510
134547,0,1,0,-1,-1,0,33063,0,0,33684
134555,0,0,-1,0,1000,11,43730,0,0,33866
134556,0,0,-1,0,1000,11,45618,0,0,33867
134557,0,0,-1,-1,-1,0,483,0,0,33869
134558,1,6,0,-1,-1,0,43761,0,0,33869
134559,0,0,-1,-1,-1,0,483,0,0,33870
134560,1,6,0,-1,-1,0,43707,0,0,33870
134561,0,0,-1,0,1000,59,43864,0,0,33956
134568,0,5,0,-1,-1,0,44245,0,0,34077
134569,0,0,-1,-1,-1,0,483,0,0,34218
134570,1,6,0,-1,-1,0,44768,0,0,34218
134571,0,0,-1,-1,-1,0,483,0,0,34221
134572,1,6,0,-1,-1,0,44794,0,0,34221
134573,0,1,0,0,0,0,27867,0,0,34227
134576,0,0,-1,-1,-1,0,483,0,0,34413
134577,1,6,0,-1,-1,0,45022,0,0,34413
134578,0,0,0,60000,60000,1139,45030,0,0,34414
134582,0,0,-1,-1,-1,0,55884,0,0,34518
134583,0,0,-1,-1,-1,0,55884,0,0,34519
134588,0,0,-1,-1,-1,0,42801,0,0,32895
134589,0,0,-1,-1,-1,0,42801,0,0,32896
134597,0,0,0,10000,-1,0,42325,0,0,33069
134598,0,0,-1,-1,-1,0,42338,0,0,33070
134599,0,0,0,10000,-1,0,42356,0,0,33072
134600,0,0,0,300000,-1,0,42644,0,0,33166
134601,0,0,0,61000,-1,0,0,0,0,33167
134602,0,0,-1,-1,-1,0,483,0,0,33174
134603,1,6,0,-1,-1,0,42662,0,0,33174
134619,1,1,0,-1,-1,0,33830,0,0,33690
134623,0,0,-1,-1,-1,0,483,0,0,33783
134624,1,6,0,-1,-1,0,43493,0,0,33783
134625,0,0,-1,-1,-1,0,43521,0,0,33784
134626,0,0,-1,-1,-1,0,483,0,0,33871
134627,1,6,0,-1,-1,0,43758,0,0,33871
134628,0,0,-1,0,1000,11,43763,0,0,33872
134629,0,0,-1,-1,-1,0,483,0,0,33873
134630,1,6,0,-1,-1,0,43765,0,0,33873
134631,0,0,-1,0,1000,11,65247,0,0,33874
134632,0,0,-1,-1,-1,0,483,0,0,33875
134633,1,6,0,-1,-1,0,43772,0,0,33875
134637,0,0,-1,-1,3000,330,55884,0,0,34092
134648,0,0,-1,1000,-1,0,44968,0,0,34330
134655,0,0,0,20000,20000,1140,45038,0,0,34420
134659,0,0,-1,-1,-1,0,55884,0,0,34425
134670,0,0,-1,0,3000,79,41609,0,0,32898
134671,0,0,-1,0,3000,79,41610,0,0,32899
134672,0,0,-1,0,3000,79,41611,0,0,32900
134673,0,0,-1,0,3000,79,41608,0,0,32901
134674,0,0,-1,0,60000,4,41618,0,0,32902
134680,0,1,0,-1,-1,0,34128,0,0,33076
134681,0,1,0,-1,-1,0,42368,0,0,33077
134682,0,0,0,-1,3000,330,42667,0,0,33176
134683,0,0,-1,-1,3000,330,55884,0,0,33179
134684,0,0,0,-1,3000,330,42668,0,0,33182
134685,0,0,0,-1,3000,330,42680,0,0,33183
134686,0,0,0,-1,3000,330,42668,0,0,33184
134687,0,0,-1,-1,-1,0,42687,0,0,33185
134688,0,0,-1,-1,-1,0,483,0,0,33186
134689,1,6,0,-1,-1,0,42688,0,0,33186
134690,0,0,0,0,-1,0,42436,0,0,33288
134691,1,5,0,-1,-1,0,42533,0,0,33288
134710,1,1,0,-1,-1,0,38522,0,0,33696
134712,0,0,-1,-1,-1,0,483,0,0,33792
134713,1,6,0,-1,-1,0,43549,0,0,33792
134720,0,0,-1,-1,3000,330,55884,0,0,33976
134722,0,0,-1,-1,-1,0,483,0,0,34103
134723,1,6,0,-1,-1,0,44343,0,0,34103
134724,0,0,-1,-1,-1,0,483,0,0,34104
134725,1,6,0,-1,-1,0,44344,0,0,34104
134739,0,1,0,-1,-1,0,46699,0,0,34334
134744,0,0,-1,-1,-1,0,44969,0,0,34338
134746,0,1,0,-1,-1,0,45355,0,0,34427
134747,0,0,0,180000,180000,1190,45049,0,0,34428
134748,0,0,0,90000,15000,1141,45042,0,0,34429
134751,0,0,-1,0,3000,79,40572,0,0,34641
134752,0,0,-1,-1,-1,0,45385,0,0,34646
134753,0,0,-1,-1,-1,0,45731,0,0,34861
134754,0,0,0,1000,-1,0,45732,0,0,34862
134759,1,1,0,-1,-1,0,61252,0,0,34998
134762,1,1,0,-1,-1,0,44300,0,0,35089
134765,0,0,-1,-1,-1,0,483,0,0,35190
134766,1,6,0,-1,-1,0,46109,0,0,35190
134767,0,0,-1,-1,-1,0,483,0,0,35191
134768,1,6,0,-1,-1,0,46106,0,0,35191
134769,0,0,-1,-1,-1,0,483,0,0,35192
134770,1,6,0,-1,-1,0,46110,0,0,35192
134771,0,0,-1,-1,-1,0,483,0,0,35193
134772,1,6,0,-1,-1,0,46112,0,0,35193
134773,0,0,-1,-1,-1,0,483,0,0,35267
134774,1,6,0,-1,-1,0,39733,0,0,35267
134775,0,0,-1,-1,-1,0,483,0,0,35268
134776,1,6,0,-1,-1,0,39735,0,0,35268
134777,0,0,-1,-1,-1,0,483,0,0,35269
134778,1,6,0,-1,-1,0,39734,0,0,35269
134779,0,0,-1,-1,-1,0,483,0,0,35270
134780,1,6,0,-1,-1,0,39737,0,0,35270
134781,0,0,-1,-1,-1,0,483,0,0,35271
134782,1,6,0,-1,-1,0,39738,0,0,35271
134786,1,1,0,-1,-1,0,61249,0,0,35366
134790,0,0,-1,1000,-1,0,27984,0,0,35458
134791,0,0,-1,1000,-1,0,27972,0,0,35459
134792,0,0,-1,1000,-1,0,27982,0,0,35460
134793,0,0,-1,1000,-1,0,28003,0,0,35461
134794,0,0,-1,1000,-1,0,27981,0,0,35462
134795,0,0,-1,-1,-1,0,483,0,0,35551
134796,1,6,0,-1,-1,0,46128,0,0,35551
134797,0,0,-1,-1,-1,0,483,0,0,35552
134798,1,6,0,-1,-1,0,46130,0,0,35552
134799,0,0,-1,-1,-1,0,483,0,0,35553
134800,1,6,0,-1,-1,0,46141,0,0,35553
134801,0,0,-1,-1,-1,0,483,0,0,35554
134802,1,6,0,-1,-1,0,46144,0,0,35554
134803,0,0,0,-1,3000,330,47977,0,0,37011
134804,0,0,-1,-1,3000,330,483,0,0,37012
134805,0,0,0,600000,60000,94,48041,0,0,37127
134806,0,0,0,600000,60000,94,48042,0,0,37128
134807,0,0,0,-1,-1,0,50049,0,0,38165
134809,1,0,0,600000,60000,94,50070,0,0,38175
134816,0,0,-1,-1,-1,0,483,0,0,34872
134817,1,6,0,-1,-1,0,45765,0,0,34872
134819,0,1,0,-1,-1,0,33063,0,0,35003
134828,0,1,0,-1,-1,0,44301,0,0,35098
134832,0,0,-1,-1,-1,0,483,0,0,35194
134833,1,6,0,-1,-1,0,46113,0,0,35194
134834,0,0,-1,-1,-1,0,483,0,0,35195
134835,1,6,0,-1,-1,0,46114,0,0,35195
134836,0,0,-1,-1,-1,0,483,0,0,35196
134837,1,6,0,-1,-1,0,46115,0,0,35196
134838,0,0,-1,-1,-1,0,483,0,0,35197
134839,1,6,0,-1,-1,0,46116,0,0,35197
134840,0,0,-1,-1,-1,0,483,0,0,35273
134841,1,6,0,-1,-1,0,46353,0,0,35273
134842,0,0,0,1800000,0,0,46354,0,0,35274
134843,0,0,0,1800000,0,0,46354,0,0,35275
134846,1,1,0,-1,-1,0,33830,0,0,35371
134861,1,1,0,-1,-1,0,61249,0,0,35468
134863,0,0,-1,-1,-1,0,483,0,0,35555
134864,1,6,0,-1,-1,0,46142,0,0,35555
134865,0,0,-1,-1,-1,0,483,0,0,35556
134866,1,6,0,-1,-1,0,46140,0,0,35556
134867,0,0,-1,1000,1000,1197,46661,0,0,35557
134868,0,0,-1,0,1000,11,46898,0,0,35563
134869,0,0,-1,-1,-1,0,55884,0,0,37297
134870,0,0,-1,-1,-1,0,55884,0,0,37298
134871,0,0,-1,0,0,0,47103,0,0,37311
134872,0,0,-1,0,0,0,48401,0,0,37312
134873,0,0,-1,0,0,0,47103,0,0,37313
134874,0,0,-1,-1,-1,0,483,0,0,38229
134875,1,6,0,-1,-1,0,50194,0,0,38229
134876,0,0,0,900000,-1,0,50247,0,0,38233
134877,0,0,0,900000,-1,0,50317,0,0,38234
134885,0,1,0,-1,-1,0,33063,0,0,35011
134892,0,1,0,-1,-1,0,46096,0,0,35104
134893,0,1,0,-1,-1,0,46097,0,0,35105
134894,0,1,0,-1,-1,0,46098,0,0,35106
134895,0,0,-1,-1,-1,0,483,0,0,35198
134896,1,6,0,-1,-1,0,46122,0,0,35198
134897,0,0,-1,-1,-1,0,483,0,0,35199
134898,1,6,0,-1,-1,0,46123,0,0,35199
134899,0,0,-1,-1,-1,0,483,0,0,35200
134900,1,6,0,-1,-1,0,46124,0,0,35200
134901,0,0,-1,-1,-1,0,483,0,0,35201
134902,1,6,0,-1,-1,0,46125,0,0,35201
134907,0,0,-1,0,1000,11,35270,0,0,35285
134908,0,0,-1,0,120000,1153,2023,0,0,35287
134911,1,1,0,-1,-1,0,28539,0,0,35377
134918,1,1,0,-1,-1,0,33830,0,0,35471
134922,0,1,0,-1,-1,0,32973,0,0,35473
134924,0,0,-1,-1,-1,0,483,0,0,35564
134925,1,6,0,-1,-1,0,46684,0,0,35564
134926,0,0,-1,0,1000,11,46683,0,0,35565
134927,0,0,-1,-1,-1,0,483,0,0,35566
134928,1,6,0,-1,-1,0,46688,0,0,35566
134930,2,0,0,300000,300000,1203,51582,0,0,35581
134931,0,0,0,1500,-1,0,48722,0,0,37460
134932,0,0,-1,0,1000,59,42256,0,0,37488
134933,0,0,-1,0,1000,59,42255,0,0,37489
134934,0,0,-1,0,1000,59,42254,0,0,37490
134935,0,0,-1,0,1000,59,43961,0,0,37491
134937,1,0,0,120000,20000,1141,51955,0,0,38287
134940,2,1,0,-1,-1,0,45484,0,0,34677
134942,1,1,0,-1,-1,0,45481,0,0,34678
134944,1,1,0,-1,-1,0,45482,0,0,34679
134945,0,1,0,0,-1,0,45483,0,0,34680
134946,0,0,0,1000,-1,0,45416,0,0,34683
134947,0,0,-1,30000,-1,0,45417,0,0,34684
134952,1,1,0,-1,-1,0,46060,0,0,35016
134956,0,1,0,-1,-1,0,46088,0,0,35019
134960,1,1,0,-1,-1,0,46060,0,0,35109
134964,1,1,0,-1,-1,0,33830,0,0,35111
134968,0,0,-1,-1,-1,0,483,0,0,35202
134969,1,6,0,-1,-1,0,46126,0,0,35202
134970,0,0,-1,-1,-1,0,483,0,0,35203
134971,1,6,0,-1,-1,0,46127,0,0,35203
134972,0,0,-1,-1,-1,0,483,0,0,35204
134973,1,6,0,-1,-1,0,46128,0,0,35204
134974,0,0,-1,-1,-1,0,483,0,0,35205
134975,1,6,0,-1,-1,0,46129,0,0,35205
134976,0,0,-1,-1,-1,0,483,0,0,35206
134977,1,6,0,-1,-1,0,46130,0,0,35206
134982,0,0,-1,-1,-1,0,483,0,0,35294
134983,1,6,0,-1,-1,0,28578,0,0,35294
134984,0,0,-1,-1,-1,0,483,0,0,35295
134985,1,6,0,-1,-1,0,28564,0,0,35295
134986,0,1,0,-1,-1,0,32973,0,0,35382
134990,1,1,0,-1,-1,0,28539,0,0,35475
134992,1,1,0,-1,-1,0,23300,0,0,35477
134993,0,0,0,120000,0,0,46567,0,0,35485
134994,0,0,-1,-1,-1,0,483,0,0,35582
134995,1,6,0,-1,-1,0,46697,0,0,35582
134996,0,1,0,-1,-1,0,46756,0,0,35674
134998,0,0,0,120000,0,0,46780,0,0,35693
135000,1,0,0,300000,0,0,46782,0,0,35694
135001,0,0,-1,0,1000,59,42263,0,0,37492
135002,0,0,-1,0,1000,59,42257,0,0,37493
135003,0,0,-1,0,1000,59,43959,0,0,37494
135004,0,0,-1,0,1000,59,42264,0,0,37495
135005,0,0,-1,0,1000,59,42259,0,0,37496
135007,1,0,0,120000,20000,1141,51954,0,0,38288
135009,2,0,0,120000,20000,1141,51952,0,0,38289
135011,1,0,0,120000,20000,1141,51953,0,0,38290
135012,0,0,-1,1000,-1,0,52009,0,0,38291
135013,0,0,-1,0,1000,59,50369,0,0,38294
135014,0,0,0,900000,-1,0,0,0,0,38299
135015,0,0,0,1000,-1,0,45418,0,0,34685
135016,0,0,0,180000,-1,0,45426,0,0,34686
135017,0,0,-1,-1,-1,0,483,0,0,34689
135018,1,6,0,-1,-1,0,44794,0,0,34689
135030,0,1,0,-1,-1,0,46090,0,0,35020
135031,0,1,0,-1,-1,0,46100,0,0,35021
135033,1,1,0,-1,-1,0,33830,0,0,35022
135046,1,1,0,-1,-1,0,43782,0,0,35129
135047,0,0,-1,-1,-1,0,483,0,0,35207
135048,1,6,0,-1,-1,0,46131,0,0,35207
135049,0,0,-1,-1,-1,0,483,0,0,35208
135050,1,6,0,-1,-1,0,46140,0,0,35208
135051,0,0,-1,-1,-1,0,483,0,0,35209
135052,1,6,0,-1,-1,0,46141,0,0,35209
135053,0,0,-1,-1,-1,0,483,0,0,35210
135054,1,6,0,-1,-1,0,46142,0,0,35210
135055,0,0,-1,-1,-1,0,483,0,0,35296
135056,1,6,0,-1,-1,0,42688,0,0,35296
135057,0,0,-1,-1,-1,0,483,0,0,35297
135058,1,6,0,-1,-1,0,34008,0,0,35297
135059,0,0,-1,-1,-1,0,483,0,0,35298
135060,1,6,0,-1,-1,0,27948,0,0,35298
135061,0,1,0,-1,-1,0,32973,0,0,35387
135074,0,0,-1,-1,-1,0,483,0,0,35695
135075,1,6,0,-1,-1,0,46775,0,0,35695
135076,0,0,-1,-1,-1,0,483,0,0,35696
135077,1,6,0,-1,-1,0,46776,0,0,35696
135078,0,0,-1,-1,-1,0,483,0,0,35697
135079,1,6,0,-1,-1,0,46777,0,0,35697
135080,0,0,-1,-1,-1,0,483,0,0,35698
135081,1,6,0,-1,-1,0,46778,0,0,35698
135082,0,0,-1,0,1000,59,42260,0,0,37497
135083,0,0,-1,0,1000,59,42258,0,0,37498
135084,0,0,-1,0,1000,59,42261,0,0,37499
135085,0,0,-1,-1,-1,0,483,0,0,37504
135086,1,6,0,-1,-1,0,48789,0,0,37504
135087,0,0,-1,1000,-1,0,50425,0,0,38300
135088,0,0,0,300000,-1,0,50317,0,0,38301
135089,0,0,-1,1000,-1,0,50477,0,0,38308
135109,1,1,0,-1,-1,0,38522,0,0,35028
135121,0,0,-1,-1,-1,0,483,0,0,35211
135122,1,6,0,-1,-1,0,46144,0,0,35211
135123,0,0,-1,-1,-1,0,483,0,0,35212
135124,1,6,0,-1,-1,0,46132,0,0,35212
135125,0,0,-1,-1,-1,0,483,0,0,35213
135126,1,6,0,-1,-1,0,46133,0,0,35213
135127,0,0,-1,-1,-1,0,483,0,0,35214
135128,1,6,0,-1,-1,0,46134,0,0,35214
135129,0,0,-1,-1,-1,0,483,0,0,35299
135130,1,6,0,-1,-1,0,34007,0,0,35299
135131,0,0,-1,-1,-1,0,483,0,0,35300
135132,1,6,0,-1,-1,0,35568,0,0,35300
135133,0,0,-1,-1,-1,0,483,0,0,35301
135134,1,6,0,-1,-1,0,35573,0,0,35301
135135,0,0,-1,-1,-1,0,483,0,0,35302
135136,1,6,0,-1,-1,0,35559,0,0,35302
135137,0,0,-1,-1,-1,0,483,0,0,35303
135138,1,6,0,-1,-1,0,35562,0,0,35303
135139,0,1,0,-1,-1,0,32973,0,0,35392
135146,0,0,-1,1000,-1,0,27977,0,0,35396
135147,0,0,-1,1000,-1,0,27971,0,0,35397
135148,0,0,-1,-1,-1,0,483,0,0,35498
135149,1,6,0,-1,-1,0,46578,0,0,35498
135150,0,0,-1,0,60000,24,46590,0,0,35499
135151,0,0,-1,-1,-1,0,483,0,0,35500
135152,1,6,0,-1,-1,0,46594,0,0,35500
135153,0,0,-1,-1,-1,0,483,0,0,35699
135154,1,6,0,-1,-1,0,46779,0,0,35699
135155,0,0,0,120000,20000,1141,46783,0,0,35700
135158,2,0,0,90000,15000,1141,46784,0,0,35702
135160,1,0,0,180000,0,0,46785,0,0,35703
135161,0,0,-1,0,0,0,48807,0,0,37567
135162,0,0,-1,1500,-1,0,48889,0,0,37582
135163,0,0,-1,1500,-1,0,48890,0,0,37583
135164,0,0,-1,1500,-1,0,48891,0,0,37584
135165,0,0,-1,0,1000,59,51010,0,0,38320
135166,0,0,-1,-1,-1,0,483,0,0,38327
135167,1,6,0,-1,-1,0,50644,0,0,38327
135174,0,1,0,0,0,0,45591,0,0,34776
135182,1,1,0,-1,-1,0,61249,0,0,35032
135195,0,0,-1,-1,-1,0,483,0,0,35215
135196,1,6,0,-1,-1,0,46135,0,0,35215
135197,0,0,-1,-1,-1,0,483,0,0,35216
135198,1,6,0,-1,-1,0,46136,0,0,35216
135199,0,0,-1,-1,-1,0,483,0,0,35217
135200,1,6,0,-1,-1,0,46137,0,0,35217
135201,0,0,-1,-1,-1,0,483,0,0,35218
135202,1,6,0,-1,-1,0,46138,0,0,35218
135203,0,0,-1,-1,-1,0,483,0,0,35304
135204,1,6,0,-1,-1,0,31092,0,0,35304
135205,0,0,-1,-1,-1,0,483,0,0,35305
135206,1,6,0,-1,-1,0,31088,0,0,35305
135207,0,0,-1,-1,-1,0,483,0,0,35306
135208,1,6,0,-1,-1,0,31089,0,0,35306
135209,0,0,-1,-1,-1,0,483,0,0,35307
135210,1,6,0,-1,-1,0,31098,0,0,35307
135211,0,0,-1,1000,-1,0,34008,0,0,35398
135212,0,0,-1,1000,-1,0,34007,0,0,35399
135213,0,0,-1,1000,-1,0,27951,0,0,35400
135216,1,1,0,-1,-1,0,23300,0,0,35403
135217,0,0,-1,-1,-1,0,483,0,0,35502
135218,1,6,0,-1,-1,0,46597,0,0,35502
135219,0,0,-1,-1,-1,0,55884,0,0,35504
135220,0,0,-1,-1,-1,0,483,0,0,35505
135221,1,6,0,-1,-1,0,46601,0,0,35505
135223,0,0,-1,-1,-1,0,483,0,0,35708
135224,1,6,0,-1,-1,0,46803,0,0,35708
135225,0,0,-1,0,1000,11,46812,0,0,35710
135226,0,0,-1,0,0,0,43699,0,0,35713
135227,0,0,-1,0,3000,79,46837,0,0,35716
135228,0,0,-1,1500,-1,0,48892,0,0,37585
135229,0,2,0,-1,-1,0,48956,0,0,37596
135231,0,0,-1,-1,3000,330,55884,0,0,37598
135232,0,0,-1,-1,-1,0,483,0,0,38328
135233,1,6,0,-1,-1,0,50647,0,0,38328
135234,0,0,-1,0,1000,11,27094,0,0,38427
135235,0,0,-1,0,1000,11,35270,0,0,38428
135236,0,0,-1,0,1000,59,1137,0,0,38429
135237,0,0,-1,0,1000,59,34291,0,0,38430
135238,0,0,-1,0,1000,11,44166,0,0,34780
135249,0,1,0,-1,-1,0,46091,0,0,35039
135250,0,1,0,-1,-1,0,46092,0,0,35040
135251,0,1,0,-1,-1,0,46095,0,0,35041
135258,0,0,-1,-1,-1,0,483,0,0,35219
135259,1,6,0,-1,-1,0,46139,0,0,35219
135260,0,0,-1,1000,-1,0,46168,0,0,35223
135261,0,0,-1,-1,3000,330,55884,0,0,35225
135262,0,0,-1,-1,-1,0,483,0,0,35308
135263,1,6,0,-1,-1,0,31434,0,0,35308
135264,0,0,-1,-1,-1,0,483,0,0,35309
135265,1,6,0,-1,-1,0,31442,0,0,35309
135266,0,0,-1,-1,-1,0,483,0,0,35310
135267,1,6,0,-1,-1,0,30551,0,0,35310
135268,0,0,-1,-1,-1,0,483,0,0,35311
135269,1,6,0,-1,-1,0,30552,0,0,35311
135273,0,1,0,-1,-1,0,22778,0,0,35408
135277,0,0,-1,-1,3000,330,55884,0,0,35513
135278,0,0,-1,0,3000,79,46839,0,0,35717
135279,0,0,-1,-1,-1,0,46927,0,0,35720
135280,0,0,0,-1,-1,0,46929,0,0,35721
135281,0,0,0,-1,-1,0,29820,0,0,35722
135282,0,0,-1,1000,-1,0,49007,0,0,37604
135283,0,0,-1,-1,3000,330,55884,0,0,37676
135284,0,0,0,5000,-1,0,49352,0,0,37710
135285,0,0,-1,0,1000,59,27089,0,0,38431
135286,0,0,-1,0,1000,59,11009,0,0,38432
135287,0,0,-1,0,1000,59,50986,0,0,38466
135288,0,1,0,-1,-1,0,52172,0,0,38506
135289,1,0,0,1500,-1,0,51149,0,0,38506
135290,0,0,-1,0,1000,0,50749,0,0,38518
135306,0,1,0,-1,-1,0,32973,0,0,35043
135316,0,0,-1,-1,3000,330,55884,0,0,35226
135317,0,0,0,30000,-1,0,46203,0,0,35227
135318,0,0,-1,20000,20000,1140,46149,0,0,35230
135319,0,1,0,-1,-1,0,46273,0,0,35233
135320,1,0,0,10000,-1,0,46281,0,0,35233
135323,1,1,0,-1,-1,0,23300,0,0,35413
135325,1,0,0,60000,-1,0,46643,0,0,35514
135327,0,0,-1,-1,-1,0,483,0,0,35517
135328,1,6,0,-1,-1,0,41161,0,0,35517
135329,0,0,-1,-1,-1,0,483,0,0,35518
135330,1,6,0,-1,-1,0,41205,0,0,35518
135331,0,0,-1,-1,-1,0,483,0,0,35519
135332,1,6,0,-1,-1,0,41156,0,0,35519
135333,0,0,-1,-1,-1,0,35439,0,0,35728
135334,0,0,-1,-1,-1,0,35433,0,0,35729
135335,0,0,-1,-1,-1,0,35435,0,0,35730
135336,0,0,-1,-1,-1,0,35437,0,0,35731
135337,0,0,-1,-1,3000,330,55884,0,0,37719
135350,0,1,0,-1,-1,0,32973,0,0,35049
135357,0,1,0,-1,-1,0,44297,0,0,35053
135364,0,0,0,-1000,-1,0,46337,0,0,35237
135365,0,0,-1,-1,-1,0,483,0,0,35238
135366,1,6,0,-1,-1,0,39729,0,0,35238
135367,0,0,-1,-1,-1,0,483,0,0,35239
135368,1,6,0,-1,-1,0,39731,0,0,35239
135369,0,0,-1,-1,-1,0,483,0,0,35240
135370,1,6,0,-1,-1,0,39730,0,0,35240
135372,0,0,-1,-1,-1,0,483,0,0,35322
135373,1,6,0,-1,-1,0,46403,0,0,35322
135374,0,0,-1,-1,-1,0,483,0,0,35323
135375,1,6,0,-1,-1,0,46404,0,0,35323
135377,0,0,-1,1000,-1,0,27950,0,0,35417
135378,0,0,-1,1000,-1,0,27954,0,0,35418
135379,0,0,-1,1000,-1,0,27948,0,0,35419
135380,0,0,-1,1000,-1,0,27899,0,0,35420
135381,0,0,-1,-1,-1,0,483,0,0,35520
135382,1,6,0,-1,-1,0,41163,0,0,35520
135383,0,0,-1,-1,-1,0,483,0,0,35521
135384,1,6,0,-1,-1,0,41164,0,0,35521
135385,0,0,-1,-1,-1,0,483,0,0,35522
135386,1,6,0,-1,-1,0,41206,0,0,35522
135387,0,0,-1,-1,-1,0,483,0,0,35523
135388,1,6,0,-1,-1,0,41157,0,0,35523
135390,0,1,0,-1,-1,0,17619,0,0,35748
135392,1,1,0,-1,-1,0,17619,0,0,35749
135394,1,1,0,-1,-1,0,17619,0,0,35750
135396,1,1,0,-1,-1,0,17619,0,0,35751
135397,0,0,-1,60000,-1,0,66052,0,0,37750
135398,0,0,-1,60000,-1,0,62062,0,0,37816
135399,0,0,-1,-1,3000,330,55884,0,0,37827
135400,0,0,-1,-1,3000,330,55884,0,0,37828
135401,0,0,0,3600000,-1,0,49844,0,0,37863
135402,0,0,0,120000,120000,1182,42292,0,0,37864
135403,0,0,-1,-1,3000,330,55884,0,0,38576
135404,0,0,-1,1000,-1,0,51510,0,0,38577
135405,0,0,0,60000,-1,0,51640,0,0,38578
135406,0,1,0,-1,-1,0,51414,0,0,38579
135407,0,0,0,900000,-1,0,50317,0,0,38582
135431,0,0,-1,-1,-1,0,483,0,0,35241
135432,1,6,0,-1,-1,0,39732,0,0,35241
135433,0,0,-1,-1,-1,0,483,0,0,35242
135434,1,6,0,-1,-1,0,39728,0,0,35242
135435,0,0,-1,-1,-1,0,483,0,0,35243
135436,1,6,0,-1,-1,0,39727,0,0,35243
135437,0,0,-1,-1,-1,0,483,0,0,35244
135438,1,6,0,-1,-1,0,39705,0,0,35244
135439,0,0,-1,-1,-1,0,483,0,0,35325
135440,1,6,0,-1,-1,0,46405,0,0,35325
135441,1,0,0,180000,180000,1190,44055,0,0,35326
135442,1,0,0,180000,180000,1190,44055,0,0,35327
135443,0,1,0,-1,-1,0,33063,0,0,35328
135447,0,0,-1,1000,-1,0,27914,0,0,35421
135448,0,0,-1,1000,-1,0,27906,0,0,35422
135449,0,0,-1,1000,-1,0,34001,0,0,35423
135450,0,0,-1,1000,-1,0,27913,0,0,35424
135451,0,0,-1,1000,-1,0,27917,0,0,35425
135452,0,0,-1,1000,-1,0,27905,0,0,35426
135453,0,0,-1,-1,-1,0,483,0,0,35524
135454,1,6,0,-1,-1,0,41162,0,0,35524
135455,0,0,-1,-1,-1,0,483,0,0,35525
135456,1,6,0,-1,-1,0,41208,0,0,35525
135457,0,0,-1,-1,-1,0,483,0,0,35526
135458,1,6,0,-1,-1,0,41207,0,0,35526
135459,0,0,-1,-1,-1,0,483,0,0,35527
135460,1,6,0,-1,-1,0,41158,0,0,35527
135461,0,0,-1,-1,-1,0,483,0,0,35752
135462,1,6,0,-1,-1,0,47046,0,0,35752
135463,0,0,-1,-1,-1,0,483,0,0,35753
135464,1,6,0,-1,-1,0,47048,0,0,35753
135465,0,0,-1,-1,-1,0,483,0,0,35754
135466,1,6,0,-1,-1,0,47049,0,0,35754
135467,0,0,-1,-1,-1,0,483,0,0,35755
135468,1,6,0,-1,-1,0,47050,0,0,35755
135469,0,0,0,120000,120000,1182,42292,0,0,37865
135470,0,0,0,-1,-1,0,41920,0,0,37892
135471,0,0,0,-1,-1,0,41921,0,0,37893
135472,0,0,0,5000,-1,0,41943,0,0,37894
135473,0,0,0,5000,-1,0,41946,0,0,37895
135474,0,0,-1,1000,1000,1197,51661,0,0,38626
135475,0,0,-1,-1,-1,0,55884,0,0,38628
135476,0,0,-1,3000,0,0,52195,0,0,39149
135477,0,0,-1,60000,-1,0,66051,0,0,39476
135478,0,0,-1,60000,-1,0,66050,0,0,39477
135479,0,0,-1,100,-1,0,45819,0,0,34599
135481,0,0,-1,-1,-1,0,45694,0,0,34832
135482,0,0,0,5000,-1,0,46747,0,0,34833
135489,1,1,0,-1,-1,0,38522,0,0,35060
135499,0,0,-1,-1,-1,0,483,0,0,35245
135500,1,6,0,-1,-1,0,39712,0,0,35245
135501,0,0,-1,-1,-1,0,483,0,0,35246
135502,1,6,0,-1,-1,0,39706,0,0,35246
135503,0,0,-1,-1,-1,0,483,0,0,35247
135504,1,6,0,-1,-1,0,39714,0,0,35247
135505,0,0,-1,-1,-1,0,483,0,0,35248
135506,1,6,0,-1,-1,0,39711,0,0,35248
135511,0,1,0,-1,-1,0,23044,0,0,35335
135514,0,0,-1,1000,-1,0,27911,0,0,35427
135515,0,0,-1,1000,-1,0,27957,0,0,35428
135516,0,0,-1,1000,-1,0,27960,0,0,35429
135517,0,0,-1,1000,-1,0,33992,0,0,35430
135518,0,0,-1,1000,-1,0,33990,0,0,35431
135519,0,0,-1,1000,-1,0,34004,0,0,35432
135520,0,0,-1,-1,-1,0,483,0,0,35528
135521,1,6,0,-1,-1,0,41160,0,0,35528
135522,0,0,-1,-1,-1,0,483,0,0,35529
135523,1,6,0,-1,-1,0,41134,0,0,35529
135524,0,0,-1,-1,-1,0,483,0,0,35530
135525,1,6,0,-1,-1,0,41135,0,0,35530
135526,0,0,-1,-1,-1,0,483,0,0,35531
135527,1,6,0,-1,-1,0,41132,0,0,35531
135528,0,0,-1,-1,-1,0,483,0,0,35756
135529,1,6,0,-1,-1,0,47051,0,0,35756
135530,0,0,0,5000,-1,0,41945,0,0,37896
135531,0,0,0,5000,-1,0,41944,0,0,37897
135532,0,0,-1,0,1000,59,42256,0,0,37898
135533,0,0,-1,0,1000,59,42255,0,0,37899
135534,0,0,-1,0,1000,59,42254,0,0,37900
135535,0,0,0,-1,-1,0,55884,0,0,39656
135542,0,0,-1,-1,-1,0,483,0,0,34834
135543,1,6,0,-1,-1,0,45695,0,0,34834
135544,0,0,-1,-1,-1,0,45697,0,0,34836
135548,1,1,0,-1,-1,0,42056,0,0,35065
135550,0,1,0,-1,-1,0,22778,0,0,35067
135558,0,0,-1,-1,-1,0,483,0,0,35249
135559,1,6,0,-1,-1,0,39713,0,0,35249
135560,0,0,-1,-1,-1,0,483,0,0,35250
135561,1,6,0,-1,-1,0,39710,0,0,35250
135562,0,0,-1,-1,-1,0,483,0,0,35251
135563,1,6,0,-1,-1,0,39741,0,0,35251
135564,0,0,-1,-1,-1,0,483,0,0,35252
135565,1,6,0,-1,-1,0,39739,0,0,35252
135567,0,1,0,-1,-1,0,23044,0,0,35338
135573,0,0,-1,1000,-1,0,34005,0,0,35433
135574,0,0,-1,1000,-1,0,34006,0,0,35434
135575,0,0,-1,1000,-1,0,27962,0,0,35435
135576,0,0,-1,1000,-1,0,34003,0,0,35436
135577,0,0,-1,1000,-1,0,27961,0,0,35437
135578,0,0,-1,1000,-1,0,33996,0,0,35438
135579,0,0,-1,-1,-1,0,483,0,0,35532
135580,1,6,0,-1,-1,0,41133,0,0,35532
135581,0,0,-1,-1,-1,0,483,0,0,35533
135582,1,6,0,-1,-1,0,46126,0,0,35533
135583,0,0,-1,-1,-1,0,483,0,0,35534
135584,1,6,0,-1,-1,0,46124,0,0,35534
135585,0,0,-1,-1,-1,0,483,0,0,35535
135586,1,6,0,-1,-1,0,46127,0,0,35535
135587,0,0,-1,-1,-1,0,483,0,0,35536
135588,1,6,0,-1,-1,0,46122,0,0,35536
135589,0,0,-1,-1,-1,0,483,0,0,35762
135590,1,6,0,-1,-1,0,47055,0,0,35762
135591,0,0,-1,-1,-1,0,483,0,0,35763
135592,1,6,0,-1,-1,0,47056,0,0,35763
135593,0,0,-1,-1,-1,0,483,0,0,35764
135594,1,6,0,-1,-1,0,47054,0,0,35764
135595,0,0,-1,-1,-1,0,483,0,0,35765
135596,1,6,0,-1,-1,0,47053,0,0,35765
135597,0,0,-1,0,1000,59,43961,0,0,37901
135598,0,0,-1,0,1000,59,42263,0,0,37902
135599,0,0,-1,0,1000,59,42257,0,0,37903
135600,0,0,-1,0,1000,59,43959,0,0,37904
135601,0,0,-1,0,1000,59,42264,0,0,37905
135612,4,0,0,3000,-1,0,12883,0,0,34847
135631,0,0,-1,-1,-1,0,483,0,0,35253
135632,1,6,0,-1,-1,0,39742,0,0,35253
135633,0,0,-1,-1,-1,0,483,0,0,35254
135634,1,6,0,-1,-1,0,39740,0,0,35254
135635,0,0,-1,-1,-1,0,483,0,0,35255
135636,1,6,0,-1,-1,0,39719,0,0,35255
135637,0,0,-1,-1,-1,0,483,0,0,35256
135638,1,6,0,-1,-1,0,39722,0,0,35256
135641,0,1,0,-1,-1,0,33066,0,0,35345
135645,0,0,-1,1000,-1,0,33993,0,0,35439
135646,0,0,-1,1000,-1,0,33999,0,0,35440
135647,0,0,-1,1000,-1,0,33997,0,0,35441
135648,0,0,-1,1000,-1,0,33995,0,0,35442
135649,0,0,-1,1000,-1,0,33994,0,0,35443
135650,0,0,-1,1000,-1,0,27926,0,0,35444
135651,0,0,-1,-1,-1,0,483,0,0,35537
135652,1,6,0,-1,-1,0,46125,0,0,35537
135653,0,0,-1,-1,-1,0,483,0,0,35538
135654,1,6,0,-1,-1,0,46123,0,0,35538
135655,0,0,-1,-1,-1,0,483,0,0,35539
135656,1,6,0,-1,-1,0,46138,0,0,35539
135657,0,0,-1,-1,-1,0,483,0,0,35540
135658,1,6,0,-1,-1,0,46137,0,0,35540
135659,0,0,-1,-1,-1,0,483,0,0,35766
135660,1,6,0,-1,-1,0,47054,0,0,35766
135661,0,0,-1,-1,-1,0,483,0,0,35767
135662,1,6,0,-1,-1,0,47055,0,0,35767
135663,0,0,-1,-1,-1,0,483,0,0,35768
135664,1,6,0,-1,-1,0,47056,0,0,35768
135665,0,0,-1,-1,-1,0,483,0,0,35769
135666,1,6,0,-1,-1,0,47053,0,0,35769
135667,0,1,0,-1,-1,0,17619,0,0,35770
135668,0,0,-1,0,1000,59,42259,0,0,37906
135669,0,0,-1,0,1000,59,42260,0,0,37907
135670,0,0,-1,0,1000,59,42258,0,0,37908
135671,0,0,-1,0,1000,59,42261,0,0,37909
135672,0,0,-1,-1,-1,0,483,0,0,37915
135673,1,6,0,-1,-1,0,49677,0,0,37915
135678,0,0,0,30000,-1,0,45257,0,0,34626
135679,0,0,-1,1500,-1,0,45729,0,0,34850
135680,0,0,-1,-1,-1,0,55884,0,0,34955
135689,0,1,0,-1,-1,0,32973,0,0,35078
135702,4,0,0,3000,-1,0,12883,0,0,35181
135706,4,0,0,3000,-1,0,12883,0,0,35182
135710,3,0,0,3000,-1,0,12883,0,0,35183
135715,4,0,0,3000,-1,0,12883,0,0,35184
135716,0,0,-1,-1,-1,0,483,0,0,35257
135717,1,6,0,-1,-1,0,39725,0,0,35257
135718,0,0,-1,-1,-1,0,483,0,0,35258
135719,1,6,0,-1,-1,0,39724,0,0,35258
135720,0,0,-1,-1,-1,0,483,0,0,35259
135721,1,6,0,-1,-1,0,39721,0,0,35259
135722,0,0,-1,-1,-1,0,483,0,0,35260
135723,1,6,0,-1,-1,0,39720,0,0,35260
135724,0,0,-1,-1,-1,0,483,0,0,35261
135725,1,6,0,-1,-1,0,39723,0,0,35261
135726,0,0,-1,-1,-1,0,55884,0,0,35349
135727,0,0,-1,-1,-1,0,55884,0,0,35350
135728,0,0,0,-1,3000,330,0,0,0,35351
135730,1,1,0,-1,-1,0,33830,0,0,35356
135733,0,0,-1,1000,-1,0,27924,0,0,35445
135734,0,0,-1,1000,-1,0,27927,0,0,35446
135735,0,0,-1,1000,-1,0,27920,0,0,35447
135736,0,0,-1,1000,-1,0,27945,0,0,35448
135737,0,0,-1,1000,-1,0,34009,0,0,35449
135738,0,0,-1,1000,-1,0,27947,0,0,35450
135739,0,0,-1,1000,-1,0,27946,0,0,35451
135740,0,0,-1,-1,-1,0,483,0,0,35541
135741,1,6,0,-1,-1,0,46133,0,0,35541
135742,0,0,-1,-1,-1,0,483,0,0,35542
135743,1,6,0,-1,-1,0,46134,0,0,35542
135744,0,0,-1,-1,-1,0,483,0,0,35543
135745,1,6,0,-1,-1,0,46134,0,0,35543
135746,0,0,-1,-1,-1,0,483,0,0,35544
135747,1,6,0,-1,-1,0,46129,0,0,35544
135748,0,0,-1,-1,-1,0,483,0,0,35545
135749,1,6,0,-1,-1,0,46136,0,0,35545
135750,0,1,0,-1,-1,0,17619,0,0,35771
135751,0,1,0,-1,-1,0,17619,0,0,35772
135752,1,0,0,-1,-1,0,42077,0,0,35772
135753,0,1,0,-1,-1,0,17619,0,0,35773
135754,0,0,0,60000,60000,0,47129,0,0,35828
135755,0,0,-1,-1,3000,330,55884,0,0,35906
135758,0,1,0,0,0,0,50200,0,0,37934
135759,0,0,-1,-1,-1,0,55884,0,0,38050
135763,1,1,0,-1,-1,0,28539,0,0,34991
135771,0,1,0,-1,-1,0,44297,0,0,35083
135780,3,0,0,3000,-1,0,12883,0,0,35185
135781,0,0,-1,-1,-1,0,483,0,0,35186
135782,1,6,0,-1,-1,0,46111,0,0,35186
135783,0,0,-1,-1,-1,0,483,0,0,35187
135784,1,6,0,-1,-1,0,46107,0,0,35187
135785,0,0,-1,-1,-1,0,483,0,0,35189
135786,1,6,0,-1,-1,0,46108,0,0,35189
135787,0,0,-1,-1,-1,0,483,0,0,35262
135788,1,6,0,-1,-1,0,39717,0,0,35262
135789,0,0,-1,-1,-1,0,483,0,0,35263
135790,1,6,0,-1,-1,0,39715,0,0,35263
135791,0,0,-1,-1,-1,0,483,0,0,35264
135792,1,6,0,-1,-1,0,39716,0,0,35264
135793,0,0,-1,-1,-1,0,483,0,0,35265
135794,1,6,0,-1,-1,0,39718,0,0,35265
135795,0,0,-1,-1,-1,0,483,0,0,35266
135796,1,6,0,-1,-1,0,39736,0,0,35266
135800,1,1,0,-1,-1,0,33830,0,0,35361
135808,0,0,-1,1000,-1,0,28004,0,0,35452
135809,0,0,-1,1000,-1,0,42620,0,0,35453
135810,0,0,-1,1000,-1,0,34010,0,0,35454
135811,0,0,-1,1000,-1,0,27968,0,0,35455
135812,0,0,-1,1000,-1,0,27975,0,0,35456
135813,0,0,-1,1000,-1,0,27967,0,0,35457
135814,0,0,-1,-1,-1,0,483,0,0,35546
135815,1,6,0,-1,-1,0,46132,0,0,35546
135816,0,0,-1,-1,-1,0,483,0,0,35547
135817,1,6,0,-1,-1,0,46132,0,0,35547
135818,0,0,-1,-1,-1,0,483,0,0,35548
135819,1,6,0,-1,-1,0,46131,0,0,35548
135820,0,0,-1,-1,-1,0,483,0,0,35549
135821,1,6,0,-1,-1,0,46139,0,0,35549
135822,0,0,-1,-1,-1,0,483,0,0,35550
135823,1,6,0,-1,-1,0,46135,0,0,35550
135826,0,0,0,-1,-1,0,47371,0,0,36748
135827,1,5,0,-1,-1,0,47331,0,0,36748
135828,0,1,0,-1,-1,0,50009,0,0,38089
136389,0,0,-1,-1,3000,330,55884,0,0,184865
136398,1,6,0,-1,-1,0,2137,0,0,3094
136399,1,6,0,-1,-1,0,2138,0,0,3095
136400,1,6,0,-1,-1,0,5573,0,0,1136
136401,1,6,0,-1,-1,0,498,0,0,1138
136402,1,6,0,0,0,0,3599,0,0,1029
136403,1,6,0,0,0,0,370,0,0,1049
136404,1,6,0,0,0,0,344,0,0,1030
136405,1,6,0,0,0,0,315,0,0,1031
136406,1,6,0,0,0,0,5730,0,0,1032
136407,1,6,0,0,0,0,365,0,0,1034
136408,1,6,0,0,0,0,2011,0,0,1603
136409,1,6,0,-1,-1,0,695,0,0,1231
136410,1,6,0,-1,-1,0,696,0,0,1232
136411,1,6,0,-1,-1,0,5782,0,0,1238
136412,1,6,0,-1,-1,0,89,0,0,1681
136413,1,6,0,-1,-1,0,2060,0,0,3118
136414,1,6,0,-1,-1,0,3862,0,0,4355
136415,1,6,0,0,0,0,915,0,0,3129
136416,1,6,0,-1,-1,0,2156,0,0,2404
136417,1,6,0,-1,-1,0,6075,0,0,1108
136418,1,6,0,-1,-1,0,5144,0,0,1559
136419,1,6,0,-1,-1,0,970,0,0,1641
136420,1,6,0,-1,-1,0,5138,0,0,1239
136421,1,6,0,-1,-1,0,705,0,0,1243
136422,1,6,0,-1,-1,0,707,0,0,1245
136423,1,6,0,-1,-1,0,5697,0,0,1246
136424,1,6,0,-1,-1,0,132,0,0,1250
136425,1,6,0,-1,-1,0,837,0,0,1554
136426,1,6,0,-1,-1,0,1090,0,0,1676
136427,1,6,0,-1,-1,0,172,0,0,4211
136428,1,6,0,0,0,0,556,0,0,4170
136429,1,6,0,-1,-1,0,3513,0,0,3874
136430,1,6,0,-1,-1,0,2403,0,0,2601
136431,1,6,0,-1,-1,0,605,0,0,1109
136432,1,6,0,-1,-1,0,700,0,0,1111
136433,1,6,0,-1,-1,0,588,0,0,1086
136434,1,6,0,-1,-1,0,639,0,0,1141
136435,1,6,0,-1,-1,0,6064,0,0,1648
136436,1,6,0,-1,-1,0,765,0,0,1568
136437,1,6,0,-1,-1,0,990,0,0,1655
136438,1,6,0,-1,-1,0,2010,0,0,1657
136439,1,6,0,-1,-1,0,116,0,0,3090
136440,1,6,0,-1,-1,0,3172,0,0,3393
136441,1,6,0,-1,-1,0,3174,0,0,3394
136442,1,6,0,-1,-1,0,642,0,0,1144
136443,1,6,0,-1,-1,0,7328,0,0,1146
136444,1,6,0,-1,-1,0,645,0,0,1149
136445,1,6,0,-1,-1,0,1152,0,0,1150
136446,1,6,0,-1,-1,0,475,0,0,976
136447,1,6,0,-1,-1,0,491,0,0,985
136448,1,6,0,0,0,0,2617,0,0,1619
136449,1,6,0,-1,-1,0,1456,0,0,3146
136450,1,6,0,-1,-1,0,6146,0,0,3092
136451,1,6,0,0,0,0,544,0,0,1052
136452,1,6,0,0,0,0,2008,0,0,1035
136453,1,6,0,0,0,0,529,0,0,1037
136455,1,6,0,0,0,0,2616,0,0,1597
136456,1,6,0,-1,-1,0,1430,0,0,1877
136457,1,6,0,-1,-1,0,2121,0,0,3093
136458,1,6,0,0,0,0,6378,0,0,4183
136459,1,6,0,0,0,0,966,0,0,4185
136460,1,6,0,0,0,0,913,0,0,3130
136461,1,6,0,-1,-1,0,2543,0,0,728
136462,1,6,0,-1,-1,0,589,0,0,1087
136463,1,6,0,-1,-1,0,6074,0,0,1088
136465,1,6,0,-1,-1,0,693,0,0,1229
136466,1,6,0,-1,-1,0,1026,0,0,1534
136467,1,6,0,-1,-1,0,28609,0,0,967
136468,1,6,0,-1,-1,0,2136,0,0,968
136469,1,6,0,-1,-1,0,7300,0,0,974
136470,1,6,0,-1,-1,0,3336,0,0,3612
136471,1,6,0,-1,-1,0,2389,0,0,2598
136472,1,6,0,-1,-1,0,6230,0,0,4216
136473,1,6,0,-1,-1,0,2545,0,0,2698
136474,1,6,0,-1,-1,0,5500,0,0,1224
136475,1,6,0,-1,-1,0,6207,0,0,1228
136476,1,6,0,-1,-1,0,2158,0,0,2406
136477,1,6,0,-1,-1,0,2163,0,0,2407
136478,1,6,0,-1,-1,0,2164,0,0,2408
136479,1,6,0,-1,-1,0,2169,0,0,2409
136481,1,6,0,0,0,0,2608,0,0,3127
136483,1,6,0,-1,-1,0,591,0,0,1091
136484,1,6,0,-1,-1,0,2052,0,0,1092
136485,1,6,0,-1,-1,0,113,0,0,975
136486,1,6,0,0,0,0,545,0,0,1053
136487,1,6,0,0,0,0,939,0,0,4179
136488,1,6,0,-1,-1,0,1086,0,0,3139
136489,1,6,0,-1,-1,0,3700,0,0,4217
136490,1,6,0,0,0,0,6391,0,0,4171
136491,1,6,0,0,0,0,547,0,0,1057
136492,1,6,0,0,0,0,550,0,0,1061
136493,1,6,0,-1,-1,0,1058,0,0,1334
136494,1,6,0,-1,-1,0,145,0,0,992
136495,1,6,0,-1,-1,0,1244,0,0,1112
136496,1,6,0,-1,-1,0,130,0,0,3096
136497,1,6,0,-1,-1,0,648,0,0,1536
136498,1,6,0,-1,-1,0,3230,0,0,2553
136499,1,6,0,-1,-1,0,6078,0,0,1105
136500,1,6,0,0,0,0,332,0,0,1038
136501,1,6,0,-1,-1,0,7302,0,0,994
136502,1,6,0,-1,-1,0,512,0,0,1004
136503,1,6,0,-1,-1,0,865,0,0,1571
136504,1,6,0,0,0,0,901,0,0,1589
136506,1,6,0,-1,-1,0,139,0,0,1084
136507,1,6,0,-1,-1,0,2096,0,0,1085
136508,1,6,0,-1,-1,0,528,0,0,1089
136509,1,6,0,-1,-1,0,5704,0,0,3114
136510,1,6,0,-1,-1,0,6065,0,0,3119
136511,1,6,0,-1,-1,0,984,0,0,3120
136512,1,6,0,-1,-1,0,1706,0,0,3121
136513,1,6,0,0,0,0,923,0,0,3132
136514,1,6,0,-1,-1,0,6077,0,0,1101
136515,1,6,0,-1,-1,0,114,0,0,966
136518,1,6,0,-1,-1,0,6066,0,0,1651
136520,1,6,0,-1,-1,0,5505,0,0,3097
136521,1,6,0,-1,-1,0,2667,0,0,2881
136522,1,6,0,-1,-1,0,205,0,0,986
136523,1,6,0,-1,-1,0,122,0,0,989
136524,1,6,0,-1,-1,0,2782,0,0,1093
136525,1,6,0,-1,-1,0,527,0,0,1095
136526,1,6,0,-1,-1,0,594,0,0,1096
136527,1,6,0,-1,-1,0,597,0,0,1099
136529,1,6,0,-1,-1,0,339,0,0,1339
136530,1,6,0,-1,-1,0,8921,0,0,1341
136531,1,6,0,-1,-1,0,992,0,0,1658
136533,1,6,0,-1,-1,0,770,0,0,1328
136534,1,6,0,-1,-1,0,246,0,0,3098
136535,1,6,0,-1,-1,0,3507,0,0,3872
136536,1,6,0,-1,-1,0,3511,0,0,3873
136537,1,6,0,0,0,0,905,0,0,1591
136538,1,6,0,0,0,0,325,0,0,1048
136539,1,6,0,-1,-1,0,857,0,0,1567
136540,1,6,0,-1,-1,0,8924,0,0,1886
136541,1,6,0,-1,-1,0,3497,0,0,3868
136542,1,6,0,-1,-1,0,1245,0,0,3123
136543,1,6,0,-1,-1,0,1006,0,0,3124
136544,1,6,0,0,0,0,6363,0,0,3125
136545,1,6,0,0,0,0,2606,0,0,3126
136546,1,6,0,-1,-1,0,3370,0,0,3678
136547,1,6,0,-1,-1,0,3371,0,0,3679
136549,1,6,0,-1,-1,0,5195,0,0,4225
136550,1,6,0,0,0,0,421,0,0,4189
136551,1,6,0,-1,-1,0,2333,0,0,3396
136552,1,6,0,-1,-1,0,3398,0,0,3735
136553,1,6,0,-1,-1,0,3399,0,0,3736
136554,1,6,0,-1,-1,0,3400,0,0,3737
136555,1,6,0,-1,-1,0,6780,0,0,4226
136556,1,6,0,-1,-1,0,3858,0,0,4351
136557,1,6,0,-1,-1,0,3863,0,0,4353
136560,1,6,0,-1,-1,0,3849,0,0,4347
136561,1,6,0,-1,-1,0,2334,0,0,2554
136562,1,6,0,-1,-1,0,1042,0,0,4164
136563,1,6,0,-1,-1,0,5244,0,0,5083
136564,1,6,0,0,0,0,6390,0,0,5702
136566,1,6,0,-1,-1,0,3747,0,0,4280
136567,1,6,0,-1,-1,0,976,0,0,4281
136568,1,6,0,0,0,0,131,0,0,5704
136569,1,6,0,0,0,0,6377,0,0,5705
136570,1,6,0,0,0,0,6364,0,0,5706
136571,1,6,0,-1,-1,0,6208,0,0,3140
136572,1,6,0,-1,-1,0,3297,0,0,3608
136576,1,6,0,-1,-1,0,5229,0,0,5161
136577,1,6,0,-1,-1,0,6756,0,0,5163
136578,1,6,0,-1,-1,0,6076,0,0,3115
136579,1,6,0,-1,-1,0,4508,0,0,4597
136580,1,6,0,-1,-1,0,5645,0,0,5679
136581,1,6,0,-1,-1,0,3870,0,0,6401
136582,1,6,0,-1,-1,0,6377,0,0,3112
136583,1,6,0,-1,-1,0,17,0,0,3113
136584,1,6,0,-1,-1,0,3944,0,0,4411
136586,1,6,0,-1,-1,0,1036,0,0,4163
136587,1,6,0,-1,-1,0,3847,0,0,4345
136588,1,6,0,-1,-1,0,6205,0,0,4212
136589,1,6,0,0,0,0,5391,0,0,4180
136591,1,6,0,0,0,0,6196,0,0,5707
136593,1,6,0,-1,-1,0,6219,0,0,5728
136594,1,6,0,-1,-1,0,6213,0,0,4202
136595,1,6,0,-1,-1,0,592,0,0,3116
136596,1,6,0,-1,-1,0,3868,0,0,4348
136597,1,6,0,-1,-1,0,3325,0,0,3610
136598,1,6,0,-1,-1,0,3372,0,0,3680
136599,1,6,0,-1,-1,0,3373,0,0,3681
136600,1,6,0,-1,-1,0,2335,0,0,2555
136601,1,6,0,0,0,0,909,0,0,4182
136602,1,6,0,-1,-1,0,2671,0,0,5577
136603,1,6,0,0,0,0,324,0,0,5698
136604,1,6,0,0,0,0,2645,0,0,5699
136605,1,6,0,0,0,0,6375,0,0,5700
136606,1,6,0,0,0,0,6495,0,0,5701
136607,1,6,0,-1,-1,0,689,0,0,3141
136608,1,6,0,-1,-1,0,1455,0,0,3144
136610,1,6,0,0,0,0,549,0,0,4176
136611,1,6,0,0,0,0,530,0,0,4177
136612,1,6,0,0,0,0,943,0,0,4178
136614,1,6,0,-1,-1,0,587,0,0,4141
136615,1,6,0,-1,-1,0,28272,0,0,4142
136616,1,6,0,-1,-1,0,597,0,0,4143
136617,1,6,0,-1,-1,0,3779,0,0,4301
136618,1,6,0,-1,-1,0,755,0,0,4198
136619,1,6,0,-1,-1,0,3698,0,0,4199
136620,1,6,0,-1,-1,0,3856,0,0,4350
136621,1,6,0,-1,-1,0,6129,0,0,4152
136622,1,6,0,-1,-1,0,5145,0,0,4153
136623,1,6,0,-1,-1,0,5740,0,0,4215
136624,1,6,0,-1,-1,0,3758,0,0,4292
136625,1,6,0,-1,-1,0,2673,0,0,5578
136626,1,6,0,-1,-1,0,3377,0,0,3683
136627,1,6,0,0,0,0,6343,0,0,5703
136628,1,6,0,-1,-1,0,2547,0,0,2699
136629,1,6,0,-1,-1,0,5169,0,0,5126
136630,1,6,0,-1,-1,0,5264,0,0,5127
136631,1,6,0,-1,-1,0,990,0,0,4147
136632,1,6,0,-1,-1,0,3376,0,0,3682
136633,1,6,0,-1,-1,0,8926,0,0,4228
136634,1,6,0,-1,-1,0,3627,0,0,4229
136635,1,6,0,-1,-1,0,6705,0,0,5789
136636,1,6,0,-1,-1,0,7755,0,0,6330
136637,1,6,0,-1,-1,0,5699,0,0,4218
136638,1,6,0,-1,-1,0,3140,0,0,4161
136639,1,6,0,-1,-1,0,6139,0,0,4162
136640,1,6,0,-1,-1,0,1088,0,0,3138
136641,1,6,0,-1,-1,0,3972,0,0,4417
136642,1,6,0,0,0,0,6392,0,0,4181
136643,1,6,0,-1,-1,0,2336,0,0,2556
136644,1,6,0,-1,-1,0,7325,0,0,6132
136645,1,6,0,-1,-1,0,6702,0,0,5786
136646,1,6,0,-1,-1,0,5592,0,0,5685
136647,1,6,0,0,0,0,546,0,0,5709
136648,1,6,0,0,0,0,6376,0,0,5710
136649,1,6,0,0,0,0,1945,0,0,5708
136650,1,6,0,-1,-1,0,2090,0,0,3088
136651,1,6,0,-1,-1,0,6209,0,0,4220
136652,1,6,0,-1,-1,0,2970,0,0,4221
136653,1,6,0,-1,-1,0,5177,0,0,5142
136654,1,6,0,-1,-1,0,593,0,0,4267
136656,1,6,0,-1,-1,0,1034,0,0,5666
136657,1,6,0,-1,-1,0,94,0,0,5667
136658,1,6,0,-1,-1,0,2157,0,0,2405
136659,1,6,0,-1,-1,0,5234,0,0,5153
136660,1,6,0,-1,-1,0,3872,0,0,4354
136661,1,6,0,-1,-1,0,6146,0,0,4154
136662,1,6,0,-1,-1,0,6148,0,0,4155
136663,1,6,0,-1,-1,0,1152,0,0,4156
136664,1,6,0,0,0,0,6058,0,0,5715
136665,1,6,0,0,0,0,5675,0,0,3133
136666,1,6,0,-1,-1,0,702,0,0,3134
136667,1,6,0,-1,-1,0,3295,0,0,2883
136668,1,6,0,-1,-1,0,8936,0,0,5141
136669,1,6,0,-1,-1,0,5268,0,0,5129
136670,1,6,0,-1,-1,0,4942,0,0,4624
136671,1,6,0,-1,-1,0,4094,0,0,4609
136672,1,6,0,-1,-1,0,1014,0,0,4206
136674,1,6,0,-1,-1,0,7320,0,0,3099
136675,1,6,0,-1,-1,0,6141,0,0,3100
136676,1,6,0,-1,-1,0,988,0,0,4282
136677,1,6,0,-1,-1,0,2937,0,0,4283
136678,1,6,0,-1,-1,0,3472,0,0,4165
136679,1,6,0,-1,-1,0,1022,0,0,4166
136680,1,6,0,-1,-1,0,2812,0,0,4167
136681,1,6,0,0,0,0,2484,0,0,4168
136682,1,6,0,0,0,0,554,0,0,4169
136683,1,6,0,-1,-1,0,3968,0,0,4416
136684,1,6,0,-1,-1,0,604,0,0,4157
136685,1,6,0,-1,-1,0,3175,0,0,3395
136686,1,6,0,-1,-1,0,3762,0,0,4293
136688,1,6,0,-1,-1,0,7149,0,0,5973
136689,1,6,0,-1,-1,0,1941,0,0,5727
136690,1,6,0,-1,-1,0,7754,0,0,6329
136691,1,6,0,-1,-1,0,7752,0,0,6326
136692,1,6,0,-1,-1,0,2120,0,0,3089
136693,1,6,0,-1,-1,0,3334,0,0,3611
136694,1,6,0,-1,-1,0,3330,0,0,2882
136695,1,6,0,-1,-1,0,8936,0,0,4222
136696,1,6,0,-1,-1,0,776,0,0,4223
136697,1,6,0,-1,-1,0,2055,0,0,4268
136698,1,6,0,-1,-1,0,6392,0,0,4158
136699,1,6,0,-1,-1,0,3954,0,0,4412
136700,1,6,0,-1,-1,0,3959,0,0,4413
136701,1,6,0,-1,-1,0,3960,0,0,4414
136702,1,6,0,-1,-1,0,3767,0,0,4294
136703,1,6,0,-1,-1,0,7153,0,0,4295
136704,1,6,0,-1,-1,0,3321,0,0,3609
136705,1,6,0,-1,-1,0,3450,0,0,3830
136707,1,6,0,-1,-1,0,6202,0,0,4210
136708,1,6,0,0,0,0,5388,0,0,5711
136709,1,6,0,-1,-1,0,3188,0,0,6211
136710,1,6,0,-1,-1,0,3500,0,0,3869
136711,1,6,0,-1,-1,0,3504,0,0,3870
136712,1,6,0,-1,-1,0,3769,0,0,4296
136713,1,6,0,-1,-1,0,3775,0,0,4298
136715,1,6,0,-1,-1,0,6414,0,0,5484
136716,1,6,0,0,0,0,2609,0,0,4173
136717,1,6,0,-1,-1,0,699,0,0,5719
136718,1,6,0,-1,-1,0,6215,0,0,5729
136719,1,6,0,-1,-1,0,774,0,0,5730
136721,1,6,0,-1,-1,0,3505,0,0,3871
136722,1,6,0,-1,-1,0,6415,0,0,5485
136723,1,6,0,-1,-1,0,3933,0,0,4409
136724,1,6,0,-1,-1,0,603,0,0,4207
136725,1,6,0,-1,-1,0,1707,0,0,4208
136726,1,6,0,-1,-1,0,6229,0,0,4209
136727,1,6,0,-1,-1,0,1094,0,0,4200
136728,1,6,0,-1,-1,0,126,0,0,4201
136729,1,6,0,-1,-1,0,1714,0,0,5724
136730,1,6,0,-1,-1,0,6223,0,0,5725
136731,1,6,0,-1,-1,0,5701,0,0,5726
136732,1,6,0,-1,-1,0,6617,0,0,5640
136733,1,6,0,-1,-1,0,3493,0,0,3866
136734,1,6,0,-1,-1,0,1460,0,0,3091
136735,1,6,0,0,0,0,5734,0,0,4188
136736,1,6,0,-1,-1,0,3940,0,0,4410
136738,1,6,0,0,0,0,6344,0,0,4172
136739,1,6,0,-1,-1,0,18540,0,0,4213
136740,1,6,0,-1,-1,0,6501,0,0,5528
136741,1,6,0,-1,-1,0,6739,0,0,5670
136742,1,6,0,-1,-1,0,6739,0,0,5671
136743,1,6,0,-1,-1,0,6619,0,0,5641
136744,1,6,0,-1,-1,0,1020,0,0,5683
136745,1,6,0,-1,-1,0,1108,0,0,5720
136746,1,6,0,-1,-1,0,28270,0,0,4144
136747,1,6,0,-1,-1,0,759,0,0,4145
136748,1,6,0,-1,-1,0,6413,0,0,5483
136749,1,6,0,-1,-1,0,6135,0,0,4149
136750,1,6,0,-1,-1,0,6127,0,0,4150
136752,1,6,0,-1,-1,0,6688,0,0,5772
136753,1,6,0,-1,-1,0,6692,0,0,5773
136754,1,6,0,-1,-1,0,7213,0,0,6039
136757,1,6,0,-1,-1,0,8780,0,0,7092
136758,1,6,0,-1,-1,0,8778,0,0,7093
136759,1,6,0,-1,-1,0,7255,0,0,6053
136760,1,6,0,-1,-1,0,7256,0,0,6054
136761,1,6,0,-1,-1,0,10554,0,0,8399
136762,1,6,0,0,0,0,131,0,0,9058
136763,1,6,0,-1,-1,0,1069,0,0,8779
136764,1,6,0,-1,-1,0,3140,0,0,8835
136765,1,6,0,-1,-1,0,1460,0,0,8802
136766,1,6,0,-1,-1,0,996,0,0,9019
136767,1,6,0,-1,-1,0,10544,0,0,8404
136768,1,6,0,-1,-1,0,5178,0,0,5149
136769,1,6,0,-1,-1,0,5187,0,0,5150
136770,1,6,0,-1,-1,0,7893,0,0,6391
136772,1,6,0,-1,-1,0,5177,0,0,8744
136773,1,6,0,-1,-1,0,5186,0,0,8745
136774,1,6,0,-1,-1,0,9818,0,0,7981
136775,1,6,0,-1,-1,0,5143,0,0,8837
136776,1,6,0,-1,-1,0,5179,0,0,8788
136778,1,6,0,-1,-1,0,604,0,0,8805
136779,1,6,0,-1,-1,0,475,0,0,8806
136780,1,6,0,-1,-1,0,10,0,0,8808
136781,1,6,0,-1,-1,0,10564,0,0,8400
136782,1,6,0,-1,-1,0,6695,0,0,5775
136783,1,6,0,-1,-1,0,10490,0,0,8384
136784,1,6,0,-1,-1,0,9957,0,0,7994
136785,1,6,0,-1,-1,0,9269,0,0,7560
136786,1,6,0,-1,-1,0,9995,0,0,7992
136787,1,6,0,-1,-1,0,1088,0,0,9212
136788,1,6,0,-1,-1,0,1088,0,0,9213
136789,1,6,0,0,0,0,1075,0,0,5154
136790,1,6,0,-1,-1,0,5265,0,0,5131
136791,1,6,0,-1,-1,0,5266,0,0,5132
136792,1,6,0,-1,-1,0,5188,0,0,5152
136793,1,6,0,-1,-1,0,2139,0,0,4148
136795,1,6,0,-1,-1,0,972,0,0,4272
136796,1,6,0,-1,-1,0,2054,0,0,4273
136797,1,6,0,-1,-1,0,9945,0,0,7983
136798,1,6,0,-1,-1,0,2090,0,0,8797
136799,1,6,0,-1,-1,0,7639,0,0,6274
136800,1,6,0,-1,-1,0,697,0,0,6544
136801,1,6,0,-1,-1,0,10525,0,0,8395
136803,1,6,0,-1,-1,0,5234,0,0,8799
136804,1,6,0,-1,-1,0,5601,0,0,5661
136805,1,6,0,-1,-1,0,5602,0,0,5662
136806,1,6,0,0,0,0,548,0,0,9054
136807,1,6,0,0,0,0,905,0,0,9185
136808,1,6,0,-1,-1,0,2970,0,0,9230
136809,1,6,0,0,0,0,6346,0,0,5713
136810,1,6,0,-1,-1,0,1038,0,0,5684
136811,1,6,0,-1,-1,0,2362,0,0,5721
136812,1,6,0,-1,-1,0,6226,0,0,5722
136813,1,6,0,0,0,0,782,0,0,5148
136814,1,6,0,-1,-1,0,6686,0,0,5771
136816,1,6,0,-1,-1,0,6141,0,0,8872
136818,1,6,0,-1,-1,0,9937,0,0,7995
136819,1,6,0,0,0,0,3599,0,0,9059
136820,1,6,0,-1,-1,0,1006,0,0,8998
136821,1,6,0,-1,-1,0,6223,0,0,9216
136822,1,6,0,-1,-1,0,709,0,0,9217
136823,1,6,0,-1,-1,0,6412,0,0,5482
136824,1,6,0,-1,-1,0,7955,0,0,6476
136825,1,6,0,0,0,0,5730,0,0,9043
136826,1,6,0,-1,-1,0,5602,0,0,8930
136827,1,6,0,-1,-1,0,5615,0,0,8939
136828,1,6,0,-1,-1,0,6222,0,0,9201
136829,1,6,0,-1,-1,0,693,0,0,9202
136831,1,6,0,-1,-1,0,1006,0,0,8999
136832,1,6,0,-1,-1,0,1006,0,0,9000
136833,1,6,0,-1,-1,0,2060,0,0,9002
136834,1,6,0,-1,-1,0,5599,0,0,8918
136836,1,6,0,-1,-1,0,6064,0,0,8979
136837,1,6,0,-1,-1,0,6064,0,0,8980
136838,1,6,0,0,0,0,945,0,0,9141
136839,1,6,0,-1,-1,0,5782,0,0,9195
136840,1,6,0,-1,-1,0,5782,0,0,9196
136842,1,6,0,-1,-1,0,5196,0,0,5159
136843,1,6,0,-1,-1,0,5189,0,0,5160
136845,1,6,0,-1,-1,0,7633,0,0,6272
136846,1,6,0,-1,-1,0,7636,0,0,6273
136848,1,6,0,-1,-1,0,6651,0,0,5657
136849,1,6,0,-1,-1,0,6780,0,0,8793
136850,1,6,0,-1,-1,0,6778,0,0,8794
136851,1,6,0,-1,-1,0,9853,0,0,8795
136852,1,6,0,-1,-1,0,1086,0,0,9223
136853,1,6,0,-1,-1,0,695,0,0,9193
136854,1,6,0,-1,-1,0,6074,0,0,8960
136855,1,6,0,-1,-1,0,6074,0,0,8961
136856,1,6,0,-1,-1,0,552,0,0,4287
136857,1,6,0,-1,-1,0,2783,0,0,4288
136858,1,6,0,-1,-1,0,5186,0,0,5145
136859,1,6,0,-1,-1,0,604,0,0,5146
136860,1,6,0,-1,-1,0,1004,0,0,4271
136861,1,6,0,0,0,0,2607,0,0,5696
136862,1,6,0,-1,-1,0,7322,0,0,8884
136863,1,6,0,-1,-1,0,10520,0,0,8386
136864,1,6,0,-1,-1,0,6141,0,0,8895
136866,1,6,0,-1,-1,0,604,0,0,8882
136867,1,6,0,-1,-1,0,2138,0,0,8878
136868,1,6,0,-1,-1,0,6618,0,0,5643
136869,1,6,0,-1,-1,0,5504,0,0,5644
136870,1,6,0,-1,-1,0,8604,0,0,6891
136871,1,6,0,-1,-1,0,6129,0,0,8871
136872,1,6,0,-1,-1,0,7443,0,0,6342
136873,1,6,0,-1,-1,0,7451,0,0,6343
136874,1,6,0,-1,-1,0,6624,0,0,5642
136875,1,6,0,-1,-1,0,606,0,0,8962
136876,1,6,0,-1,-1,0,2060,0,0,9003
136877,1,6,0,-1,-1,0,2060,0,0,9014
136878,1,6,0,-1,-1,0,1062,0,0,5147
136879,1,6,0,-1,-1,0,712,0,0,6623
136880,1,6,0,-1,-1,0,11468,0,0,9297
136881,1,6,0,-1,-1,0,879,0,0,5672
136882,1,6,0,-1,-1,0,5502,0,0,5676
136883,1,6,0,-1,-1,0,7221,0,0,6044
136884,1,6,0,-1,-1,0,7451,0,0,6222
136885,1,6,0,-1,-1,0,7776,0,0,6346
136886,1,6,0,-1,-1,0,636,0,0,5658
136887,1,6,0,-1,-1,0,1052,0,0,5660
136888,1,6,0,-1,-1,0,700,0,0,8809
136889,1,6,0,-1,-1,0,28609,0,0,8811
136890,1,6,0,-1,-1,0,9997,0,0,8029
136891,1,6,0,-1,-1,0,1244,0,0,8954
136893,1,6,0,0,0,0,945,0,0,9139
136894,1,6,0,0,0,0,945,0,0,9140
136895,1,6,0,0,0,0,945,0,0,9142
136896,1,6,0,0,0,0,467,0,0,5139
136898,1,6,0,-1,-1,0,709,0,0,9218
136899,1,6,0,-1,-1,0,7643,0,0,6275
136900,1,6,0,-1,-1,0,8322,0,0,6710
136901,1,6,0,-1,-1,0,8926,0,0,8796
136903,1,6,0,-1,-1,0,3140,0,0,8814
136904,1,6,0,0,0,0,899,0,0,9062
136905,1,6,0,0,0,0,945,0,0,9166
136906,1,6,0,-1,-1,0,7892,0,0,6390
136908,1,6,0,-1,-1,0,6419,0,0,5489
136909,1,6,0,-1,-1,0,740,0,0,8801
136910,1,6,0,-1,-1,0,9852,0,0,8773
136911,1,6,0,-1,-1,0,9813,0,0,7979
136912,1,6,0,-1,-1,0,9814,0,0,7980
136913,1,6,0,-1,-1,0,7443,0,0,6221
136915,1,6,0,0,0,0,2484,0,0,9041
136916,1,6,0,-1,-1,0,7259,0,0,6057
136917,1,6,0,-1,-1,0,996,0,0,9033
136918,1,6,0,-1,-1,0,639,0,0,8909
136919,1,6,0,-1,-1,0,639,0,0,8912
136920,1,6,0,-1,-1,0,7786,0,0,6348
136921,1,6,0,-1,-1,0,5180,0,0,5156
136922,1,6,0,-1,-1,0,740,0,0,5158
136923,1,6,0,-1,-1,0,691,0,0,6988
136924,1,6,0,-1,-1,0,8339,0,0,6716
136925,1,6,0,-1,-1,0,8795,0,0,7085
136926,1,6,0,-1,-1,0,8240,0,0,6663
136927,1,6,0,-1,-1,0,8367,0,0,6735
136928,1,6,0,-1,-1,0,10533,0,0,8397
136929,1,6,0,-1,-1,0,10,0,0,8873
136930,1,6,0,-1,-1,0,28609,0,0,8876
136931,1,6,0,-1,-1,0,7782,0,0,6347
136932,1,6,0,-1,-1,0,7827,0,0,6368
136933,1,6,0,-1,-1,0,12063,0,0,10304
136934,1,6,0,-1,-1,0,12059,0,0,10301
136936,1,6,0,0,0,0,545,0,0,9052
136937,1,6,0,-1,-1,0,6416,0,0,5486
136938,1,6,0,-1,-1,0,6778,0,0,8767
136939,1,6,0,-1,-1,0,2090,0,0,8771
136940,1,6,0,-1,-1,0,8936,0,0,8772
136942,1,6,0,-1,-1,0,709,0,0,9219
136944,1,6,0,-1,-1,0,5394,0,0,6650
136945,1,6,0,-1,-1,0,113,0,0,8815
136946,1,6,0,-1,-1,0,3449,0,0,6068
136947,1,6,0,-1,-1,0,7859,0,0,6375
136948,1,6,0,-1,-1,0,7828,0,0,6369
136949,1,6,0,-1,-1,0,11643,0,0,9367
136950,1,6,0,-1,-1,0,5143,0,0,8804
136951,1,6,0,-1,-1,0,5143,0,0,8822
136952,1,6,0,-1,-1,0,3140,0,0,8824
136953,1,6,0,-1,-1,0,10550,0,0,8388
136954,1,6,0,-1,-1,0,1006,0,0,9024
136955,1,6,0,-1,-1,0,1006,0,0,9025
136956,1,6,0,-1,-1,0,7863,0,0,6376
136957,1,6,0,-1,-1,0,2878,0,0,5677
136958,1,6,0,-1,-1,0,1073,0,0,4274
136959,1,6,0,-1,-1,0,606,0,0,4275
136960,1,6,0,-1,-1,0,998,0,0,4276
136961,1,6,0,-1,-1,0,2767,0,0,4279
136962,1,6,0,-1,-1,0,5232,0,0,5155
136963,1,6,0,-1,-1,0,6229,0,0,9220
136964,1,6,0,-1,-1,0,9197,0,0,7450
136965,1,6,0,-1,-1,0,7954,0,0,6475
136966,1,6,0,-1,-1,0,1152,0,0,8817
136967,1,6,0,-1,-1,0,10560,0,0,8389
136968,1,6,0,-1,-1,0,10562,0,0,8390
136969,1,6,0,-1,-1,0,355,0,0,6621
136970,1,6,0,-1,-1,0,8782,0,0,7091
136971,1,6,0,-1,-1,0,9064,0,0,7288
136972,1,6,0,-1,-1,0,9070,0,0,7289
136973,1,6,0,-1,-1,0,2090,0,0,8906
136974,1,6,0,-1,-1,0,8921,0,0,8907
136975,1,6,0,-1,-1,0,5627,0,0,5682
136977,1,6,0,-1,-1,0,7751,0,0,6325
136978,1,6,0,-1,-1,0,596,0,0,4269
136979,1,6,0,-1,-1,0,6131,0,0,8879
136980,1,6,0,-1,-1,0,5143,0,0,8880
136981,1,6,0,-1,-1,0,604,0,0,8821
136982,1,6,0,-1,-1,0,1461,0,0,8883
136983,1,6,0,-1,-1,0,8607,0,0,6892
136984,1,6,0,-1,-1,0,9820,0,0,7982
136985,1,6,0,-1,-1,0,8071,0,0,6648
136986,1,6,0,-1,-1,0,3599,0,0,6649
136987,1,6,0,-1,-1,0,1036,0,0,6133
136988,1,6,0,-1,-1,0,3140,0,0,8877
136989,1,6,0,-1,-1,0,1953,0,0,5647
136990,1,6,0,-1,-1,0,7301,0,0,5648
136992,1,6,0,-1,-1,0,5143,0,0,8898
136993,1,6,0,-1,-1,0,28609,0,0,8899
136994,1,6,0,-1,-1,0,10005,0,0,7993
136995,1,6,0,-1,-1,0,6703,0,0,5787
136996,1,6,0,-1,-1,0,2090,0,0,8778
136997,1,6,0,-1,-1,0,8238,0,0,6661
136998,1,6,0,-1,-1,0,8243,0,0,6672
136999,1,6,0,-1,-1,0,759,0,0,8889
137000,1,6,0,-1,-1,0,7320,0,0,8891
137001,1,6,0,-1,-1,0,6127,0,0,8892
137002,1,6,0,-1,-1,0,604,0,0,8894
137003,1,6,0,-1,-1,0,7630,0,0,6270
137004,1,6,0,-1,-1,0,7629,0,0,6271
137005,1,6,0,-1,-1,0,8793,0,0,7084
137006,1,6,0,-1,-1,0,7257,0,0,6055
137007,1,6,0,-1,-1,0,5506,0,0,5650
137008,1,6,0,-1,-1,0,740,0,0,8775
137009,1,6,0,-1,-1,0,5740,0,0,9204
137010,1,6,0,-1,-1,0,5614,0,0,5673
137011,1,6,0,-1,-1,0,6060,0,0,4284
137012,1,6,0,-1,-1,0,2791,0,0,4285
137013,1,6,0,-1,-1,0,6063,0,0,4270
137014,1,6,0,-1,-1,0,5599,0,0,5680
137016,1,6,0,-1,-1,0,6146,0,0,8886
137017,1,6,0,-1,-1,0,28609,0,0,8887
137018,1,6,0,-1,-1,0,113,0,0,8888
137021,1,6,0,-1,-1,0,9939,0,0,7976
137022,1,6,0,-1,-1,0,8789,0,0,7087
137023,1,6,0,-1,-1,0,8802,0,0,7088
137024,1,6,0,-1,-1,0,8784,0,0,7090
137025,1,6,0,-1,-1,0,8786,0,0,7089
137027,1,6,0,-1,-1,0,2060,0,0,9018
137028,1,6,0,0,0,0,131,0,0,9057
137029,1,6,0,-1,-1,0,5740,0,0,9205
137030,1,6,0,-1,-1,0,8921,0,0,8780
137031,1,6,0,-1,-1,0,139,0,0,8955
137032,1,6,0,-1,-1,0,606,0,0,8958
137033,1,6,0,-1,-1,0,602,0,0,8965
137034,1,6,0,-1,-1,0,706,0,0,1244
137035,1,6,0,-1,-1,0,6063,0,0,8992
137036,1,6,0,-1,-1,0,6063,0,0,8993
137037,1,6,0,-1,-1,0,2791,0,0,9006
137038,1,6,0,-1,-1,0,12066,0,0,10312
137039,1,6,0,-1,-1,0,7322,0,0,8842
137040,1,6,0,-1,-1,0,5145,0,0,8826
137041,1,6,0,-1,-1,0,7322,0,0,8828
137042,1,6,0,-1,-1,0,8921,0,0,8757
137043,1,6,0,-1,-1,0,8936,0,0,8791
137044,1,6,0,-1,-1,0,6141,0,0,8857
137045,1,6,0,-1,-1,0,5179,0,0,8789
137047,1,6,0,-1,-1,0,9811,0,0,7978
137049,1,6,0,-1,-1,0,12064,0,0,10311
137051,1,6,0,-1,-1,0,13868,0,0,11205
137053,1,6,0,-1,-1,0,13464,0,0,11081
137054,1,6,0,0,0,0,131,0,0,9089
137055,1,6,0,0,0,0,131,0,0,9090
137056,1,6,0,-1,-1,0,5602,0,0,8942
137057,1,6,0,-1,-1,0,639,0,0,8922
137058,1,6,0,-1,-1,0,12607,0,0,10603
137059,1,6,0,0,0,0,2866,0,0,4186
137063,1,6,0,-1,-1,0,113,0,0,8829
137064,1,6,0,-1,-1,0,28609,0,0,8830
137065,1,6,0,-1,-1,0,639,0,0,8931
137066,1,6,0,-1,-1,0,602,0,0,8963
137067,1,6,0,-1,-1,0,11453,0,0,9293
137068,1,6,0,-1,-1,0,9980,0,0,7987
137069,1,6,0,-1,-1,0,10516,0,0,8409
137070,1,6,0,-1,-1,0,1006,0,0,8997
137071,1,6,0,-1,-1,0,2138,0,0,8859
137073,1,6,0,-1,-1,0,10013,0,0,8030
137075,1,6,0,0,0,0,915,0,0,9072
137076,1,6,0,0,0,0,915,0,0,9073
137077,1,6,0,-1,-1,0,13646,0,0,11163
137078,1,6,0,0,0,0,951,0,0,9157
137080,1,6,0,-1,-1,0,13933,0,0,11224
137081,1,6,0,0,0,0,3599,0,0,9039
137082,1,6,0,0,0,0,923,0,0,9131
137083,1,6,0,0,0,0,951,0,0,9132
137084,1,6,0,0,0,0,951,0,0,9134
137085,1,6,0,-1,-1,0,996,0,0,8988
137086,1,6,0,0,0,0,548,0,0,9075
137088,1,6,0,0,0,0,905,0,0,9069
137089,1,6,0,-1,-1,0,12062,0,0,10303
137090,1,6,0,-1,-1,0,759,0,0,8861
137091,1,6,0,-1,-1,0,6146,0,0,8864
137092,1,6,0,-1,-1,0,6780,0,0,8784
137093,1,6,0,-1,-1,0,2090,0,0,8785
137094,1,6,0,-1,-1,0,740,0,0,8786
137095,1,6,0,-1,-1,0,13841,0,0,11203
137096,1,6,0,0,0,0,6365,0,0,5712
137097,1,6,0,-1,-1,0,2096,0,0,8967
137098,1,6,0,-1,-1,0,3747,0,0,8968
137099,1,6,0,-1,-1,0,2060,0,0,9015
137100,1,6,0,-1,-1,0,8366,0,0,6734
137101,1,6,0,-1,-1,0,639,0,0,8921
137102,1,6,0,-1,-1,0,10,0,0,8896
137103,1,6,0,0,0,0,905,0,0,9066
137104,1,6,0,0,0,0,905,0,0,9067
137105,1,6,0,-1,-1,0,602,0,0,8966
137107,1,6,0,-1,-1,0,5740,0,0,9221
137108,1,6,0,-1,-1,0,5740,0,0,9222
137109,1,6,0,-1,-1,0,8936,0,0,8800
137110,1,6,0,-1,-1,0,28609,0,0,8874
137111,1,6,0,0,0,0,943,0,0,9169
137112,1,6,0,0,0,0,943,0,0,9127
137113,1,6,0,0,0,0,943,0,0,9128
137114,1,6,0,-1,-1,0,9952,0,0,7985
137115,1,6,0,-1,-1,0,9972,0,0,7986
137116,1,6,0,0,0,0,421,0,0,9085
137117,1,6,0,0,0,0,945,0,0,9137
137118,1,6,0,-1,-1,0,3844,0,0,4346
137119,1,6,0,0,0,0,2610,0,0,4174
137120,1,6,0,0,0,0,951,0,0,4184
137121,1,6,0,-1,-1,0,9202,0,0,7451
137123,1,6,0,0,0,0,923,0,0,9081
137124,1,6,0,-1,-1,0,5627,0,0,8938
137125,1,6,0,-1,-1,0,639,0,0,8940
137126,1,6,0,-1,-1,0,6074,0,0,8976
137127,1,6,0,-1,-1,0,6077,0,0,8977
137128,1,6,0,-1,-1,0,12587,0,0,10601
137131,1,6,0,-1,-1,0,10844,0,0,8547
137132,1,6,0,0,0,0,951,0,0,9156
137133,1,6,0,-1,-1,0,28609,0,0,8847
137134,1,6,0,-1,-1,0,6146,0,0,8848
137139,1,6,0,0,0,0,315,0,0,9040
137140,1,6,0,-1,-1,0,9966,0,0,7991
137141,1,6,0,-1,-1,0,5196,0,0,8900
137143,1,6,0,-1,-1,0,996,0,0,9009
137144,1,6,0,-1,-1,0,6063,0,0,8972
137145,1,6,0,-1,-1,0,10009,0,0,8028
137146,1,6,0,0,0,0,951,0,0,9135
137147,1,6,0,-1,-1,0,688,0,0,6516
137148,1,6,0,0,0,0,3599,0,0,9038
137149,1,6,0,-1,-1,0,7320,0,0,8865
137150,1,6,0,-1,-1,0,113,0,0,8866
137151,1,6,0,-1,-1,0,7322,0,0,8867
137152,1,6,0,-1,-1,0,7935,0,0,6454
137153,1,6,0,-1,-1,0,778,0,0,8764
137157,1,6,0,-1,-1,0,709,0,0,4214
137158,1,6,0,0,0,0,905,0,0,9070
137160,1,6,0,-1,-1,0,5145,0,0,8885
137161,1,6,0,-1,-1,0,2138,0,0,8841
137163,1,6,0,0,0,0,951,0,0,9096
137164,1,6,0,0,0,0,951,0,0,9097
137166,1,6,0,-1,-1,0,996,0,0,9010
137167,1,6,0,0,0,0,370,0,0,9048
137168,1,6,0,-1,-1,0,6060,0,0,8983
137169,1,6,0,-1,-1,0,8936,0,0,8781
137171,1,6,0,-1,-1,0,11458,0,0,9294
137172,1,6,0,-1,-1,0,11466,0,0,9296
137173,1,6,0,0,0,0,421,0,0,9086
137174,1,6,0,0,0,0,943,0,0,9125
137175,1,6,0,0,0,0,943,0,0,9126
137176,1,6,0,-1,-1,0,9208,0,0,7453
137177,1,6,0,-1,-1,0,13522,0,0,11098
137178,1,6,0,-1,-1,0,10,0,0,5649
137179,1,6,0,-1,-1,0,6127,0,0,8868
137180,1,6,0,-1,-1,0,1006,0,0,9026
137181,1,6,0,-1,-1,0,1006,0,0,9027
137182,1,6,0,-1,-1,0,2812,0,0,8945
137183,1,6,0,-1,-1,0,8921,0,0,8761
137184,1,6,0,-1,-1,0,11456,0,0,10644
137185,1,6,0,-1,-1,0,13687,0,0,11167
137186,1,6,0,0,0,0,943,0,0,9176
137187,1,6,0,0,0,0,945,0,0,9181
137188,1,6,0,-1,-1,0,12086,0,0,10463
137190,1,6,0,-1,-1,0,980,0,0,9194
137191,1,6,0,-1,-1,0,12087,0,0,10322
137192,1,6,0,-1,-1,0,12090,0,0,10324
137193,1,6,0,-1,-1,0,6077,0,0,8978
137194,1,6,0,0,0,0,945,0,0,9102
137195,1,6,0,0,0,0,945,0,0,9105
137196,1,6,0,-1,-1,0,9513,0,0,7678
137197,1,6,0,-1,-1,0,7766,0,0,6344
137198,1,6,0,-1,-1,0,10509,0,0,8385
137199,1,6,0,-1,-1,0,6141,0,0,8832
137200,1,6,0,-1,-1,0,10,0,0,8833
137201,1,6,0,-1,-1,0,604,0,0,8834
137202,1,6,0,-1,-1,0,8926,0,0,8777
137204,1,6,0,-1,-1,0,5145,0,0,8849
137205,1,6,0,-1,-1,0,6127,0,0,8850
137206,1,6,0,-1,-1,0,3971,0,0,7742
137207,1,6,0,-1,-1,0,3494,0,0,10858
137208,1,6,0,0,0,0,915,0,0,9094
137209,1,6,0,-1,-1,0,6063,0,0,8996
137210,1,6,0,0,0,0,899,0,0,9064
137211,1,6,0,-1,-1,0,5615,0,0,8929
137212,1,6,0,-1,-1,0,1034,0,0,8946
137213,1,6,0,0,0,0,943,0,0,9123
137214,1,6,0,-1,-1,0,639,0,0,8919
137215,1,6,0,-1,-1,0,639,0,0,8920
137216,1,6,0,0,0,0,951,0,0,9183
137217,1,6,0,-1,-1,0,5740,0,0,9203
137218,1,6,0,0,0,0,324,0,0,9044
137219,1,6,0,0,0,0,943,0,0,9145
137220,1,6,0,0,0,0,943,0,0,9146
137221,1,6,0,0,0,0,945,0,0,9100
137222,1,6,0,-1,-1,0,5615,0,0,8947
137223,1,6,0,0,0,0,951,0,0,9160
137224,1,6,0,-1,-1,0,11477,0,0,9300
137225,1,6,0,0,0,0,548,0,0,9074
137226,1,6,0,-1,-1,0,7258,0,0,6056
137229,1,6,0,-1,-1,0,13898,0,0,11207
137230,1,6,0,0,0,0,545,0,0,9051
137232,1,6,0,-1,-1,0,2791,0,0,9005
137233,1,6,0,0,0,0,548,0,0,9055
137234,1,6,0,0,0,0,548,0,0,9056
137235,1,6,0,0,0,0,945,0,0,9101
137236,1,6,0,-1,-1,0,9195,0,0,7449
137237,1,6,0,0,0,0,548,0,0,9184
137238,1,6,0,-1,-1,0,996,0,0,8986
137239,1,6,0,0,0,0,951,0,0,9161
137240,1,6,0,-1,-1,0,6778,0,0,8774
137241,1,6,0,0,0,0,923,0,0,9078
137242,1,6,0,0,0,0,923,0,0,9080
137243,1,6,0,0,0,0,923,0,0,9082
137244,1,6,0,0,0,0,923,0,0,9083
137245,1,6,0,0,0,0,421,0,0,9084
137246,1,6,0,-1,-1,0,8936,0,0,8759
137247,1,6,0,-1,-1,0,12091,0,0,10325
137248,1,6,0,-1,-1,0,12093,0,0,10326
137249,1,6,0,-1,-1,0,9148,0,0,7363
137250,1,6,0,0,0,0,131,0,0,9091
137252,1,6,0,-1,-1,0,6063,0,0,8994
137253,1,6,0,0,0,0,915,0,0,9071
137254,1,6,0,-1,-1,0,6063,0,0,8971
137255,1,6,0,-1,-1,0,6063,0,0,8970
137256,1,6,0,-1,-1,0,1006,0,0,8975
137257,1,6,0,-1,-1,0,543,0,0,8897
137258,1,6,0,-1,-1,0,996,0,0,9031
137259,1,6,0,-1,-1,0,996,0,0,9032
137260,1,6,0,-1,-1,0,8936,0,0,8756
137261,1,6,0,-1,-1,0,639,0,0,8914
137262,1,6,0,-1,-1,0,9979,0,0,7988
137263,1,6,0,-1,-1,0,10,0,0,8858
137264,1,6,0,-1,-1,0,8936,0,0,8765
137266,1,6,0,-1,-1,0,10,0,0,8818
137267,1,6,0,-1,-1,0,28609,0,0,8819
137268,1,6,0,-1,-1,0,543,0,0,8820
137270,1,6,0,-1,-1,0,5179,0,0,8787
137272,1,6,0,-1,-1,0,13655,0,0,11165
137274,1,6,0,0,0,0,131,0,0,9092
137275,1,6,0,0,0,0,945,0,0,9180
137276,1,6,0,-1,-1,0,12060,0,0,10302
137277,1,6,0,-1,-1,0,12614,0,0,10604
137278,1,6,0,-1,-1,0,5234,0,0,8902
137279,1,6,0,-1,-1,0,8926,0,0,8904
137280,1,6,0,-1,-1,0,8936,0,0,8905
137281,1,6,0,-1,-1,0,996,0,0,9008
137282,1,6,0,-1,-1,0,5234,0,0,8776
137283,1,6,0,-1,-1,0,6219,0,0,9231
137285,1,6,0,-1,-1,0,1461,0,0,8852
137286,1,6,0,-1,-1,0,113,0,0,8854
137287,1,6,0,-1,-1,0,7322,0,0,8856
137288,1,6,0,-1,-1,0,11473,0,0,9302
137289,1,6,0,-1,-1,0,11479,0,0,9304
137290,1,6,0,0,0,0,421,0,0,9087
137291,1,6,0,-1,-1,0,8926,0,0,8903
137292,1,6,0,-1,-1,0,1152,0,0,8908
137293,1,6,0,-1,-1,0,9273,0,0,7561
137294,1,6,0,-1,-1,0,996,0,0,4286
137295,1,6,0,-1,-1,0,8368,0,0,6736
137296,1,6,0,-1,-1,0,13536,0,0,11101
137297,1,6,0,-1,-1,0,9149,0,0,7364
137299,1,6,0,0,0,0,915,0,0,9095
137300,1,6,0,0,0,0,951,0,0,9098
137301,1,6,0,-1,-1,0,3472,0,0,8933
137302,1,6,0,-1,-1,0,639,0,0,8934
137303,1,6,0,-1,-1,0,996,0,0,9007
137304,1,6,0,-1,-1,0,12615,0,0,10605
137305,1,6,0,-1,-1,0,12616,0,0,10606
137306,1,6,0,-1,-1,0,12620,0,0,10608
137308,1,6,0,-1,-1,0,755,0,0,9198
137309,1,6,0,-1,-1,0,6213,0,0,9208
137310,1,6,0,-1,-1,0,6213,0,0,9209
137311,1,6,0,-1,-1,0,996,0,0,8991
137313,1,6,0,-1,-1,0,6226,0,0,9229
137314,1,6,0,0,0,0,943,0,0,9147
137315,1,6,0,-1,-1,0,1088,0,0,9226
137316,1,6,0,-1,-1,0,6226,0,0,9227
137317,1,6,0,0,0,0,945,0,0,9162
137318,1,6,0,0,0,0,945,0,0,9163
137321,1,6,0,-1,-1,0,12597,0,0,10602
137322,1,6,0,-1,-1,0,12047,0,0,10316
137323,1,6,0,-1,-1,0,12084,0,0,10320
137324,1,6,0,0,0,0,945,0,0,4175
137325,1,6,0,-1,-1,0,3773,0,0,4299
137326,1,6,0,-1,-1,0,10568,0,0,8401
137327,1,6,0,-1,-1,0,13689,0,0,11168
137328,1,6,0,-1,-1,0,2060,0,0,9016
137329,1,6,0,-1,-1,0,639,0,0,8913
137330,1,6,0,-1,-1,0,639,0,0,8916
137333,1,6,0,0,0,0,3599,0,0,9047
137334,1,6,0,-1,-1,0,28609,0,0,8825
137335,1,6,0,0,0,0,923,0,0,9188
137336,1,6,0,-1,-1,0,689,0,0,9200
137337,1,6,0,-1,-1,0,6213,0,0,9207
137338,1,6,0,-1,-1,0,9964,0,0,7989
137339,1,6,0,-1,-1,0,996,0,0,9021
137340,1,6,0,0,0,0,529,0,0,9037
137341,1,6,0,-1,-1,0,12078,0,0,10315
137342,1,6,0,-1,-1,0,12080,0,0,10317
137343,1,6,0,-1,-1,0,5179,0,0,5151
137344,1,6,0,-1,-1,0,16645,0,0,12685
137346,1,6,0,-1,-1,0,1714,0,0,9191
137347,1,6,0,-1,-1,0,172,0,0,9192
137348,1,6,0,0,0,0,923,0,0,9129
137349,1,6,0,0,0,0,899,0,0,9063
137350,1,6,0,-1,-1,0,2791,0,0,8981
137351,1,6,0,-1,-1,0,2791,0,0,8982
137352,1,6,0,-1,-1,0,10529,0,0,8403
137353,1,6,0,-1,-1,0,10546,0,0,8405
137354,1,6,0,-1,-1,0,3140,0,0,8851
137355,1,6,0,-1,-1,0,3495,0,0,3867
137356,1,6,0,-1,-1,0,9970,0,0,7990
137357,1,6,0,-1,-1,0,7953,0,0,6474
137358,1,6,0,-1,-1,0,10572,0,0,8407
137359,1,6,0,0,0,0,943,0,0,9171
137360,1,6,0,0,0,0,943,0,0,9174
137361,1,6,0,0,0,0,945,0,0,9177
137364,1,6,0,0,0,0,899,0,0,1588
137365,1,6,0,0,0,0,945,0,0,9168
137366,1,6,0,0,0,0,943,0,0,9170
137368,1,6,0,-1,-1,0,11454,0,0,10713
137369,1,6,0,-1,-1,0,639,0,0,8943
137370,1,6,0,0,0,0,1075,0,0,8782
137371,1,6,0,0,0,0,951,0,0,9150
137372,1,6,0,0,0,0,951,0,0,9152
137373,1,6,0,0,0,0,945,0,0,9165
137374,1,6,0,-1,-1,0,6076,0,0,8969
137375,1,6,0,0,0,0,3599,0,0,9045
137376,1,6,0,0,0,0,3599,0,0,9046
137377,1,6,0,0,0,0,951,0,0,9158
137378,1,6,0,0,0,0,951,0,0,9159
137379,1,6,0,-1,-1,0,759,0,0,8840
137380,1,6,0,-1,-1,0,3765,0,0,7360
137381,1,6,0,-1,-1,0,9146,0,0,7361
137382,1,6,0,-1,-1,0,9147,0,0,7362
137383,1,6,0,-1,-1,0,3854,0,0,7114
137384,1,6,0,0,0,0,945,0,0,9178
137386,1,6,0,0,0,0,959,0,0,5716
137387,1,6,0,0,0,0,923,0,0,9079
137388,1,6,0,-1,-1,0,2053,0,0,1102
137390,1,6,0,-1,-1,0,16744,0,0,12726
137391,1,6,0,-1,-1,0,16745,0,0,12727
137392,1,6,0,-1,-1,0,6129,0,0,8853
137393,1,6,0,-1,-1,0,11480,0,0,9305
137394,1,6,0,0,0,0,2871,0,0,1063
137395,1,6,0,-1,-1,0,6222,0,0,4203
137399,1,6,0,-1,-1,0,17560,0,0,13483
137400,1,6,0,-1,-1,0,15910,0,0,12240
137403,1,6,0,-1,-1,0,13380,0,0,11038
137404,1,6,0,-1,-1,0,12081,0,0,10318
137405,1,6,0,-1,-1,0,3140,0,0,8890
137406,1,6,0,-1,-1,0,18247,0,0,13949
137407,1,6,0,-1,-1,0,18418,0,0,14482
137408,1,6,0,-1,-1,0,18419,0,0,14483
137409,1,6,0,-1,-1,0,18420,0,0,14484
137410,1,6,0,-1,-1,0,18423,0,0,14488
137411,1,6,0,-1,-1,0,18414,0,0,14478
137412,1,6,0,-1,-1,0,16985,0,0,12830
137413,1,6,0,-1,-1,0,3928,0,0,4408
137414,1,6,0,0,0,0,5394,0,0,5697
137415,1,6,0,-1,-1,0,9950,0,0,7984
137416,1,6,0,-1,-1,0,17561,0,0,13484
137417,1,6,0,-1,-1,0,18415,0,0,14479
137418,1,6,0,-1,-1,0,18416,0,0,14480
137419,1,6,0,-1,-1,0,16986,0,0,12831
137420,1,6,0,-1,-1,0,16988,0,0,12833
137422,1,6,0,-1,-1,0,16654,0,0,12695
137423,1,6,0,-1,-1,0,15292,0,0,11610
137424,1,6,0,-1,-1,0,15294,0,0,11611
137425,1,6,0,-1,-1,0,6131,0,0,3101
137426,1,6,0,0,0,0,945,0,0,9182
137427,1,6,0,-1,-1,0,15293,0,0,11614
137428,1,6,0,-1,-1,0,11472,0,0,9298
137429,1,6,0,-1,-1,0,2812,0,0,8935
137430,1,6,0,-1,-1,0,996,0,0,9034
137431,1,6,0,-1,-1,0,13419,0,0,11039
137432,1,6,0,0,0,0,951,0,0,9151
137434,1,6,0,-1,-1,0,13846,0,0,11204
137435,1,6,0,-1,-1,0,18455,0,0,14510
137436,1,6,0,-1,-1,0,16725,0,0,12713
137437,1,6,0,-1,-1,0,15296,0,0,11612
137438,1,6,0,-1,-1,0,755,0,0,9199
137439,1,6,0,-1,-1,0,16746,0,0,12728
137440,1,6,0,-1,-1,0,600,0,0,3122
137441,1,6,0,-1,-1,0,12056,0,0,10300
137442,1,6,0,-1,-1,0,2542,0,0,2697
137443,1,6,0,-1,-1,0,15633,0,0,11827
137445,1,6,0,-1,-1,0,2006,0,0,1090
137448,1,6,0,-1,-1,0,18245,0,0,13947
137449,1,6,0,-1,-1,0,17566,0,0,13489
137451,1,6,0,-1,-1,0,15973,0,0,12261
137452,1,6,0,0,0,0,548,0,0,9077
137453,1,6,0,-1,-1,0,543,0,0,8843
137454,1,6,0,0,0,0,2870,0,0,1036
137457,1,6,0,0,0,0,951,0,0,9099
137458,1,6,0,-1,-1,0,17555,0,0,13479
137459,1,6,0,-1,-1,0,16990,0,0,12834
137461,1,6,0,-1,-1,0,16973,0,0,12824
137462,1,6,0,-1,-1,0,16991,0,0,12835
137463,1,6,0,-1,-1,0,16667,0,0,12696
137464,1,6,0,-1,-1,0,16660,0,0,12698
137465,1,6,0,-1,-1,0,16992,0,0,12836
137467,1,6,0,-1,-1,0,6778,0,0,8901
137468,1,6,0,-1,-1,0,2060,0,0,9001
137469,1,6,0,-1,-1,0,10531,0,0,8387
137470,1,6,0,-1,-1,0,6134,0,0,980
137472,1,6,0,-1,-1,0,12624,0,0,10609
137475,1,6,0,-1,-1,0,17557,0,0,13481
137476,1,6,0,-1,-1,0,17559,0,0,13482
137477,1,6,0,-1,-1,0,18238,0,0,13939
137478,1,6,0,-1,-1,0,16978,0,0,12825
137479,1,6,0,-1,-1,0,17571,0,0,13491
137480,1,6,0,-1,-1,0,16659,0,0,12702
137481,1,6,0,-1,-1,0,2893,0,0,1332
137482,1,6,0,-1,-1,0,8921,0,0,8798
137483,1,6,0,-1,-1,0,10574,0,0,8408
137484,1,6,0,-1,-1,0,16993,0,0,12837
137485,1,6,0,-1,-1,0,5145,0,0,8862
137486,1,6,0,-1,-1,0,6417,0,0,5487
137489,1,6,0,-1,-1,0,8797,0,0,7086
137490,1,6,0,-1,-1,0,15628,0,0,11828
137493,1,6,0,-1,-1,0,639,0,0,8911
137495,1,6,0,0,0,0,943,0,0,9148
137496,1,6,0,-1,-1,0,770,0,0,8790
137497,1,6,0,0,0,0,945,0,0,9104
137498,1,6,0,-1,-1,0,6778,0,0,8783
137499,1,6,0,-1,-1,0,8926,0,0,8763
137500,1,6,0,-1,-1,0,5267,0,0,5130
137501,1,6,0,-1,-1,0,3498,0,0,12164
137502,1,6,0,-1,-1,0,17637,0,0,13521
137503,1,6,0,-1,-1,0,17638,0,0,13522
137504,1,6,0,-1,-1,0,3957,0,0,13308
137505,1,6,0,-1,-1,0,3979,0,0,13310
137507,1,6,0,-1,-1,0,604,0,0,8813
137508,1,6,0,-1,-1,0,639,0,0,8915
137510,1,6,0,-1,-1,0,28609,0,0,8875
137511,1,6,0,-1,-1,0,16662,0,0,12704
137512,1,6,0,0,0,0,545,0,0,9049
137513,1,6,0,-1,-1,0,3492,0,0,12162
137515,1,6,0,-1,-1,0,16644,0,0,12684
137516,1,6,0,-1,-1,0,17564,0,0,13487
137518,1,6,0,-1,-1,0,639,0,0,8910
137519,1,6,0,-1,-1,0,707,0,0,9190
137520,1,6,0,-1,-1,0,205,0,0,8810
137521,1,6,0,-1,-1,0,16663,0,0,12705
137522,1,6,0,-1,-1,0,5138,0,0,9211
137523,1,6,0,0,0,0,945,0,0,9167
137524,1,6,0,0,0,0,943,0,0,9175
137525,1,6,0,0,0,0,915,0,0,9093
137526,1,6,0,-1,-1,0,996,0,0,8989
137527,1,6,0,-1,-1,0,16650,0,0,12691
137528,1,6,0,-1,-1,0,16651,0,0,12692
137529,1,6,0,-1,-1,0,16652,0,0,12693
137530,1,6,0,-1,-1,0,16653,0,0,12694
137531,1,6,0,-1,-1,0,16726,0,0,12714
137532,1,6,0,-1,-1,0,16730,0,0,12715
137533,1,6,0,-1,-1,0,996,0,0,8990
137534,1,6,0,-1,-1,0,18448,0,0,14507
137535,1,6,0,-1,-1,0,16647,0,0,12688
137536,1,6,0,-1,-1,0,3451,0,0,3831
137537,1,6,0,-1,-1,0,8921,0,0,8768
137538,1,6,0,-1,-1,0,15861,0,0,12231
137539,1,6,0,-1,-1,0,996,0,0,9035
137541,1,6,0,-1,-1,0,15295,0,0,11615
137542,1,6,0,-1,-1,0,851,0,0,4146
137543,1,6,0,-1,-1,0,13653,0,0,11164
137544,1,6,0,-1,-1,0,13947,0,0,11226
137545,1,6,0,-1,-1,0,12089,0,0,10323
137546,1,6,0,-1,-1,0,9933,0,0,7975
137547,1,6,0,-1,-1,0,16971,0,0,12823
137548,1,6,0,-1,-1,0,16643,0,0,12683
137549,1,6,0,-1,-1,0,15935,0,0,12226
137550,1,6,0,-1,-1,0,15856,0,0,12229
137551,1,6,0,0,0,0,945,0,0,9103
137552,1,6,0,-1,-1,0,7222,0,0,6045
137553,1,6,0,-1,-1,0,6693,0,0,5774
137554,1,6,0,-1,-1,0,8895,0,0,7192
137555,1,6,0,-1,-1,0,602,0,0,4266
137556,1,6,0,-1,-1,0,7133,0,0,5972
137557,1,6,0,-1,-1,0,6069,0,0,4277
137558,1,6,0,-1,-1,0,996,0,0,9022
137559,1,6,0,-1,-1,0,17632,0,0,13517
137560,1,6,0,-1,-1,0,17634,0,0,13518
137561,1,6,0,-1,-1,0,18246,0,0,13948
137562,1,6,0,-1,-1,0,18456,0,0,14512
137563,1,6,0,-1,-1,0,18458,0,0,14514
137564,1,6,0,-1,-1,0,3496,0,0,12163
137565,1,6,0,-1,-1,0,17553,0,0,13477
137566,1,6,0,-1,-1,0,16646,0,0,12687
137567,1,6,0,-1,-1,0,16648,0,0,12689
137568,1,6,0,-1,-1,0,15906,0,0,12239
137569,1,6,0,-1,-1,0,604,0,0,8855
137570,1,6,0,-1,-1,0,2138,0,0,8823
137571,1,6,0,-1,-1,0,16741,0,0,12720
137572,1,6,0,-1,-1,0,6217,0,0,5723
137573,1,6,0,0,0,0,370,0,0,9050
137574,1,6,0,-1,-1,0,2060,0,0,9013
137575,1,6,0,-1,-1,0,2791,0,0,9004
137577,1,6,0,-1,-1,0,12083,0,0,10319
137578,1,6,0,-1,-1,0,17562,0,0,13485
137579,1,6,0,-1,-1,0,18452,0,0,14509
137580,1,6,0,-1,-1,0,11476,0,0,9301
137582,1,6,0,-1,-1,0,16664,0,0,12706
137583,1,6,0,0,0,0,923,0,0,9130
137585,1,6,0,-1,-1,0,1454,0,0,3143
137586,1,6,0,-1,-1,0,15596,0,0,11813
137587,1,6,0,-1,-1,0,18242,0,0,13943
137588,1,6,0,-1,-1,0,18450,0,0,14505
137589,1,6,0,-1,-1,0,18451,0,0,14506
137590,1,6,0,-1,-1,0,602,0,0,8964
137591,1,6,0,-1,-1,0,3472,0,0,8941
137592,1,6,0,-1,-1,0,996,0,0,9020
137593,1,6,0,-1,-1,0,996,0,0,8987
137596,1,6,0,0,0,0,905,0,0,9068
137597,1,6,0,-1,-1,0,3397,0,0,3734
137598,1,6,0,-1,-1,0,16980,0,0,12826
137599,1,6,0,-1,-1,0,16983,0,0,12827
137600,1,6,0,-1,-1,0,16984,0,0,12828
137601,1,6,0,-1,-1,0,16728,0,0,12716
137602,1,6,0,-1,-1,0,16729,0,0,12717
137603,1,6,0,-1,-1,0,16960,0,0,12816
137604,1,6,0,-1,-1,0,16965,0,0,12817
137605,1,6,0,-1,-1,0,16970,0,0,12821
137606,1,6,0,-1,-1,0,18243,0,0,13945
137607,1,6,0,-1,-1,0,18411,0,0,14474
137608,1,6,0,-1,-1,0,7793,0,0,6349
137609,1,6,0,-1,-1,0,19088,0,0,15762
137610,1,6,0,-1,-1,0,19792,0,0,16043
137611,1,6,0,-1,-1,0,3857,0,0,14630
137614,1,6,0,-1,-1,0,18412,0,0,14476
137616,1,6,0,-1,-1,0,21562,0,0,17413
137617,1,6,0,-1,-1,0,19082,0,0,15756
137618,1,6,0,-1,-1,0,19833,0,0,16056
137619,1,6,0,-1,-1,0,6518,0,0,5543
137620,1,6,0,0,0,0,548,0,0,9076
137621,1,6,0,-1,-1,0,19049,0,0,15725
137624,1,6,0,-1,-1,0,19814,0,0,16046
137625,1,6,0,-1,-1,0,19795,0,0,16047
137626,1,6,0,-1,-1,0,20855,0,0,17025
137631,1,6,0,-1,-1,0,19796,0,0,16048
137632,1,6,0,-1,-1,0,19076,0,0,15749
137633,1,6,0,-1,-1,0,19072,0,0,15745
137634,1,6,0,-1,-1,0,19073,0,0,15746
137635,1,6,0,-1,-1,0,19089,0,0,15763
137638,1,6,0,-1,-1,0,19078,0,0,15752
137639,1,6,0,-1,-1,0,3869,0,0,14627
137640,1,6,0,-1,-1,0,19091,0,0,15765
137641,1,6,0,-1,-1,0,1457,0,0,4219
137642,1,6,0,-1,-1,0,3778,0,0,14635
137643,1,6,0,-1,-1,0,17565,0,0,13488
137644,1,6,0,-1,-1,0,19097,0,0,15772
137645,1,6,0,-1,-1,0,20011,0,0,16251
137646,1,6,0,-1,-1,0,4096,0,0,13287
137648,1,6,0,-1,-1,0,18438,0,0,14491
137649,1,6,0,-1,-1,0,18437,0,0,14492
137650,1,6,0,-1,-1,0,18436,0,0,14493
137651,1,6,0,-1,-1,0,18405,0,0,14468
137653,1,6,0,-1,-1,0,19100,0,0,15774
137654,1,6,0,-1,-1,0,19102,0,0,15776
137656,1,6,0,-1,-1,0,17570,0,0,13490
137657,1,6,0,-1,-1,0,17572,0,0,13492
137658,1,6,0,-1,-1,0,15865,0,0,12233
137660,1,6,0,-1,-1,0,18439,0,0,14494
137662,1,6,0,-1,-1,0,18403,0,0,14466
137663,1,6,0,-1,-1,0,13612,0,0,11150
137664,1,6,0,-1,-1,0,17575,0,0,13495
137665,1,6,0,-1,-1,0,17576,0,0,13496
137666,1,6,0,-1,-1,0,19103,0,0,15777
137669,0,1,0,-1,-1,0,0,0,0,16680
137672,1,6,0,0,0,0,1075,0,0,8769
137673,1,6,0,-1,-1,0,8926,0,0,8770
137674,1,6,0,-1,-1,0,18445,0,0,14499
137675,1,6,0,-1,-1,0,18406,0,0,14469
137676,1,6,0,-1,-1,0,17577,0,0,13497
137677,1,6,0,-1,-1,0,18441,0,0,14495
137678,1,6,0,-1,-1,0,19052,0,0,15728
137683,1,6,0,-1,-1,0,19060,0,0,15733
137684,1,6,0,-1,-1,0,19061,0,0,15734
137685,1,6,0,-1,-1,0,19062,0,0,15735
137686,1,6,0,-1,-1,0,19079,0,0,15753
137687,1,6,0,-1,-1,0,16656,0,0,12697
137688,1,6,0,-1,-1,0,16661,0,0,12703
137689,1,6,0,-1,-1,0,16724,0,0,12711
137692,1,6,0,-1,-1,0,17574,0,0,13494
137694,1,6,0,-1,-1,0,18407,0,0,14470
137695,1,6,0,-1,-1,0,19050,0,0,15726
137696,1,6,0,-1,-1,0,20874,0,0,17051
137697,1,6,0,-1,-1,0,20873,0,0,17053
137698,1,6,0,-1,-1,0,19063,0,0,15737
137700,1,6,0,-1,-1,0,2893,0,0,8760
137702,1,6,0,-1,-1,0,12075,0,0,10314
137703,1,6,0,-1,-1,0,4097,0,0,13288
137705,1,6,0,-1,-1,0,18409,0,0,14472
137706,1,6,0,-1,-1,0,19051,0,0,15727
137710,1,6,0,-1,-1,0,18239,0,0,13940
137713,1,6,0,-1,-1,0,13931,0,0,11223
137718,1,6,0,-1,-1,0,18434,0,0,14490
137720,1,6,0,-1,-1,0,18442,0,0,14496
137721,1,6,0,-1,-1,0,18440,0,0,14497
137724,1,6,0,-1,-1,0,19081,0,0,15755
137726,1,6,0,-1,-1,0,13945,0,0,11225
137727,1,6,0,-1,-1,0,3969,0,0,13311
137728,1,6,0,-1,-1,0,18244,0,0,13946
137731,1,6,0,-1,-1,0,19075,0,0,15748
137732,1,6,0,-1,-1,0,17578,0,0,13499
137733,1,6,0,-1,-1,0,18404,0,0,14467
137735,1,6,0,-1,-1,0,3454,0,0,14634
137737,1,6,0,-1,-1,0,19819,0,0,16052
137738,1,6,0,-1,-1,0,19830,0,0,16054
137739,1,6,0,-1,-1,0,19092,0,0,15768
137740,1,6,0,-1,-1,0,19093,0,0,15769
137743,1,6,0,-1,-1,0,19084,0,0,15758
137744,1,6,0,-1,-1,0,19085,0,0,15759
137745,1,6,0,-1,-1,0,19086,0,0,15760
137746,1,6,0,-1,-1,0,19048,0,0,15724
137750,1,6,0,-1,-1,0,3503,0,0,6047
137753,1,6,0,-1,-1,0,17187,0,0,12958
137754,1,6,0,-1,-1,0,19054,0,0,15730
137755,1,6,0,-1,-1,0,19059,0,0,15732
137756,1,6,0,-1,-1,0,19799,0,0,16049
137757,1,6,0,-1,-1,0,19800,0,0,16051
137758,1,6,0,-1,-1,0,19793,0,0,16044
137759,1,6,0,-1,-1,0,19794,0,0,16045
137760,1,6,0,-1,-1,0,19087,0,0,15761
137762,1,6,0,-1,-1,0,20017,0,0,16217
137763,1,6,0,-1,-1,0,20036,0,0,16249
137764,1,6,0,-1,-1,0,16969,0,0,12819
137766,1,6,0,-1,-1,0,16731,0,0,12718
137767,1,6,0,-1,-1,0,16995,0,0,12839
137768,1,6,0,-1,-1,0,20030,0,0,16247
137769,1,6,0,-1,-1,0,21931,0,0,17725
137770,1,6,0,-1,-1,0,22866,0,0,18414
137772,1,6,0,-1,-1,0,20876,0,0,17052
137773,1,6,0,-1,-1,0,21560,0,0,17412
137774,1,6,0,-1,-1,0,20853,0,0,17022
137775,1,6,0,-1,-1,0,18410,0,0,14473
137776,1,6,0,-1,-1,0,19095,0,0,15771
137777,1,6,0,-1,-1,0,22704,0,0,18235
137778,1,6,0,-1,-1,0,20035,0,0,16255
137779,1,6,0,-1,-1,0,19055,0,0,15731
137780,1,6,0,-1,-1,0,17556,0,0,13480
137781,1,6,0,-1,-1,0,17635,0,0,13519
137784,1,6,0,-1,-1,0,18457,0,0,14513
137785,1,6,0,-1,-1,0,23507,0,0,19027
137786,1,6,0,-1,-1,0,23664,0,0,19216
137787,1,6,0,-1,-1,0,23069,0,0,18650
137788,1,6,0,-1,-1,0,19071,0,0,15744
137789,1,6,0,-1,-1,0,20897,0,0,17060
137790,1,6,0,-1,-1,0,20028,0,0,16242
137791,1,6,0,-1,-1,0,19825,0,0,16053
137792,1,6,0,-1,-1,0,21564,0,0,17414
137794,1,6,0,-1,-1,0,19066,0,0,15740
137795,1,6,0,-1,-1,0,19067,0,0,15741
137796,1,6,0,-1,-1,0,20013,0,0,16244
137797,1,6,0,-1,-1,0,996,0,0,9012
137798,1,6,0,-1,-1,0,15855,0,0,12228
137799,1,6,0,-1,-1,0,22926,0,0,18517
137800,1,6,0,-1,-1,0,15863,0,0,12232
137801,1,6,0,-1,-1,0,22921,0,0,18514
137802,1,6,0,-1,-1,0,22922,0,0,18515
137803,1,6,0,-1,-1,0,22793,0,0,18290
137805,1,6,0,-1,-1,0,22749,0,0,18259
137806,1,6,0,-1,-1,0,19104,0,0,15779
137807,1,6,0,-1,-1,0,22928,0,0,18519
137808,1,6,0,-1,-1,0,21850,0,0,17683
137810,1,6,0,-1,-1,0,22868,0,0,18416
137811,1,6,0,-1,-1,0,19053,0,0,15729
137812,1,6,0,-1,-1,0,19074,0,0,15747
137813,1,6,0,-1,-1,0,16642,0,0,12682
137814,1,6,0,-1,-1,0,9072,0,0,7290
137815,1,6,0,-1,-1,0,19107,0,0,15781
137817,1,6,0,-1,-1,0,9513,0,0,18160
137818,1,6,0,-1,-1,0,15933,0,0,16110
137819,1,6,0,-1,-1,0,15915,0,0,16111
137820,1,6,0,-1,-1,0,3699,0,0,4204
137821,1,6,0,-1,-1,0,2941,0,0,4205
137822,1,6,0,-1,-1,0,16655,0,0,12699
137823,1,6,0,-1,-1,0,18446,0,0,14500
137824,1,6,0,-1,-1,0,20029,0,0,16223
137825,1,6,0,-1,-1,0,20051,0,0,16243
137826,1,6,0,-1,-1,0,21923,0,0,17709
137827,1,6,0,-1,-1,0,22923,0,0,18516
137828,1,6,0,-1,-1,0,7322,0,0,4151
137829,1,6,0,0,0,0,548,0,0,1058
137831,1,6,0,-1,-1,0,19098,0,0,15773
137832,1,6,0,-1,-1,0,19065,0,0,15739
137834,1,6,0,-1,-1,0,19801,0,0,16665
137835,1,6,0,-1,-1,0,19790,0,0,16041
137836,1,6,0,-1,-1,0,19791,0,0,16042
137838,1,6,0,-1,-1,0,23800,0,0,19445
137839,1,6,0,-1,-1,0,22727,0,0,18252
137840,1,6,0,-1,-1,0,7929,0,0,16112
137842,1,6,0,-1,-1,0,19831,0,0,16055
137843,1,6,0,-1,-1,0,20008,0,0,16214
137844,1,6,0,-1,-1,0,20626,0,0,16767
137846,1,6,0,-1,-1,0,22870,0,0,18418
137851,1,6,0,-1,-1,0,16657,0,0,12700
137852,1,6,0,-1,-1,0,22867,0,0,18415
137853,1,6,0,-1,-1,0,18408,0,0,14471
137854,1,6,0,-1,-1,0,19083,0,0,15757
137855,1,6,0,-1,-1,0,19094,0,0,15770
137856,1,6,0,-1,-1,0,21143,0,0,17200
137857,1,6,0,-1,-1,0,21144,0,0,17201
137858,1,6,0,-1,-1,0,20023,0,0,16245
137859,1,6,0,-1,-1,0,20010,0,0,16246
137860,1,6,0,-1,-1,0,6063,0,0,8995
137862,1,6,0,-1,-1,0,23665,0,0,19217
137863,1,6,0,-1,-1,0,23666,0,0,19219
137864,1,6,0,-1,-1,0,23129,0,0,18661
137865,1,6,0,-1,-1,0,996,0,0,9029
137867,1,6,0,-1,-1,0,19101,0,0,15775
137868,1,6,0,-1,-1,0,20872,0,0,17049
137869,1,6,0,-1,-1,0,21913,0,0,17706
137870,1,6,0,-1,-1,0,23802,0,0,19447
137871,1,6,0,-1,-1,0,22732,0,0,18257
137874,1,6,0,-1,-1,0,19064,0,0,15738
137876,1,6,0,-1,-1,0,20890,0,0,17059
137877,1,6,0,-1,-1,0,18560,0,0,14526
137879,1,6,0,-1,-1,0,10840,0,0,16113
137881,1,6,0,-1,-1,0,16967,0,0,12818
137882,1,6,0,-1,-1,0,1034,0,0,8936
137883,1,6,0,-1,-1,0,639,0,0,8937
137884,1,6,0,-1,-1,0,20848,0,0,17017
137885,1,6,0,-1,-1,0,20849,0,0,17018
137886,1,6,0,-1,-1,0,20025,0,0,16253
137888,1,6,0,-1,-1,0,23028,0,0,18600
137889,1,6,0,-1,-1,0,21945,0,0,17724
137890,1,6,0,-1,-1,0,25292,0,0,21290
137891,1,6,0,-1,-1,0,16987,0,0,12832
137892,1,6,0,-1,-1,0,23632,0,0,19203
137893,1,6,0,-1,-1,0,24399,0,0,20040
137895,1,6,0,-1,-1,0,6778,0,0,4230
137896,1,6,0,-1,-1,0,23787,0,0,19442
137897,1,6,0,-1,-1,0,23636,0,0,19206
137898,1,6,0,-1,-1,0,18413,0,0,14477
137899,1,6,0,-1,-1,0,18421,0,0,14485
137900,1,6,0,-1,-1,0,23628,0,0,19202
137901,1,6,0,-1,-1,0,20009,0,0,16218
137904,1,6,0,-1,-1,0,24367,0,0,20013
137906,1,6,0,-1,-1,0,22711,0,0,18239
137907,1,6,0,-1,-1,0,20031,0,0,16250
137908,1,6,0,-1,-1,0,16742,0,0,12725
137909,1,6,0,-1,-1,0,23652,0,0,19211
137910,1,6,0,-1,-1,0,23653,0,0,19212
137911,1,6,0,-1,-1,0,23081,0,0,18657
137912,1,6,0,-1,-1,0,25316,0,0,21287
137913,1,6,0,-1,-1,0,25290,0,0,21288
137914,1,6,0,-1,-1,0,25297,0,0,21294
137915,1,6,0,-1,-1,0,21161,0,0,18592
137916,1,6,0,-1,-1,0,20020,0,0,16215
137918,1,6,0,-1,-1,0,23708,0,0,19331
137920,1,6,0,-1,-1,0,23638,0,0,19208
137921,1,6,0,-1,-1,0,23639,0,0,19209
137922,1,6,0,-1,-1,0,23650,0,0,19210
137924,1,6,0,-1,-1,0,2548,0,0,2700
137925,1,6,0,-1,-1,0,25315,0,0,21285
137926,1,6,0,-1,-1,0,20024,0,0,16220
137927,1,6,0,-1,-1,0,20016,0,0,16222
137928,1,6,0,-1,-1,0,23709,0,0,19332
137929,1,6,0,-1,-1,0,23710,0,0,19333
137932,1,6,0,-1,-1,0,24356,0,0,20000
137933,1,6,0,-1,-1,0,24357,0,0,20001
137934,1,6,0,-1,-1,0,23637,0,0,19207
137935,1,6,0,-1,-1,0,23667,0,0,19220
137936,1,6,0,-1,-1,0,23077,0,0,18652
137937,1,6,0,-1,-1,0,22761,0,0,18267
137938,1,6,0,-1,-1,0,22902,0,0,18487
137939,1,6,0,-1,-1,0,24091,0,0,19764
137941,1,6,0,-1,-1,0,25357,0,0,21291
137942,1,6,0,-1,-1,0,25361,0,0,21292
137943,1,6,0,-1,-1,0,12068,0,0,10313
137944,1,6,0,-1,-1,0,12085,0,0,10321
137945,1,6,0,-1,-1,0,23705,0,0,19328
137946,1,6,0,-1,-1,0,13617,0,0,11151
137947,1,6,0,-1,-1,0,2795,0,0,2889
137948,1,6,0,-1,-1,0,17552,0,0,13476
137949,1,6,0,-1,-1,0,21940,0,0,17720
137952,1,6,0,-1,-1,0,23067,0,0,18649
137953,1,6,0,-1,-1,0,24093,0,0,19766
137954,1,6,0,-1,-1,0,23703,0,0,19326
137955,1,6,0,-1,-1,0,19068,0,0,20253
137957,1,6,0,-1,-1,0,3873,0,0,10728
137958,1,6,0,-1,-1,0,7753,0,0,6328
137959,1,6,0,-1,-1,0,24368,0,0,20014
137960,1,6,0,-1,-1,0,18444,0,0,14498
137961,1,6,0,-1,-1,0,23078,0,0,18653
137962,1,6,0,-1,-1,0,23079,0,0,18655
137964,1,6,0,-1,-1,0,23190,0,0,18731
137965,1,6,0,-1,-1,0,17554,0,0,13478
137968,1,6,0,-1,-1,0,639,0,0,8944
137969,1,6,0,-1,-1,0,20033,0,0,16248
137974,1,6,0,-1,-1,0,17579,0,0,13500
137975,1,6,0,-1,-1,0,9207,0,0,7452
137977,1,6,0,-1,-1,0,24418,0,0,20075
137978,1,6,0,-1,-1,0,1735,0,0,5162
137979,1,6,0,-1,-1,0,24123,0,0,19771
137980,1,6,0,-1,-1,0,24125,0,0,19773
137981,1,6,0,-1,-1,0,3851,0,0,4349
137982,1,6,0,-1,-1,0,25288,0,0,21299
137983,1,6,0,-1,-1,0,17580,0,0,13501
137984,1,6,0,-1,-1,0,980,0,0,3142
137985,1,6,0,-1,-1,0,19080,0,0,20254
137986,1,6,0,-1,-1,0,23096,0,0,18654
137987,1,6,0,-1,-1,0,22757,0,0,18264
137988,1,6,0,-1,-1,0,22869,0,0,18417
137989,1,6,0,-1,-1,0,543,0,0,1574
137990,1,6,0,-1,-1,0,19106,0,0,15780
137991,1,6,0,-1,-1,0,23704,0,0,19327
137992,1,6,0,-1,-1,0,23706,0,0,19329
137993,1,6,0,-1,-1,0,22927,0,0,18518
137994,1,6,0,-1,-1,0,23399,0,0,18949
137995,1,6,0,-1,-1,0,25311,0,0,21283
137998,1,6,0,-1,-1,0,24121,0,0,19769
137999,1,6,0,-1,-1,0,24122,0,0,19770
138001,1,6,0,-1,-1,0,19068,0,0,15742
138002,1,6,0,-1,-1,0,19070,0,0,15743
138003,1,6,0,-1,-1,0,24901,0,0,20546
138004,1,6,0,-1,-1,0,24703,0,0,20382
138006,1,6,0,-1,-1,0,19077,0,0,15751
138007,1,6,0,-1,-1,0,21943,0,0,17722
138008,1,6,0,-1,-1,0,23066,0,0,18647
138009,1,6,0,-1,-1,0,23068,0,0,18648
138011,1,6,0,-1,-1,0,2090,0,0,8762
138012,1,6,0,-1,-1,0,543,0,0,8869
138013,1,6,0,-1,-1,0,6392,0,0,8881
138014,1,6,0,-1,-1,0,18447,0,0,14501
138015,1,6,0,-1,-1,0,18454,0,0,14511
138016,1,6,0,-1,-1,0,25304,0,0,21214
138017,1,6,0,-1,-1,0,25954,0,0,21219
138018,1,6,0,-1,-1,0,19090,0,0,15764
138019,1,6,0,-1,-1,0,21849,0,0,17682
138020,1,6,0,-1,-1,0,22759,0,0,18265
138021,1,6,0,-1,-1,0,3952,0,0,14639
138022,1,6,0,-1,-1,0,18240,0,0,13942
138023,1,6,0,-1,-1,0,23082,0,0,18658
138024,1,6,0,-1,-1,0,6704,0,0,5788
138025,1,6,0,-1,-1,0,25073,0,0,20727
138026,1,6,0,-1,-1,0,25082,0,0,20733
138027,1,6,0,-1,-1,0,25084,0,0,20735
138031,1,6,0,-1,-1,0,22480,0,0,18046
138034,1,6,0,-1,-1,0,24902,0,0,20548
138035,1,6,0,-1,-1,0,5143,0,0,4159
138036,1,6,0,-1,-1,0,25291,0,0,21289
138037,1,6,0,-1,-1,0,996,0,0,9011
138038,1,6,0,-1,-1,0,24912,0,0,20553
138039,1,6,0,-1,-1,0,13817,0,0,11202
138040,1,6,0,-1,-1,0,26443,0,0,21737
138041,1,6,0,-1,-1,0,25124,0,0,20758
138042,1,6,0,-1,-1,0,25659,0,0,21025
138043,1,6,0,-1,-1,0,25125,0,0,20752
138044,1,6,0,-1,-1,0,25126,0,0,20753
138045,1,6,0,-1,-1,0,25127,0,0,20754
138046,1,6,0,-1,-1,0,25083,0,0,20734
138047,1,6,0,-1,-1,0,25298,0,0,21295
138048,1,6,0,-1,-1,0,25299,0,0,21296
138049,1,6,0,-1,-1,0,25289,0,0,21298
138050,1,6,0,-1,-1,0,2060,0,0,9017
138051,1,6,0,-1,-1,0,26279,0,0,21548
138052,1,6,0,-1,-1,0,26420,0,0,21727
138053,1,6,0,-1,-1,0,26421,0,0,21728
138054,1,6,0,-1,-1,0,26423,0,0,21730
138055,1,6,0,-1,-1,0,27587,0,0,22222
138056,1,6,0,-1,-1,0,26086,0,0,21369
138057,1,6,0,-1,-1,0,25146,0,0,20761
138058,1,6,0,-1,-1,0,28480,0,0,22774
138059,1,6,0,-1,-1,0,24846,0,0,20506
138060,1,6,0,-1,-1,0,26417,0,0,21725
138061,1,6,0,-1,-1,0,26418,0,0,21726
138065,1,6,0,-1,-1,0,25124,0,0,20751
138066,1,6,0,-1,-1,0,25347,0,0,21302
138067,1,6,0,-1,-1,0,10570,0,0,8402
138068,1,6,0,-1,-1,0,23662,0,0,19215
138070,1,6,0,-1,-1,0,25302,0,0,21303
138071,1,6,0,-1,-1,0,25294,0,0,21304
138072,1,6,0,-1,-1,0,25295,0,0,21306
138073,1,6,0,-1,-1,0,26407,0,0,21723
138074,1,6,0,-1,-1,0,24914,0,0,20554
138076,4,1,0,-1,-1,0,31796,0,0,22630
138077,3,1,0,-1,-1,0,31796,0,0,22631
138078,4,1,0,-1,-1,0,31796,0,0,22632
138080,1,6,0,0,0,0,529,0,0,9053
138081,1,6,0,0,0,0,943,0,0,9124
138082,1,6,0,-1,-1,0,26424,0,0,21731
138083,1,6,0,-1,-1,0,27590,0,0,22221
138084,1,6,0,-1,-1,0,27683,0,0,22393
138086,1,6,0,-1,-1,0,24903,0,0,20547
138087,1,6,0,-1,-1,0,28462,0,0,22767
138088,1,6,0,-1,-1,0,28474,0,0,22769
138089,1,6,0,-1,-1,0,28482,0,0,22772
138090,1,6,0,-1,-1,0,28220,0,0,22694
138094,1,6,0,-1,-1,0,24847,0,0,20507
138095,1,6,0,-1,-1,0,24848,0,0,20508
138096,1,6,0,-1,-1,0,23707,0,0,19330
138097,1,6,0,0,0,0,951,0,0,9136
138098,1,6,0,0,0,0,945,0,0,9143
138100,1,6,0,0,0,0,945,0,0,9164
138101,1,6,0,-1,-1,0,30021,0,0,23689
138102,1,6,0,-1,-1,0,27660,0,0,22309
138103,1,6,0,-1,-1,0,27724,0,0,22310
138104,1,6,0,-1,-1,0,25300,0,0,21300
138105,1,6,0,-1,-1,0,24850,0,0,20510
138106,1,6,0,-1,-1,0,24851,0,0,20511
138107,1,6,0,-1,-1,0,24366,0,0,20012
138113,1,6,0,-1,-1,0,28243,0,0,22704
138114,1,6,0,-1,-1,0,16658,0,0,12701
138116,1,6,0,-1,-1,0,24136,0,0,19776
138117,1,6,0,-1,-1,0,25309,0,0,21282
138119,1,6,0,-1,-1,0,26442,0,0,21738
138120,1,6,0,-1,-1,0,20012,0,0,16219
138121,1,6,0,-1,-1,0,1006,0,0,9028
138122,1,6,0,-1,-1,0,24137,0,0,19777
138123,1,6,0,-1,-1,0,1088,0,0,9215
138124,1,6,0,-1,-1,0,25072,0,0,20726
138126,1,6,0,-1,-1,0,25306,0,0,21279
138127,1,6,0,-1,-1,0,25345,0,0,21280
138128,1,6,0,-1,-1,0,28609,0,0,22890
138129,1,6,0,-1,-1,0,24092,0,0,19765
138130,1,6,0,-1,-1,0,24913,0,0,20555
138131,1,6,0,-1,-1,0,27586,0,0,22219
138132,1,6,0,-1,-1,0,26422,0,0,21729
138135,1,6,0,-1,-1,0,28244,0,0,22705
138142,1,6,0,-1,-1,0,26425,0,0,21732
138143,1,6,0,-1,-1,0,26426,0,0,21733
138144,1,6,0,-1,-1,0,26428,0,0,21735
138145,1,6,0,-1,-1,0,31018,0,0,24101
138146,1,6,0,-1,-1,0,27830,0,0,22390
138148,1,6,0,-1,-1,0,24365,0,0,20011
138149,1,6,0,-1,-1,0,24141,0,0,19781
138150,1,6,0,-1,-1,0,27585,0,0,22209
138152,1,6,0,-1,-1,0,26085,0,0,21358
138153,1,6,0,-1,-1,0,25128,0,0,20755
138154,1,6,0,-1,-1,0,25129,0,0,20756
138155,1,6,0,-1,-1,0,27589,0,0,22220
138156,1,6,0,-1,-1,0,28219,0,0,22692
138157,1,6,0,-1,-1,0,24138,0,0,19778
138158,1,6,0,-1,-1,0,24139,0,0,19779
138159,1,6,0,-1,-1,0,25296,0,0,21307
138161,1,6,0,-1,-1,0,25307,0,0,21281
138162,1,6,0,-1,-1,0,28242,0,0,22703
138163,1,6,0,-1,-1,0,28461,0,0,22766
138164,1,6,0,-1,-1,0,24124,0,0,19772
138165,1,6,0,-1,-1,0,26403,0,0,21722
138166,1,6,0,-1,-1,0,26416,0,0,21724
138168,0,0,-50,30000,-1,0,45440,0,0,22728
138169,1,6,0,-1,-1,0,28327,0,0,22729
138170,1,6,0,-1,-1,0,28610,0,0,22891
138171,1,6,0,-1,-1,0,28463,0,0,22768
138172,1,6,0,-1,-1,0,28473,0,0,22770
138173,1,6,0,-1,-1,0,28472,0,0,22771
138174,1,6,0,-1,-1,0,28271,0,0,22739
138175,1,6,0,-1,-1,0,9942,0,0,7977
138176,1,6,0,-1,-1,0,27588,0,0,22214
138177,1,6,0,-1,-1,0,26277,0,0,21547
138179,1,6,0,-1,-1,0,25704,0,0,21099
138180,1,6,0,-1,-1,0,25130,0,0,20757
138181,1,6,0,-1,-1,0,25074,0,0,20728
138182,1,6,0,-1,-1,0,25081,0,0,20732
138185,1,6,0,-1,-1,0,31016,0,0,24102
138187,1,6,0,-1,-1,0,27832,0,0,22389
138188,1,6,0,-1,-1,0,27725,0,0,22312
138189,1,6,0,-1,-1,0,29228,0,0,23320
138192,1,6,0,-1,-1,0,28208,0,0,22685
138193,1,6,0,-1,-1,0,28222,0,0,22696
138194,1,6,0,-1,-1,0,28223,0,0,22697
138201,1,6,0,-1,-1,0,27658,0,0,22307
138206,4,1,0,-1,-1,0,31796,0,0,22589
138207,1,6,0,-1,-1,0,28210,0,0,22683
138208,1,6,0,-1,-1,0,28205,0,0,22684
138209,1,6,0,-1,-1,0,28207,0,0,22686
138210,1,6,0,-1,-1,0,28221,0,0,22695
138211,1,6,0,-1,-1,0,28224,0,0,22698
138213,1,6,0,-1,-1,0,27829,0,0,22388
138215,1,6,0,-1,-1,0,28612,0,0,22897
138219,1,6,0,-1,-1,0,3453,0,0,3832
138220,1,6,0,-1,-1,0,17636,0,0,13520
138221,1,6,0,-1,-1,0,18241,0,0,13941
138222,1,6,0,-1,-1,0,18417,0,0,14481
138223,1,6,0,-1,-1,0,19080,0,0,15754
138224,1,6,0,-1,-1,0,19815,0,0,16050
138225,1,6,0,-1,-1,0,15853,0,0,12227
138226,1,6,0,-1,-1,0,16649,0,0,12690
138227,1,6,0,-1,-1,0,16665,0,0,12707
138228,1,6,0,-1,-1,0,16732,0,0,12719
138229,1,6,0,-1,-1,0,16994,0,0,12838
138230,1,6,0,-1,-1,0,3939,0,0,13309
138231,1,6,0,-1,-1,0,17563,0,0,13486
138232,1,6,0,-1,-1,0,17573,0,0,13493
138233,1,6,0,-1,-1,0,18422,0,0,14486
138234,1,6,0,-1,-1,0,20014,0,0,16216
138235,1,6,0,-1,-1,0,20026,0,0,16221
138236,1,6,0,-1,-1,0,20854,0,0,17023
138237,1,6,0,-1,-1,0,22750,0,0,18260
138238,1,6,0,-1,-1,0,23799,0,0,19444
138239,1,6,0,-1,-1,0,23801,0,0,19446
138240,1,6,0,-1,-1,0,18424,0,0,14489
138241,1,6,0,-1,-1,0,18449,0,0,14504
138242,1,6,0,-1,-1,0,18453,0,0,14508
138243,1,6,0,-1,-1,0,20015,0,0,16224
138244,1,6,0,-1,-1,0,20034,0,0,16252
138245,1,6,0,-1,-1,0,20032,0,0,16254
138246,1,6,0,-1,-1,0,20916,0,0,17062
138247,1,6,0,-1,-1,0,22797,0,0,18291
138248,1,6,0,-1,-1,0,22795,0,0,18292
138249,1,6,0,-1,-1,0,23071,0,0,18651
138250,1,6,0,-1,-1,0,23080,0,0,18656
138251,1,6,0,-1,-1,0,23629,0,0,19204
138252,1,6,0,-1,-1,0,23633,0,0,19205
138253,1,6,0,-1,-1,0,23663,0,0,19218
138254,1,6,0,-1,-1,0,23803,0,0,19448
138255,1,6,0,-1,-1,0,23804,0,0,19449
138257,1,6,0,-1,-1,0,2549,0,0,2701
138258,1,6,0,-1,-1,0,647,0,0,1151
138259,1,6,0,-1,-1,0,4987,0,0,1139
138260,1,6,0,0,0,0,526,0,0,1033
138261,1,6,0,-1,-1,0,8925,0,0,1882
138262,1,6,0,-1,-1,0,1461,0,0,3102
138263,1,6,0,-1,-1,0,6418,0,0,5488
138264,1,6,0,-1,-1,0,5615,0,0,5674
138265,1,6,0,-1,-1,0,7153,0,0,5974
138266,1,6,0,-1,-1,0,11464,0,0,9295
138267,1,6,0,-1,-1,0,11459,0,0,9303
138268,1,6,0,-1,-1,0,12259,0,0,10424
138269,1,6,0,-1,-1,0,13882,0,0,11206
138270,1,6,0,-1,-1,0,13915,0,0,11208
138271,1,6,0,-1,-1,0,24140,0,0,19780
138272,1,6,0,-1,-1,0,24849,0,0,20509
138273,1,6,0,-1,-1,0,24940,0,0,20576
138274,1,6,0,-1,-1,0,25078,0,0,20729
138275,1,6,0,-1,-1,0,25079,0,0,20730
138276,1,6,0,-1,-1,0,25080,0,0,20731
138277,1,6,0,-1,-1,0,25086,0,0,20736
138278,1,6,0,-1,-1,0,25314,0,0,21284
138279,1,6,0,-1,-1,0,25359,0,0,21293
138280,1,6,0,-1,-1,0,25286,0,0,21297
138281,1,6,0,-1,-1,0,26087,0,0,21371
138282,1,6,0,-1,-1,0,26427,0,0,21734
138283,1,6,0,-1,-1,0,27659,0,0,22308
138284,1,6,0,-1,-1,0,27837,0,0,22392
138285,1,6,0,-1,-1,0,28209,0,0,22687
138286,1,6,0,-1,-1,0,28481,0,0,22773
138287,1,6,0,-1,-1,0,3966,0,0,4415
138288,1,6,0,-1,-1,0,7224,0,0,6046
138289,1,6,0,-1,-1,0,7771,0,0,6345
138290,1,6,0,-1,-1,0,7867,0,0,6377
138291,1,6,0,-1,-1,0,3772,0,0,7613
138292,1,6,0,-1,-1,0,10542,0,0,8398
138293,1,6,0,-1,-1,0,1126,0,0,8743
138294,1,6,0,-1,-1,0,1122,0,0,9214
138295,1,6,0,-1,-1,0,1088,0,0,9225
138296,1,6,0,-1,-1,0,6226,0,0,9228
138297,1,6,0,-1,-1,0,12617,0,0,10607
138298,1,6,0,-1,-1,0,13620,0,0,11152
138299,1,6,0,-1,-1,0,13698,0,0,11166
138300,1,6,0,-1,-1,0,3777,0,0,4300
138301,1,6,0,-1,-1,0,3860,0,0,4352
138302,1,6,0,-1,-1,0,3864,0,0,4356
138303,1,6,0,-1,-1,0,10566,0,0,8406
138304,1,6,0,0,0,0,1075,0,0,8792
138305,1,6,0,-1,-1,0,604,0,0,8807
138306,1,6,0,-1,-1,0,5143,0,0,8812
138307,1,6,0,-1,-1,0,7322,0,0,8816
138308,1,6,0,-1,-1,0,205,0,0,8844
138309,1,6,0,-1,-1,0,3140,0,0,8860
138310,1,6,0,-1,-1,0,604,0,0,8863
138311,1,6,0,-1,-1,0,205,0,0,8893
138312,1,6,0,-1,-1,0,639,0,0,8917
138313,1,6,0,-1,-1,0,1006,0,0,8974
138314,1,6,0,-1,-1,0,996,0,0,9023
138315,1,6,0,0,0,0,899,0,0,9065
138316,1,6,0,0,0,0,951,0,0,9133
138317,1,6,0,0,0,0,945,0,0,9138
138318,1,6,0,-1,-1,0,3515,0,0,3875
138319,1,6,0,-1,-1,0,3771,0,0,4297
138328,0,0,0,-1,-1,0,348699,0,0,184871
138372,0,0,-1,-1,3600000,1928,349858,0,0,184937
138373,0,0,0,-1,-1,0,349863,0,0,184938
138415,0,0,-50,0,120000,24,351355,0,0,185848
138416,0,0,-50,0,120000,24,351357,0,0,185849
138417,0,0,-50,0,120000,24,351358,0,0,185850
138418,0,0,-50,0,120000,24,351359,0,0,185851
138419,0,0,-50,0,120000,24,351360,0,0,185852
138429,0,0,-1,-1,-1,0,483,0,0,185922
138430,1,6,0,-1,-1,0,351766,0,0,185922
138431,0,0,-1,-1,-1,0,483,0,0,185923
138432,1,6,0,-1,-1,0,351768,0,0,185923
138433,0,0,-1,-1,-1,0,483,0,0,185924
138434,1,6,0,-1,-1,0,351769,0,0,185924
138435,0,0,-1,-1,-1,0,483,0,0,185925
138436,1,6,0,-1,-1,0,351770,0,0,185925
138437,0,0,-1,-1,-1,0,483,0,0,185926
138438,1,6,0,-1,-1,0,351771,0,0,185926
138457,0,0,-1,-1,-1,0,352055,0,0,185956
138462,0,0,0,-1,-1,0,352164,0,0,185964
138473,0,0,0,600000,0,0,352340,0,0,185988
138484,0,1,0,-1,-1,0,352504,0,0,186052
138485,0,1,0,-1,-1,0,352574,0,0,186053
138486,0,1,0,-1,-1,0,352508,0,0,186054
138488,0,1,0,-1,-1,0,352512,0,0,186065
138489,0,1,0,-1,-1,0,352513,0,0,186066
138490,0,1,0,-1,-1,0,352580,0,0,186067
138492,0,1,0,-1,-1,0,352516,0,0,186071
138493,0,1,0,-1,-1,0,352517,0,0,186072
138494,0,1,0,-1,-1,0,352522,0,0,186073
138495,0,1,0,-1,-1,0,4070,0,0,185986
138496,1,1,0,-1,-1,0,352341,0,0,185988
138805,0,0,-1,-1,-1,0,483,0,0,186683
138806,1,6,0,-1,-1,0,27927,0,0,186683
138979,0,0,-1,-1,-1,0,483,0,0,187048
138980,1,6,0,-1,-1,0,351769,0,0,187048
138981,0,0,-1,-1,-1,0,483,0,0,187049
138982,1,6,0,-1,-1,0,351768,0,0,187049
139011,0,5,0,-1,-1,0,356105,0,0,187129
139012,0,5,0,-1,-1,0,356105,0,0,187130
139405,0,0,-1,1000,-1,0,359639,0,0,187737
139406,0,0,-1,1000,-1,0,359640,0,0,187738
139407,0,0,-1,1000,-1,0,359641,0,0,187739
139408,0,0,-1,1000,-1,0,359642,0,0,187740
139411,0,0,-1,1000,-1,0,359685,0,0,187783
139423,0,0,-1,1000,-1,0,359847,0,0,187800
139424,0,0,-1,1000,-1,0,359858,0,0,187801
139433,0,0,-1,1000,-1,0,359949,0,0,187807
139436,0,0,-1,1000,-1,0,359895,0,0,187814
139437,0,0,-1,1000,-1,0,359950,0,0,187815
140321,0,0,0,180000,0,0,366881,0,0,190181
140324,0,0,0,180000,0,0,366894,0,0,190186
140325,0,0,0,180000,0,0,366902,0,0,190187
140337,0,0,0,-1,-1,0,367062,0,0,190308
140338,0,0,0,-1,-1,0,367059,0,0,190307
140846,0,0,-1,-1,-1,0,52333,0,0,39266
140847,0,0,0,5000,-1,0,52596,0,0,39268
140856,1,0,0,120000,20000,1141,47816,0,0,38257
140857,0,5,-1,-1,-1,0,51086,0,0,38370
140858,0,0,-1,-1,-1,0,50901,0,0,38371
140859,0,0,-1,-1,-1,0,50902,0,0,38372
140860,0,0,-1,-1,-1,0,60581,0,0,38373
140861,0,0,-1,-1,-1,0,60582,0,0,38374
140862,0,0,0,10000,-1,0,51845,0,0,38657
140863,0,0,-1,-1,-1,0,55884,0,0,38658
140864,1,6,0,-1,-1,0,51851,0,0,38658
140865,0,0,0,5000,-1,0,51866,0,0,38659
140872,0,0,-1,0,0,0,13817,0,0,38828
140873,0,0,-1,0,0,0,13822,0,0,38829
140874,0,0,-1,0,0,0,13836,0,0,38830
140875,0,0,-1,0,0,0,13841,0,0,38831
140876,0,0,-1,0,0,0,13846,0,0,38832
140877,0,0,-1,0,0,0,27948,0,0,38908
140878,0,0,-1,0,0,0,27950,0,0,38909
140879,0,0,-1,0,0,0,27954,0,0,38910
140880,0,0,-1,0,0,0,27957,0,0,38911
140881,0,0,-1,0,0,0,27958,0,0,38912
140882,0,0,-1,0,0,0,44621,0,0,38988
140883,0,0,-1,0,0,0,44623,0,0,38989
140884,0,0,-1,0,0,0,44625,0,0,38990
140885,0,0,-1,0,0,0,44629,0,0,38991
140886,0,0,-1,0,0,0,44630,0,0,38992
140890,1,0,0,120000,20000,1141,48875,0,0,38077
140891,0,0,0,120000,20000,1141,48847,0,0,38078
140892,0,0,0,120000,20000,1141,48847,0,0,38079
140893,0,0,0,120000,20000,1141,51978,0,0,38080
140895,2,0,0,120000,20000,1141,51987,0,0,38081
140898,0,0,0,10000,-1,0,52366,0,0,39187
140911,1,0,0,120000,20000,1141,50261,0,0,38258
140913,2,0,0,120000,20000,1141,50263,0,0,38259
140914,0,0,-1,1000,-1,0,50906,0,0,38375
140915,0,0,-1,1000,-1,0,50909,0,0,38376
140916,0,0,-1,-1,-1,0,50911,0,0,38377
140917,0,0,-1,-1,-1,0,50913,0,0,38378
140918,0,5,-1,-1,-1,0,51098,0,0,38379
140919,0,0,0,1500,-1,0,50979,0,0,38467
140920,0,0,0,30000,-1,0,51319,0,0,38564
140921,0,0,0,10000,-1,0,51333,0,0,38566
140926,1,1,0,-1,-1,0,39875,0,0,38752
140930,0,0,-1,0,0,0,13858,0,0,38833
140931,0,0,-1,0,0,0,13868,0,0,38834
140932,0,0,-1,0,0,0,13882,0,0,38835
140933,0,0,-1,0,0,0,13887,0,0,38836
140934,0,0,-1,0,0,0,13890,0,0,38837
140935,0,0,-1,0,0,0,27960,0,0,38913
140936,0,0,-1,0,0,0,27961,0,0,38914
140937,0,0,-1,0,0,0,27962,0,0,38915
140938,0,0,-1,0,0,0,27964,0,0,38916
140939,0,0,-1,0,0,0,27967,0,0,38917
140940,0,0,-1,0,0,0,44631,0,0,38993
140941,0,0,-1,0,0,0,44632,0,0,38994
140942,0,0,-1,0,0,0,44633,0,0,38995
140943,0,0,-1,0,0,0,44634,0,0,38996
140944,0,0,-1,0,0,0,44635,0,0,38997
140945,0,0,0,60000,-1,0,50141,0,0,38083
140961,0,0,0,0,3000,330,50281,0,0,38265
140962,0,0,-1,1000,-1,0,50282,0,0,38266
140963,0,0,-1,1000,-1,0,50894,0,0,38380
140964,0,5,-1,-1,-1,0,51063,0,0,38381
140966,1,1,0,-1,-1,0,54838,0,0,38383
140967,0,5,-1,-1,-1,0,51065,0,0,38384
140968,0,0,-50,0,120000,1153,51358,0,0,38571
140970,1,1,0,-1,-1,0,51359,0,0,38572
140971,2,1,0,-1,-1,0,51349,0,0,38572
140972,0,0,0,5000,-1,0,51330,0,0,38573
140977,1,0,0,120000,20000,1141,48875,0,0,38760
140978,0,0,0,120000,20000,1141,61778,0,0,38761
140979,0,0,-1,0,0,0,13898,0,0,38838
140980,0,0,-1,0,0,0,13905,0,0,38839
140981,0,0,-1,0,0,0,13915,0,0,38840
140982,0,0,-1,0,0,0,13917,0,0,38841
140983,0,0,-1,0,0,0,13931,0,0,38842
140984,0,0,-1,0,0,0,27968,0,0,38918
140985,0,0,-1,0,0,0,27971,0,0,38919
140986,0,0,-1,0,0,0,27972,0,0,38920
140987,0,0,-1,0,0,0,27975,0,0,38921
140988,0,0,-1,0,0,0,27977,0,0,38922
140989,0,0,-1,0,0,0,46578,0,0,38998
140990,0,0,-1,0,0,0,46594,0,0,38999
140991,0,0,-1,0,0,0,47051,0,0,39000
140992,0,0,-1,0,0,0,47672,0,0,39001
140993,0,0,-1,0,0,0,47766,0,0,39002
141010,0,5,-1,-1,-1,0,51068,0,0,38386
141011,0,0,0,60000,0,0,55248,0,0,38387
141012,0,0,0,60000,0,0,55247,0,0,38388
141013,0,0,0,60000,0,0,55246,0,0,38389
141014,0,0,0,60000,0,0,55245,0,0,38390
141015,0,0,0,0,3000,330,44153,0,0,38479
141016,0,0,0,10000,-1,0,51381,0,0,38574
141017,0,1,0,-1,-1,0,52420,0,0,38674
141018,1,0,0,120000,20000,1141,48875,0,0,38762
141019,1,0,0,120000,20000,0,61426,0,0,38763
141020,0,0,0,120000,20000,1141,61427,0,0,38764
141021,1,0,0,120000,20000,1141,61428,0,0,38765
141022,0,0,-1,0,0,0,7420,0,0,38766
141023,0,0,-1,0,0,0,7426,0,0,38767
141024,0,0,-1,0,0,0,13933,0,0,38843
141025,0,0,-1,0,0,0,13935,0,0,38844
141026,0,0,-1,0,0,0,13937,0,0,38845
141027,0,0,-1,0,0,0,13939,0,0,38846
141028,0,0,-1,0,0,0,13941,0,0,38847
141029,0,0,-1,0,0,0,27981,0,0,38923
141030,0,0,-1,0,0,0,27982,0,0,38924
141031,0,0,-1,0,0,0,27984,0,0,38925
141032,0,0,-1,0,0,0,28003,0,0,38926
141033,0,0,-1,0,0,0,28004,0,0,38927
141034,0,0,-1,0,0,0,47898,0,0,39003
141035,0,0,-1,0,0,0,47899,0,0,39004
141036,0,0,-1,0,0,0,47900,0,0,39005
141037,0,0,-1,0,0,0,47901,0,0,39006
141043,0,0,0,5000,-1,0,52389,0,0,39206
141044,0,0,0,-1,-1,0,55884,0,0,39286
141045,1,6,0,-1,-1,0,52615,0,0,39286
141049,0,1,0,-1,-1,0,52020,0,0,38295
141050,0,5,-1,-1,-1,0,51070,0,0,38393
141052,0,1,0,-1,-1,0,51041,0,0,38485
141053,0,1,0,-1,-1,0,51042,0,0,38486
141054,0,0,0,120000,120000,1182,42292,0,0,38588
141055,0,0,0,120000,120000,1182,42292,0,0,38589
141056,0,1,0,-1,-1,0,52423,0,0,38675
141057,0,0,0,5000,-1,0,51895,0,0,38676
141058,0,0,-1,0,0,0,7418,0,0,38679
141059,0,0,-1,0,0,0,7428,0,0,38768
141060,0,0,-1,0,0,0,7443,0,0,38769
141061,0,0,-1,0,0,0,7454,0,0,38770
141062,0,0,-1,0,0,0,7457,0,0,38771
141063,0,0,-1,0,0,0,7745,0,0,38772
141064,0,0,-1,0,0,0,13943,0,0,38848
141065,0,0,-1,0,0,0,13945,0,0,38849
141066,0,0,-1,0,0,0,13947,0,0,38850
141067,0,0,-1,0,0,0,13948,0,0,38851
141068,0,0,-1,0,0,0,20008,0,0,38852
141069,0,0,-1,0,0,0,33990,0,0,38928
141070,0,0,-1,0,0,0,33991,0,0,38929
141071,0,0,-1,0,0,0,33992,0,0,38930
141072,0,0,-1,0,0,0,33993,0,0,38931
141073,0,0,-1,0,0,0,33994,0,0,38932
141087,0,1,0,-1,-1,0,52394,0,0,39208
141088,0,0,-1,1000,-1,0,52410,0,0,39213
141089,1,5,-1,-1,-1,0,52418,0,0,39213
141094,0,0,0,0,30000,1149,50426,0,0,38302
141095,0,5,-1,-1,-1,0,51075,0,0,38396
141096,0,5,-1,-1,-1,0,51078,0,0,38397
141097,0,5,-1,-1,-1,0,51080,0,0,38398
141098,0,1,0,-1,-1,0,51045,0,0,38489
141099,0,0,-1,-1,-1,0,483,0,0,38593
141100,1,6,0,-1,-1,0,45117,0,0,38593
141101,0,0,-1,-1,-1,0,483,0,0,38594
141102,1,6,0,-1,-1,0,45117,0,0,38594
141103,0,0,-1,-1,-1,0,483,0,0,38595
141104,1,6,0,-1,-1,0,45117,0,0,38595
141105,0,0,0,180000,180000,0,51957,0,0,38684
141106,0,0,-1,3600000,3600000,94,51958,0,0,38685
141107,0,0,-1,0,0,0,7748,0,0,38773
141108,0,0,-1,0,0,0,7766,0,0,38774
141109,0,0,-1,0,0,0,7771,0,0,38775
141110,0,0,-1,0,0,0,7776,0,0,38776
141111,0,0,-1,0,0,0,7779,0,0,38777
141112,0,0,-1,0,0,0,20009,0,0,38853
141113,0,0,-1,0,0,0,20010,0,0,38854
141114,0,0,-1,0,0,0,20011,0,0,38855
141115,0,0,-1,0,0,0,20012,0,0,38856
141116,0,0,-1,0,0,0,20013,0,0,38857
141117,0,0,-1,0,0,0,33995,0,0,38933
141118,0,0,-1,0,0,0,33996,0,0,38934
141119,0,0,-1,0,0,0,33997,0,0,38935
141120,0,0,-1,0,0,0,33999,0,0,38936
141121,0,0,-1,0,0,0,34001,0,0,38937
141136,0,0,0,90000,15000,1141,33667,0,0,39214
141144,0,0,-1,1000,-1,0,23135,0,0,38306
141145,0,0,-1,-1,-1,0,50564,0,0,38317
141146,0,0,-1,-1,-1,0,483,0,0,38596
141147,1,6,0,-1,-1,0,45117,0,0,38596
141148,0,0,-1,-1,-1,0,483,0,0,38597
141149,1,6,0,-1,-1,0,51568,0,0,38597
141150,0,0,-1,-1,-1,0,483,0,0,38598
141151,1,6,0,-1,-1,0,51569,0,0,38598
141152,0,0,-1,-1,-1,0,483,0,0,38599
141153,1,6,0,-1,-1,0,51570,0,0,38599
141154,0,0,0,6000,-1,0,51959,0,0,38689
141155,0,0,-1,-1,3000,330,483,0,0,38690
141156,1,6,0,-1,-1,0,51960,0,0,38690
141157,0,0,-1,0,0,0,7782,0,0,38778
141158,0,0,-1,0,0,0,7786,0,0,38779
141159,0,0,-1,0,0,0,7788,0,0,38780
141160,0,0,-1,0,0,0,7793,0,0,38781
141161,0,0,-1,0,0,0,7857,0,0,38782
141162,0,0,-1,0,0,0,20014,0,0,38858
141163,0,0,-1,0,0,0,20015,0,0,38859
141164,0,0,-1,0,0,0,20016,0,0,38860
141165,0,0,-1,0,0,0,20017,0,0,38861
141166,0,0,-1,0,0,0,20020,0,0,38862
141167,0,0,-1,0,0,0,34002,0,0,38938
141168,0,0,-1,0,0,0,34003,0,0,38939
141169,0,0,-1,0,0,0,34004,0,0,38940
141170,0,0,-1,0,0,0,34005,0,0,38941
141171,0,0,-1,0,0,0,34006,0,0,38942
141191,0,0,-1,1000,-1,0,50427,0,0,38323
141192,0,0,-1,1000,-1,0,50632,0,0,38324
141193,0,0,-1,0,0,0,7859,0,0,38783
141194,0,0,-1,0,0,0,7861,0,0,38784
141195,0,0,-1,0,0,0,7863,0,0,38785
141196,0,0,-1,0,0,0,7867,0,0,38786
141197,0,0,-1,0,0,0,13378,0,0,38787
141198,0,0,-1,0,0,0,20023,0,0,38863
141199,0,0,-1,0,0,0,20024,0,0,38864
141200,0,0,-1,0,0,0,20025,0,0,38865
141201,0,0,-1,0,0,0,20026,0,0,38866
141202,0,0,-1,0,0,0,20028,0,0,38867
141203,0,0,-1,0,0,0,34007,0,0,38943
141204,0,0,-1,0,0,0,34008,0,0,38944
141205,0,0,-1,0,0,0,34009,0,0,38945
141206,0,0,-1,0,0,0,34010,0,0,38946
141207,0,0,-1,0,0,0,42620,0,0,38947
141229,0,1,0,-1,-1,0,60490,0,0,39229
141234,0,0,0,120000,-1,0,50662,0,0,38330
141235,0,0,0,0,10000,1141,50675,0,0,38331
141236,0,0,0,5000,-1,0,50706,0,0,38332
141237,0,0,0,60000,-1,0,51151,0,0,38510
141238,0,0,0,-1,-1,0,51737,0,0,38606
141239,0,0,0,0,10000,1149,51769,0,0,38607
141240,0,0,0,5000,-1,0,51964,0,0,38696
141241,0,0,0,15000,-1,0,51962,0,0,38697
141242,0,0,-1,0,1000,59,43182,0,0,38698
141243,0,0,0,-1,-1,0,51966,0,0,38699
141244,0,0,0,5000,-1,0,52023,0,0,38701
141245,0,0,-1,0,0,0,13380,0,0,38788
141246,0,0,-1,0,0,0,13419,0,0,38789
141247,0,0,-1,0,0,0,13421,0,0,38790
141248,0,0,-1,0,0,0,13464,0,0,38791
141249,0,0,-1,0,0,0,13485,0,0,38792
141250,0,0,-1,0,0,0,20029,0,0,38868
141251,0,0,-1,0,0,0,20030,0,0,38869
141252,0,0,-1,0,0,0,20031,0,0,38870
141253,0,0,-1,0,0,0,20032,0,0,38871
141254,0,0,-1,0,0,0,20033,0,0,38872
141255,0,0,-1,0,0,0,42974,0,0,38948
141256,0,0,-1,0,0,0,44383,0,0,38949
141257,0,0,-1,0,0,0,44483,0,0,38950
141258,0,0,-1,0,0,0,44484,0,0,38951
141259,0,0,-1,0,0,0,44485,0,0,38952
141285,0,5,-1,-1,-1,0,51090,0,0,38335
141286,0,5,-1,-1,-1,0,51096,0,0,38336
141287,0,5,-1,-1,-1,0,51058,0,0,38337
141288,0,0,0,1500,-1,0,51189,0,0,38512
141290,0,0,0,5000,-1,0,51165,0,0,38515
141292,0,0,0,1500,-1,0,0,0,0,38612
141299,0,0,-1,-1,-1,0,52019,0,0,38702
141300,0,0,-1,0,1000,11,45548,0,0,38706
141301,0,0,-1,0,0,0,13501,0,0,38793
141302,0,0,-1,0,0,0,13503,0,0,38794
141303,0,0,-1,0,0,0,13522,0,0,38795
141304,0,0,-1,0,0,0,13529,0,0,38796
141305,0,0,-1,0,0,0,13536,0,0,38797
141306,0,0,-1,0,0,0,20034,0,0,38873
141307,0,0,-1,0,0,0,20035,0,0,38874
141308,0,0,-1,0,0,0,20036,0,0,38875
141309,0,0,-1,0,0,0,21931,0,0,38876
141310,0,0,-1,0,0,0,22749,0,0,38877
141311,0,0,-1,0,0,0,44488,0,0,38953
141312,0,0,-1,0,0,0,44489,0,0,38954
141313,0,0,-1,0,0,0,44492,0,0,38955
141314,0,0,-1,0,0,0,44494,0,0,38956
141315,0,0,-1,0,0,0,44496,0,0,38957
141332,0,0,0,5000,-1,0,52487,0,0,39238
141334,0,1,0,-1,-1,0,54695,0,0,38212
141335,1,0,0,120000,20000,1141,48846,0,0,38213
141338,0,5,-1,-1,-1,0,51047,0,0,38338
141339,0,5,-1,-1,-1,0,51060,0,0,38339
141340,0,5,-1,-1,-1,0,51088,0,0,38340
141341,0,5,-1,-1,-1,0,51056,0,0,38341
141342,0,5,-1,-1,-1,0,51101,0,0,38342
141343,0,0,0,5000,-1,0,51210,0,0,38519
141345,0,0,0,1500,-1,0,51186,0,0,38619
141346,0,0,0,1500,-1,0,51188,0,0,38621
141347,0,0,0,90000,-1,0,52066,0,0,38709
141353,0,0,-1,0,0,0,13538,0,0,38798
141354,0,0,-1,0,0,0,13607,0,0,38799
141355,0,0,-1,0,0,0,13612,0,0,38800
141356,0,0,-1,0,0,0,13617,0,0,38801
141357,0,0,-1,0,0,0,13620,0,0,38802
141358,0,0,-1,0,0,0,22750,0,0,38878
141359,0,0,-1,0,0,0,23799,0,0,38879
141360,0,0,-1,0,0,0,23800,0,0,38880
141361,0,0,-1,0,0,0,23801,0,0,38881
141362,0,0,-1,0,0,0,23802,0,0,38882
141363,0,0,-1,0,0,0,44497,0,0,38958
141364,0,0,-1,0,0,0,44500,0,0,38959
141365,0,0,-1,0,0,0,44506,0,0,38960
141366,0,0,-1,0,0,0,44508,0,0,38961
141367,0,0,-1,0,0,0,44509,0,0,38962
141368,0,0,0,5000,-1,0,52151,0,0,39041
141383,0,0,-1,-1,-1,0,483,0,0,39152
141384,1,6,0,-1,-1,0,45546,0,0,39152
141385,0,0,0,20000,-1,0,52227,0,0,39154
141398,0,5,-1,-1,-1,0,51084,0,0,38343
141399,0,5,-1,-1,-1,0,51092,0,0,38344
141400,0,5,-1,-1,-1,0,51104,0,0,38345
141401,0,5,-1,-1,-1,0,51094,0,0,38346
141403,1,0,0,120000,20000,1141,51984,0,0,38526
141406,0,0,0,1500,-1,0,51190,0,0,38622
141407,0,0,0,1500,-1,0,51191,0,0,38623
141408,0,0,0,1500,-1,0,51192,0,0,38624
141409,0,0,0,15000,-1,0,51659,0,0,38627
141410,0,5,0,-1,-1,0,51812,0,0,38629
141416,0,0,-1,0,0,0,13622,0,0,38803
141417,0,0,-1,0,0,0,13626,0,0,38804
141418,0,0,-1,0,0,0,13631,0,0,38805
141419,0,0,-1,0,0,0,13635,0,0,38806
141420,0,0,-1,0,0,0,13637,0,0,38807
141421,0,0,-1,0,0,0,23803,0,0,38883
141422,0,0,-1,0,0,0,23804,0,0,38884
141423,0,0,-1,0,0,0,25072,0,0,38885
141424,0,0,-1,0,0,0,25073,0,0,38886
141425,0,0,-1,0,0,0,25074,0,0,38887
141426,0,0,-1,0,0,0,44510,0,0,38963
141427,0,0,-1,0,0,0,44513,0,0,38964
141428,0,0,-1,0,0,0,44524,0,0,38965
141429,0,0,-1,0,0,0,44528,0,0,38966
141430,0,0,-1,0,0,0,44529,0,0,38967
141446,0,0,0,10000,-1,0,52252,0,0,39157
141447,0,0,0,5000,-1,0,52251,0,0,39158
141458,0,0,-1,0,1000,59,11009,0,0,38350
141459,0,0,-1,0,60000,4,50809,0,0,38351
141465,0,0,-1,1000,-1,0,50427,0,0,38636
141466,0,0,-1,-1,-1,0,51220,0,0,38724
141468,0,0,-1,0,0,0,13640,0,0,38808
141469,0,0,-1,0,0,0,13642,0,0,38809
141470,0,0,-1,0,0,0,13644,0,0,38810
141471,0,0,-1,0,0,0,13646,0,0,38811
141472,0,0,-1,0,0,0,13648,0,0,38812
141473,0,0,-1,0,0,0,25078,0,0,38888
141474,0,0,-1,0,0,0,25079,0,0,38889
141475,0,0,-1,0,0,0,25080,0,0,38890
141476,0,0,-1,0,0,0,25081,0,0,38891
141477,0,0,-1,0,0,0,25082,0,0,38892
141478,0,0,-1,0,0,0,44555,0,0,38968
141479,0,0,-1,0,0,0,44556,0,0,38969
141480,0,0,-1,0,0,0,44558,0,0,38970
141481,0,0,-1,0,0,0,60616,0,0,38971
141482,0,0,-1,0,0,0,44576,0,0,38972
141493,0,0,-1,-1,-1,0,50032,0,0,38149
141495,0,0,-1,-1,-1,0,1064,0,0,39163
141496,0,0,0,15000,-1,0,52308,0,0,39164
141497,0,0,0,10000,-1,0,52315,0,0,39165
141501,0,0,0,0,6000,1149,52481,0,0,39253
141509,1,1,0,-1,-1,0,51352,0,0,38358
141511,1,1,0,-1,-1,0,51346,0,0,38359
141515,0,0,-1,0,1000,150,51803,0,0,38640
141516,0,0,-1,0,1000,150,51809,0,0,38641
141521,0,0,0,1000,-1,0,52090,0,0,38731
141523,0,0,-1,0,0,0,13653,0,0,38813
141524,0,0,-1,0,0,0,13655,0,0,38814
141525,0,0,-1,0,0,0,13657,0,0,38815
141526,0,0,-1,0,0,0,13659,0,0,38816
141527,0,0,-1,0,0,0,13661,0,0,38817
141528,0,0,-1,0,0,0,25083,0,0,38893
141529,0,0,-1,0,0,0,25084,0,0,38894
141530,0,0,-1,0,0,0,25086,0,0,38895
141531,0,0,-1,0,0,0,27837,0,0,38896
141532,0,0,-1,0,0,0,27899,0,0,38897
141533,0,0,-1,0,0,0,44582,0,0,38973
141534,0,0,-1,0,0,0,44584,0,0,38974
141535,0,0,-1,0,0,0,44588,0,0,38975
141536,0,0,-1,0,0,0,44589,0,0,38976
141537,0,0,-1,0,0,0,44590,0,0,38977
141541,0,0,-1,-1,-1,0,52158,0,0,39061
141550,0,0,0,120000,20000,1141,51985,0,0,38070
141561,0,0,0,120000,20000,1141,60439,0,0,39257
141569,0,1,0,-1,-1,0,57907,0,0,38360
141570,0,1,0,-1,-1,0,61325,0,0,38361
141571,0,1,0,-1,-1,0,63353,0,0,38362
141572,0,1,0,-1,-1,0,61323,0,0,38363
141573,0,1,0,-1,-1,0,61322,0,0,38364
141578,0,0,0,-1,-1,0,51247,0,0,38544
141579,0,0,-1,0,1000,150,51827,0,0,38643
141580,0,0,-1,-1,-1,0,3366,0,0,38644
141584,0,0,-1,0,0,0,13663,0,0,38818
141585,0,0,-1,0,0,0,13687,0,0,38819
141586,0,0,-1,0,0,0,13689,0,0,38820
141587,0,0,-1,0,0,0,13693,0,0,38821
141588,0,0,-1,0,0,0,13695,0,0,38822
141589,0,0,-1,0,0,0,27905,0,0,38898
141590,0,0,-1,0,0,0,27906,0,0,38899
141591,0,0,-1,0,0,0,27911,0,0,38900
141592,0,0,-1,0,0,0,27913,0,0,38901
141593,0,0,-1,0,0,0,27914,0,0,38902
141594,0,0,-1,0,0,0,44591,0,0,38978
141595,0,0,-1,0,0,0,44592,0,0,38979
141596,0,0,-1,0,0,0,44593,0,0,38980
141597,0,0,-1,0,0,0,44595,0,0,38981
141598,0,0,-1,0,0,0,44596,0,0,38982
141600,1,1,0,-1,-1,0,54838,0,0,38071
141601,1,1,0,-1,-1,0,54841,0,0,38072
141603,1,0,0,120000,20000,1141,33662,0,0,38073
141605,1,0,0,120000,20000,1141,48865,0,0,38074
141607,1,0,0,120000,20000,1141,48875,0,0,38075
141608,0,0,0,120000,20000,1141,48847,0,0,38076
141620,0,0,-1,-1,-1,0,52276,0,0,39265
141626,0,1,0,-1,-1,0,52314,0,0,38365
141627,0,1,0,-1,-1,0,57918,0,0,38366
141628,0,1,0,-1,-1,0,61318,0,0,38367
141629,0,1,0,-1,-1,0,61321,0,0,38368
141630,0,5,-1,-1,-1,0,51082,0,0,38369
141631,0,0,-1,-1,-1,0,51404,0,0,38555
141632,0,0,0,10000,-1,0,51276,0,0,38556
141634,0,0,-1,0,0,0,13698,0,0,38823
141635,0,0,-1,0,0,0,13700,0,0,38824
141636,0,0,-1,0,0,0,13746,0,0,38825
141637,0,0,-1,0,0,0,13794,0,0,38826
141638,0,0,-1,0,0,0,13815,0,0,38827
141639,0,0,-1,0,0,0,27917,0,0,38903
141640,0,0,-1,0,0,0,27944,0,0,38904
141641,0,0,-1,0,0,0,27945,0,0,38905
141642,0,0,-1,0,0,0,27946,0,0,38906
141643,0,0,-1,0,0,0,27947,0,0,38907
141644,0,0,-1,0,0,0,44597,0,0,38983
141645,0,0,-1,0,0,0,44598,0,0,38984
141646,0,0,-1,0,0,0,44612,0,0,38985
141647,0,0,-1,0,0,0,60623,0,0,38986
141648,0,0,-1,0,0,0,44616,0,0,38987
141688,0,0,-1,0,1000,79,53808,0,0,40195
141692,0,0,-1,0,1000,11,43180,0,0,40356
141693,0,0,-1,0,1000,59,27089,0,0,40357
141694,0,0,-1,0,1000,11,43180,0,0,40358
141695,0,0,-1,0,1000,11,43180,0,0,40359
141711,0,0,0,60000,10000,1141,54418,0,0,40593
141721,0,0,0,-1,-1,0,53038,0,0,39598
141722,0,0,-1,0,60000,24,54466,0,0,39687
141724,0,0,0,60000,-1,0,53440,0,0,39769
141734,0,0,-1,0,1000,59,11007,0,0,40035
141735,0,0,-1,0,1000,59,11008,0,0,40036
141755,0,0,-1,1000,-1,0,52668,0,0,39313
141756,0,0,-1,5000,-1,0,52669,0,0,39314
141757,0,0,-1,1000,-1,0,52673,0,0,39315
141763,0,0,0,1000,-1,0,18277,0,0,40600
141764,0,0,0,60000,10000,1141,54329,0,0,40601
141770,0,0,-1,-1,-1,0,52903,0,0,39511
141774,0,0,0,-1,-1,0,53020,0,0,39599
141779,0,0,0,30000,-1,0,53279,0,0,39689
141780,0,0,-1,0,1000,11,57285,0,0,39691
141781,0,0,-1,-1,-1,0,483,0,0,39692
141782,1,6,0,-1,-1,0,45547,0,0,39692
141792,0,0,-1,0,1000,59,11009,0,0,40042
141793,0,0,-1,0,1000,11,45548,0,0,40202
141810,0,0,-1,1000,-1,0,52674,0,0,39316
141811,0,5,0,-1,-1,0,52678,0,0,39319
141829,0,0,-1,0,1000,59,52911,0,0,39520
141833,0,0,0,30000,-1,0,53287,0,0,39693
141834,0,0,0,15000,-1,0,53286,0,0,39694
141835,0,0,0,6000,-1,0,53078,0,0,39695
141836,0,0,0,6000,-1,0,53079,0,0,39696
141837,0,0,0,6000,-1,0,53075,0,0,39697
141838,0,5,0,-1,-1,0,53459,0,0,39698
141845,0,1,0,-1,-1,0,60837,0,0,40207
141851,0,0,-1,0,60000,4,53908,0,0,40211
141857,0,1,0,-1,-1,0,60442,0,0,40371
141858,0,0,0,120000,-1,0,60258,0,0,40372
141859,0,1,0,-1,-1,0,60487,0,0,40373
141880,0,0,0,0,30000,1149,53173,0,0,39700
141891,0,0,-1,0,60000,4,53909,0,0,40212
141892,0,0,-1,0,60000,4,53910,0,0,40213
141893,0,0,-1,0,60000,4,53911,0,0,40214
141894,0,0,-1,0,60000,4,53913,0,0,40215
141895,0,0,-1,0,60000,4,53914,0,0,40216
141915,0,0,-1,0,60000,4,52697,0,0,39327
141921,0,0,0,120000,20000,1141,60319,0,0,40531
141922,0,0,0,60000,0,0,60526,0,0,40532
141923,0,0,0,1000,-1,0,52815,0,0,39434
141934,0,0,0,5000,-1,0,53031,0,0,39615
141945,0,1,0,-1,-1,0,55747,0,0,39889
141948,0,0,0,0,60000,4,53670,0,0,39971
141949,0,0,-50,0,120000,24,35476,0,0,39972
141950,0,0,-1,-1,-1,0,55884,0,0,39973
141951,1,6,0,-1,-1,0,53316,0,0,39973
141952,0,0,-1,0,60000,4,53915,0,0,40217
141960,0,1,0,-1,-1,0,60537,0,0,40382
141973,0,0,-1,0,120000,24,54359,0,0,40536
141974,0,0,-1,1000,0,0,54360,0,0,40538
141997,0,0,-1,1000,-1,0,55884,0,0,39896
141998,1,6,0,-1,-1,0,61348,0,0,39896
142004,0,1,0,-1,-1,0,50002,0,0,40389
142005,0,0,-3,6000,-1,0,44235,0,0,40390
142009,0,0,0,300000,300000,1182,42292,0,0,40476
142019,0,1,0,-1,-1,0,52394,0,0,39715
142030,0,0,-1,1000,-1,0,55884,0,0,39898
142031,1,6,0,-1,-1,0,61351,0,0,39898
142032,0,0,-1,1000,-1,0,55884,0,0,39899
142033,1,6,0,-1,-1,0,61349,0,0,39899
142037,0,0,-1,0,60000,4,28499,0,0,40067
142045,0,0,0,5000,-1,0,54191,0,0,40397
142047,0,0,0,300000,300000,1182,42292,0,0,40477
142048,0,5,0,-1,-1,0,54295,0,0,40482
142049,0,0,0,300000,300000,1182,42292,0,0,40483
142070,1,0,0,120000,20000,1141,62088,0,0,39811
142074,0,0,-1,0,3000,79,53746,0,0,40068
142075,0,0,-1,0,3000,79,33721,0,0,40070
142078,0,0,-1,0,3000,79,53747,0,0,40072
142079,0,0,-1,0,3000,79,53748,0,0,40073
142096,0,0,-1,3600000,0,0,54291,0,0,40484
142101,0,0,0,1000,-1,0,6509,0,0,40551
142110,0,1,0,-1,-1,0,60769,0,0,39728
142114,1,0,0,120000,20000,1141,48875,0,0,39819
142115,1,0,0,120000,20000,1141,48875,0,0,39821
142117,0,0,-1,0,3000,79,53749,0,0,40076
142118,0,0,-1,0,60000,4,53750,0,0,40077
142119,0,0,-1,0,3000,79,53751,0,0,40078
142120,0,0,-1,0,3000,79,53752,0,0,40079
142125,0,1,0,-1,-1,0,60775,0,0,40321
142126,0,1,0,-1,-1,0,60765,0,0,40322
142129,0,0,-1,0,0,0,65254,0,0,40404
142137,0,0,0,600000,60000,94,54307,0,0,40492
142142,0,0,-1,-1,-1,0,54530,0,0,40641
142152,0,0,-1,-1,-1,0,483,0,0,39644
142153,1,6,0,-1,-1,0,53056,0,0,39644
142154,0,0,0,0,30000,1170,53061,0,0,39645
142167,0,0,-1,0,60000,4,53753,0,0,40081
142168,0,0,-1,0,0,0,65253,0,0,40082
142169,0,0,-1,0,0,0,65255,0,0,40083
142170,0,0,-1,0,0,0,65252,0,0,40084
142201,0,0,0,5000,-1,0,52956,0,0,39566
142205,0,0,0,5000,-1,0,53145,0,0,39651
142209,0,0,0,-1,-1,0,53355,0,0,39737
142210,0,0,-1,0,1000,59,53373,0,0,39738
142211,0,0,0,-1,-1,0,53392,0,0,39739
142215,0,0,-1,0,60000,4,53761,0,0,40087
142244,0,0,-1,-1,-1,0,54544,0,0,40652
142245,0,0,-1,-1,-1,0,483,0,0,40653
142246,1,6,0,-1,-1,0,40990,0,0,40653
142253,0,0,0,5000,-1,0,52892,0,0,39571
142254,0,0,0,30000,-1,0,52941,0,0,39572
142263,0,0,-1,0,120000,4,53762,0,0,40093
142264,0,1,0,-1,-1,0,60493,0,0,40255
142265,0,1,0,-1,-1,0,60436,0,0,40256
142266,0,0,0,120000,-1,0,60286,0,0,40257
142267,0,1,0,-1,-1,0,60529,0,0,40258
142273,0,1,0,-1,-1,0,60797,0,0,40337
142292,0,2,0,-1,-1,0,52781,0,0,39371
142304,0,0,-1,-1,-1,0,52963,0,0,39574
142305,0,0,-1,-1,-1,0,52967,0,0,39576
142306,0,0,0,5000,-1,0,52992,0,0,39577
142308,0,0,0,5000,-1,0,53102,0,0,39664
142309,0,0,0,-1,-1,0,53416,0,0,39747
142310,0,0,0,-1,-1,0,53371,0,0,39748
142317,0,0,-1,0,3000,79,53763,0,0,40097
142324,0,1,0,-1,-1,0,60780,0,0,40342
142330,0,1,0,-1,-1,0,60524,0,0,40430
142332,0,0,0,180000,-1,0,60180,0,0,39292
142360,0,0,-1,0,3000,79,28497,0,0,39666
142361,0,5,-1,-1,-1,0,53147,0,0,39668
142362,0,5,-1,-1,-1,0,53146,0,0,39669
142371,0,1,0,-1,-1,0,60772,0,0,40267
142372,0,1,0,-1,-1,0,60792,0,0,40268
142378,0,1,0,-1,-1,0,60313,0,0,40431
142379,0,1,0,-1,-1,0,60485,0,0,40432
142387,0,0,-1,-1,-1,0,52639,0,0,39300
142390,0,0,0,-1,-1,0,54403,0,0,40582
142393,1,0,0,1800000,1800000,1212,54406,0,0,40585
142395,1,0,0,1800000,1800000,1212,54406,0,0,40586
142396,0,0,-10,1000,-1,0,52741,0,0,40587
142407,0,0,-1,-1,-1,0,51220,0,0,39584
142408,0,0,-1,-1,-1,0,51220,0,0,39585
142409,0,0,-1,-1,-1,0,51220,0,0,39586
142410,0,0,-1,-1,-1,0,51220,0,0,39587
142413,0,5,-1,-1,-1,0,53149,0,0,39670
142414,0,0,-1,0,60000,4,28495,0,0,39671
142419,0,1,0,-1,-1,0,60774,0,0,39757
142432,0,0,-1,0,3000,79,53764,0,0,40109
142433,0,5,0,-1,-1,0,53768,0,0,40110
142439,0,1,0,-1,-1,0,60821,0,0,40191
142450,0,0,0,60000,10000,1141,54092,0,0,40354
142451,0,0,-1,1500,-1,0,54101,0,0,40355
142457,0,0,-1,-1,-1,0,52648,0,0,39302
142458,0,0,-1,-1,3000,330,55884,0,0,39303
142459,0,0,-1,-1,-1,0,52084,0,0,39304
142460,0,0,-1,1500,-1,0,52655,0,0,39305
142464,0,0,0,120000,20000,0,60527,0,0,39388
142467,0,1,0,0,0,0,54707,0,0,40767
142468,0,0,0,7200000,0,0,54710,0,0,40768
142469,0,0,-1,900000,0,0,54711,0,0,40769
142470,0,0,-1,0,60000,24,67769,0,0,40771
142471,0,1,0,0,0,0,54808,0,0,40865
142472,0,1,0,-1,-1,0,54807,0,0,40867
142473,0,0,-1,0,0,0,55016,0,0,41118
142474,0,0,-1,0,60000,24,56350,0,0,41119
142475,0,0,-1,-1,-1,0,483,0,0,41120
142476,1,6,0,-1,-1,0,54980,0,0,41120
142477,0,0,0,60000,10000,1141,55039,0,0,41121
142478,1,1,0,-1,-1,0,33830,0,0,41289
142479,1,1,0,-1,-1,0,33830,0,0,41290
142480,1,1,0,-1,-1,0,33830,0,0,41291
142481,1,1,0,-1,-1,0,33830,0,0,41292
142482,1,1,0,-1,-1,0,33830,0,0,41293
142483,0,0,0,5000,-1,0,21855,0,0,41372
142484,0,0,-1,0,1000,59,55296,0,0,41374
142485,0,0,-1,0,0,0,55539,0,0,41524
142486,0,0,-1,0,0,0,55540,0,0,41526
142487,0,0,-1,0,0,0,55541,0,0,41527
142488,0,0,-1,0,0,0,55542,0,0,41529
142489,0,0,-1,-1,-1,0,55655,0,0,41611
142490,0,0,-1,1000,-1,0,55647,0,0,41612
142491,0,0,-1,-1,-1,0,483,0,0,41690
142492,1,6,0,-1,-1,0,53987,0,0,41690
142493,0,0,-1,-1,-1,0,483,0,0,41692
142494,1,6,0,-1,-1,0,54011,0,0,41692
142495,0,0,-1,-1,-1,0,483,0,0,41693
142496,1,6,0,-1,-1,0,54001,0,0,41693
142497,1,1,0,-1,-1,0,61249,0,0,41765
142498,1,1,0,-1,-1,0,61249,0,0,41766
142499,1,1,0,-1,-1,0,61249,0,0,41767
142500,0,0,-1,0,120000,4,54572,0,0,40677
142501,0,0,0,1800000,1800000,1051,54732,0,0,40772
142502,0,0,-1,-1,-1,0,483,0,0,41122
142503,1,6,0,-1,-1,0,54981,0,0,41122
142504,0,0,-1,-1,-1,0,483,0,0,41123
142505,1,6,0,-1,-1,0,54979,0,0,41123
142506,0,0,-1,-1,-1,0,483,0,0,41124
142507,1,6,0,-1,-1,0,54978,0,0,41124
142508,0,0,0,1800000,1800000,1051,54732,0,0,41125
142509,1,1,0,-1,-1,0,33830,0,0,41294
142510,1,1,0,-1,-1,0,33830,0,0,41295
142511,0,0,-1,0,0,0,55544,0,0,41530
142512,0,0,-1,0,0,0,55545,0,0,41531
142513,0,0,-1,0,0,0,55546,0,0,41532
142514,0,0,-1,0,0,0,55548,0,0,41533
142515,0,0,-1,0,0,0,55551,0,0,41534
142516,0,0,-1,0,0,0,55552,0,0,41535
142517,0,0,0,5000,-1,0,55705,0,0,41615
142518,0,0,-1,-1,-1,0,483,0,0,41694
142519,1,6,0,-1,-1,0,54006,0,0,41694
142520,0,0,-1,-1,-1,0,483,0,0,41696
142521,1,6,0,-1,-1,0,54009,0,0,41696
142522,0,0,-1,-1,-1,0,483,0,0,41697
142523,1,6,0,-1,-1,0,53998,0,0,41697
142524,1,1,0,-1,-1,0,61249,0,0,41768
142525,1,1,0,-1,-1,0,61249,0,0,41769
142526,0,1,0,-1,-1,0,61252,0,0,41770
142527,0,1,0,-1,-1,0,61252,0,0,41771
142528,0,1,0,-1,-1,0,61252,0,0,41772
142529,0,1,0,-1,-1,0,61252,0,0,41773
142530,0,1,0,-1,-1,0,60063,0,0,40682
142531,0,0,0,120000,-1,0,60054,0,0,40683
142532,0,1,0,-1,-1,0,33648,0,0,40684
142533,0,1,0,-1,-1,0,33953,0,0,40685
142534,0,0,-1,1500,-1,0,54577,0,0,40686
142535,1,5,0,-1,-1,0,54584,0,0,40686
142536,0,5,-1,-1,-1,0,54784,0,0,40796
142537,0,1,0,-1,-1,0,22778,0,0,40797
142538,0,1,0,-1,-1,0,54809,0,0,40875
142539,0,0,-1,5000,-1,0,55165,0,0,41130
142540,0,0,0,0,500,1149,55037,0,0,41131
142541,0,0,-1,0,0,0,55554,0,0,41536
142542,0,0,-1,0,0,0,55553,0,0,41537
142543,0,0,-1,0,0,0,55558,0,0,41538
142544,0,0,-1,0,0,0,55559,0,0,41539
142545,0,0,-1,0,0,0,55560,0,0,41540
142546,0,0,-1,0,0,0,55535,0,0,41541
142547,0,0,-1,0,0,0,55562,0,0,41542
142548,0,0,-1,-1,-1,0,483,0,0,41698
142549,1,6,0,-1,-1,0,53997,0,0,41698
142550,0,0,-1,-1,-1,0,483,0,0,41699
142551,1,6,0,-1,-1,0,54002,0,0,41699
142552,0,0,-1,-1,-1,0,483,0,0,41701
142553,1,6,0,-1,-1,0,53967,0,0,41701
142554,0,0,-1,-1,-1,0,483,0,0,41702
142555,1,6,0,-1,-1,0,53973,0,0,41702
142556,0,1,0,-1,-1,0,61252,0,0,41774
142557,0,1,0,-1,-1,0,61252,0,0,41775
142558,0,0,0,5000,-1,0,31696,0,0,41776
142559,0,0,-1,-1,-1,0,483,0,0,41777
142560,1,6,0,-1,-1,0,53976,0,0,41777
142561,0,0,-1,-1,-1,0,483,0,0,41778
142562,1,6,0,-1,-1,0,54023,0,0,41778
142566,0,1,0,-1,-1,0,44300,0,0,40798
142567,0,1,0,-1,-1,0,62459,0,0,40799
142568,0,0,-1,0,0,0,54793,0,0,40800
142569,0,1,0,-1,-1,0,22778,0,0,40801
142570,0,1,0,-1,-1,0,44300,0,0,40802
142571,0,0,0,5000,-1,0,49642,0,0,40970
142572,0,0,0,120000,-1,0,61122,0,0,40971
142573,0,0,-1,-1,-1,0,55884,0,0,41133
142574,1,6,0,-1,-1,0,55068,0,0,41133
142575,0,1,0,-1,-1,0,32973,0,0,41134
142576,0,1,0,-1,-1,0,32973,0,0,41135
142577,0,1,0,-1,-1,0,32973,0,0,41136
142578,0,0,0,60000,-1,0,55368,0,0,41390
142579,0,0,-1,0,0,0,55547,0,0,41547
142580,0,0,-1,-1,-1,0,483,0,0,41703
142581,1,6,0,-1,-1,0,53971,0,0,41703
142582,0,0,-1,-1,-1,0,483,0,0,41704
142583,1,6,0,-1,-1,0,55389,0,0,41704
142584,0,0,-1,-1,-1,0,483,0,0,41705
142585,1,6,0,-1,-1,0,55384,0,0,41705
142586,0,0,-1,-1,-1,0,483,0,0,41706
142587,1,6,0,-1,-1,0,55392,0,0,41706
142588,0,0,-1,-1,-1,0,483,0,0,41779
142589,1,6,0,-1,-1,0,53992,0,0,41779
142590,0,0,-1,-1,-1,0,483,0,0,41780
142591,1,6,0,-1,-1,0,53977,0,0,41780
142592,0,0,-1,-1,-1,0,483,0,0,41781
142593,1,6,0,-1,-1,0,54003,0,0,41781
142594,0,0,-1,-1,-1,0,483,0,0,41782
142595,1,6,0,-1,-1,0,54004,0,0,41782
142604,0,1,0,-1,-1,0,62459,0,0,40803
142605,0,1,0,-1,-1,0,22778,0,0,40804
142606,0,1,0,-1,-1,0,44300,0,0,40805
142607,0,1,0,-1,-1,0,62459,0,0,40806
142608,0,1,0,-1,-1,0,22778,0,0,40807
142609,0,1,0,-1,-1,0,32973,0,0,41137
142610,0,1,0,-1,-1,0,32973,0,0,41138
142611,0,1,0,-1,-1,0,32973,0,0,41139
142612,0,1,0,-1,-1,0,61255,0,0,41140
142613,0,1,0,-1,-1,0,61255,0,0,41141
142614,0,0,-1,0,0,0,55561,0,0,41552
142615,0,0,-1,-1,-1,0,483,0,0,41707
142616,1,6,0,-1,-1,0,55407,0,0,41707
142617,0,0,-1,-1,-1,0,483,0,0,41708
142618,1,6,0,-1,-1,0,55396,0,0,41708
142619,0,0,-1,-1,-1,0,483,0,0,41709
142620,1,6,0,-1,-1,0,55404,0,0,41709
142621,0,0,-1,-1,-1,0,483,0,0,41710
142622,1,6,0,-1,-1,0,55400,0,0,41710
142623,0,0,-1,-1,-1,0,483,0,0,41783
142624,1,6,0,-1,-1,0,53966,0,0,41783
142625,0,0,-1,-1,-1,0,483,0,0,41784
142626,1,6,0,-1,-1,0,53962,0,0,41784
142627,0,0,-1,-1,-1,0,483,0,0,41785
142628,1,6,0,-1,-1,0,53964,0,0,41785
142629,0,0,-1,-1,-1,0,483,0,0,41786
142630,1,6,0,-1,-1,0,55390,0,0,41786
142636,0,1,0,-1,-1,0,44297,0,0,41847
142637,0,1,0,-1,-1,0,44300,0,0,40808
142638,0,1,0,-1,-1,0,62459,0,0,40809
142639,0,1,0,-1,-1,0,22778,0,0,40810
142640,0,1,0,-1,-1,0,62459,0,0,40811
142641,0,1,0,-1,-1,0,44300,0,0,40812
142642,0,0,0,6000,-1,0,54933,0,0,41058
142643,0,1,0,-1,-1,0,61255,0,0,41142
142644,0,1,0,-1,-1,0,61255,0,0,41143
142645,0,1,0,-1,-1,0,61255,0,0,41144
142646,0,1,0,-1,-1,0,61255,0,0,41145
142647,0,0,-1,-1,-1,0,55076,0,0,41146
142648,0,0,-1,-1,-1,0,483,0,0,41711
142649,1,6,0,-1,-1,0,55403,0,0,41711
142650,0,0,-1,-1,-1,0,483,0,0,41787
142651,1,6,0,-1,-1,0,55395,0,0,41787
142652,0,0,-1,-1,-1,0,483,0,0,41788
142653,1,6,0,-1,-1,0,55405,0,0,41788
142654,0,0,-1,-1,-1,0,483,0,0,41789
142655,1,6,0,-1,-1,0,53975,0,0,41789
142656,0,0,-1,-1,-1,0,483,0,0,41790
142657,1,6,0,-1,-1,0,53951,0,0,41790
142659,0,1,0,-1,-1,0,60787,0,0,40705
142660,0,1,0,-1,-1,0,60818,0,0,40706
142661,0,1,0,-1,-1,0,60794,0,0,40707
142662,0,1,0,-1,-1,0,60770,0,0,40708
142663,0,1,0,-1,-1,0,60768,0,0,40709
142664,0,1,0,-1,-1,0,44297,0,0,41937
142665,0,1,0,-1,-1,0,44297,0,0,41938
142666,0,1,0,-1,-1,0,22778,0,0,40813
142667,0,1,0,-1,-1,0,62459,0,0,40814
142668,0,1,0,-1,-1,0,44300,0,0,40815
142669,0,0,0,3000,3000,1476,54844,0,0,40895
142670,0,0,-1,0,0,0,54854,0,0,40896
142671,0,0,-1,0,0,0,54858,0,0,40897
142672,0,0,-1,0,0,0,54856,0,0,40899
142673,0,0,-1,0,0,0,54857,0,0,40900
142674,0,0,-1,-1,-1,0,483,0,0,41402
142675,1,6,0,-1,-1,0,32869,0,0,41402
142676,0,0,-1,-1,-1,0,483,0,0,41403
142677,1,6,0,-1,-1,0,55396,0,0,41403
142678,0,0,-1,-1,-1,0,483,0,0,41404
142679,1,6,0,-1,-1,0,55397,0,0,41404
142680,0,0,-1,-1,-1,0,483,0,0,41405
142681,1,6,0,-1,-1,0,55398,0,0,41405
142682,0,0,-1,-1,-1,0,483,0,0,41559
142683,1,6,0,-1,-1,0,53857,0,0,41559
142684,0,0,-1,-1,-1,0,483,0,0,41560
142685,1,6,0,-1,-1,0,53943,0,0,41560
142686,0,0,-1,-1,-1,0,483,0,0,41561
142687,1,6,0,-1,-1,0,53885,0,0,41561
142688,1,1,0,-1,-1,0,61249,0,0,41643
142689,0,0,-1,-1,-1,0,483,0,0,41718
142690,1,6,0,-1,-1,0,53946,0,0,41718
142691,0,0,-1,-1,-1,0,483,0,0,41719
142692,1,6,0,-1,-1,0,53948,0,0,41719
142693,0,0,-1,-1,-1,0,483,0,0,41791
142694,1,6,0,-1,-1,0,53959,0,0,41791
142695,0,0,-1,-1,-1,0,483,0,0,41792
142696,1,6,0,-1,-1,0,53982,0,0,41792
142697,0,0,-1,-1,-1,0,483,0,0,41793
142698,1,6,0,-1,-1,0,54019,0,0,41793
142699,0,0,-1,-1,-1,0,483,0,0,41794
142700,1,6,0,-1,-1,0,53979,0,0,41794
142701,0,1,0,-1,-1,0,60764,0,0,40710
142702,0,1,0,-1,-1,0,60779,0,0,40711
142703,0,1,0,-1,-1,0,60777,0,0,40712
142704,0,1,0,-1,-1,0,60773,0,0,40713
142705,0,1,0,-1,-1,0,62147,0,0,40714
142706,0,1,0,-1,-1,0,44297,0,0,41939
142707,0,1,0,-1,-1,0,44297,0,0,41940
142708,0,1,0,-1,-1,0,44297,0,0,41941
142709,0,1,0,-1,-1,0,44297,0,0,41942
142710,0,1,0,-1,-1,0,54800,0,0,40822
142711,0,0,-1,0,0,0,54859,0,0,40901
142712,0,0,-1,0,0,0,54860,0,0,40902
142713,0,0,-1,0,0,0,54863,0,0,40903
142714,0,0,-1,0,0,0,54864,0,0,40906
142716,0,0,-1,-1,-1,0,483,0,0,41406
142717,1,6,0,-1,-1,0,55399,0,0,41406
142718,0,0,-1,-1,-1,0,483,0,0,41407
142719,1,6,0,-1,-1,0,55400,0,0,41407
142720,0,0,-1,-1,-1,0,483,0,0,41408
142721,1,6,0,-1,-1,0,55401,0,0,41408
142722,0,0,-1,-1,-1,0,483,0,0,41562
142723,1,6,0,-1,-1,0,53877,0,0,41562
142724,0,0,-1,-1,-1,0,483,0,0,41563
142725,1,6,0,-1,-1,0,53884,0,0,41563
142726,0,0,-1,-1,-1,0,483,0,0,41564
142727,1,6,0,-1,-1,0,53888,0,0,41564
142728,0,0,-1,-1,-1,0,483,0,0,41565
142729,1,6,0,-1,-1,0,53879,0,0,41565
142730,0,0,-1,-1,-1,0,483,0,0,41720
142731,1,6,0,-1,-1,0,53957,0,0,41720
142732,0,0,-1,-1,-1,0,483,0,0,41721
142733,1,6,0,-1,-1,0,53988,0,0,41721
142734,0,0,-1,-1,-1,0,483,0,0,41722
142735,1,6,0,-1,-1,0,53993,0,0,41722
142736,0,0,-1,-1,-1,0,483,0,0,41723
142737,1,6,0,-1,-1,0,53996,0,0,41723
142738,0,0,-1,-1,-1,0,483,0,0,41724
142739,1,6,0,-1,-1,0,54008,0,0,41724
142740,0,0,-1,-1,-1,0,483,0,0,41795
142741,1,6,0,-1,-1,0,53995,0,0,41795
142742,0,0,-1,-1,-1,0,483,0,0,41796
142743,1,6,0,-1,-1,0,53970,0,0,41796
142744,0,0,-1,-1,-1,0,483,0,0,41797
142745,1,6,0,-1,-1,0,55401,0,0,41797
142746,0,0,-1,-1,-1,0,483,0,0,41798
142747,1,6,0,-1,-1,0,55397,0,0,41798
142748,0,1,0,-1,-1,0,60826,0,0,40715
142754,0,0,-1,0,0,0,54865,0,0,40908
142755,0,0,-1,0,0,0,54866,0,0,40909
142756,0,0,-1,0,0,0,54867,0,0,40912
142757,0,0,-1,-1,-1,0,55083,0,0,41161
142758,0,0,-1,-1,-1,0,483,0,0,41409
142759,1,6,0,-1,-1,0,55402,0,0,41409
142760,0,0,-1,-1,-1,0,483,0,0,41410
142761,1,6,0,-1,-1,0,55403,0,0,41410
142762,0,0,-1,-1,-1,0,483,0,0,41411
142763,1,6,0,-1,-1,0,55404,0,0,41411
142764,0,0,-1,-1,-1,0,483,0,0,41412
142765,1,6,0,-1,-1,0,55405,0,0,41412
142766,0,0,-1,-1,-1,0,483,0,0,41566
142767,1,6,0,-1,-1,0,53875,0,0,41566
142768,0,0,-1,-1,-1,0,483,0,0,41567
142769,1,6,0,-1,-1,0,53917,0,0,41567
142770,0,0,-1,-1,-1,0,483,0,0,41568
142771,1,6,0,-1,-1,0,53921,0,0,41568
142772,0,0,-1,-1,-1,0,483,0,0,41569
142773,1,6,0,-1,-1,0,53933,0,0,41569
142774,0,0,-1,-1,-1,0,483,0,0,41725
142775,1,6,0,-1,-1,0,53965,0,0,41725
142776,0,0,-1,-1,-1,0,483,0,0,41726
142777,1,6,0,-1,-1,0,53974,0,0,41726
142778,0,0,-1,-1,-1,0,483,0,0,41727
142779,1,6,0,-1,-1,0,53960,0,0,41727
142780,0,0,-1,-1,-1,0,483,0,0,41728
142781,1,6,0,-1,-1,0,53955,0,0,41728
142782,0,0,-1,-1,-1,0,483,0,0,41799
142783,1,6,0,-1,-1,0,55398,0,0,41799
142788,0,0,0,86400000,0,0,54614,0,0,40725
142789,0,1,0,-1,-1,0,44297,0,0,41872
142790,0,1,0,-1,-1,0,54802,0,0,40832
142791,0,0,-1,0,0,0,54868,0,0,40913
142792,0,0,-1,0,0,0,54869,0,0,40914
142793,0,0,-1,0,0,0,54870,0,0,40915
142794,0,0,-1,0,0,0,54871,0,0,40916
142795,0,0,0,5000,-1,0,20211,0,0,40917
142796,1,1,0,-1,-1,0,38522,0,0,40918
142797,0,1,0,-1,-1,0,32973,0,0,40998
142798,0,1,0,-1,-1,0,32973,0,0,40999
142799,0,1,0,-1,-1,0,32973,0,0,41000
142800,0,1,0,-1,-1,0,32973,0,0,41001
142801,0,0,-1,0,60000,4,67489,0,0,41166
142802,0,0,-1,-1,-1,0,55135,0,0,41167
142803,0,0,-5,1000,-1,0,55153,0,0,41169
142804,0,0,-1,-1,-1,0,483,0,0,41413
142805,1,6,0,-1,-1,0,55407,0,0,41413
142806,0,0,-1,-1,-1,0,483,0,0,41414
142807,1,6,0,-1,-1,0,55384,0,0,41414
142808,0,0,-1,-1,-1,0,483,0,0,41415
142809,1,6,0,-1,-1,0,55386,0,0,41415
142810,0,0,-1,-1,-1,0,483,0,0,41416
142811,1,6,0,-1,-1,0,55387,0,0,41416
142812,0,0,-1,-1,-1,0,483,0,0,41570
142813,1,6,0,-1,-1,0,53932,0,0,41570
142814,0,0,-1,-1,-1,0,483,0,0,41571
142815,1,6,0,-1,-1,0,53924,0,0,41571
142816,0,0,-1,-1,-1,0,483,0,0,41572
142817,1,6,0,-1,-1,0,53919,0,0,41572
142818,0,0,-1,-1,-1,0,483,0,0,41573
142819,1,6,0,-1,-1,0,53929,0,0,41573
142820,0,0,-1,-1,-1,0,483,0,0,41574
142821,1,6,0,-1,-1,0,53869,0,0,41574
142822,0,0,-1,0,1000,11,45548,0,0,41729
142823,0,0,-1,-1,-1,0,483,0,0,41730
142824,1,6,0,-1,-1,0,53986,0,0,41730
142825,0,0,-1,0,1000,59,43183,0,0,41731
142826,0,0,-1,-1,-1,0,483,0,0,41732
142827,1,6,0,-1,-1,0,53990,0,0,41732
142828,0,0,-1,-1,-1,0,483,0,0,41733
142829,1,6,0,-1,-1,0,53981,0,0,41733
142830,0,0,0,900000,900000,30,54621,0,0,40727
142831,0,0,0,30000,-1,0,26560,0,0,40730
142832,0,0,0,-1,-1,0,54963,0,0,40731
142833,0,0,0,-1,-1,0,54669,0,0,40732
142834,0,1,0,-1,-1,0,44297,0,0,41873
142835,0,1,0,-1,-1,0,44297,0,0,41874
142836,0,1,0,-1,-1,0,44297,0,0,41875
142837,0,1,0,-1,-1,0,44297,0,0,41876
142838,0,0,-1,0,0,0,54872,0,0,40919
142839,0,0,-1,0,0,0,54873,0,0,40920
142840,0,0,-1,0,0,0,54874,0,0,40921
142841,0,0,-1,0,0,0,54875,0,0,40922
142842,0,0,-1,0,0,0,54876,0,0,40923
142843,0,0,-1,0,0,0,54877,0,0,40924
142844,0,1,0,-1,-1,0,32973,0,0,41002
142845,0,1,0,-1,-1,0,32973,0,0,41003
142846,0,1,0,-1,-1,0,32973,0,0,41004
142847,0,1,0,-1,-1,0,32973,0,0,41005
142848,0,1,0,-1,-1,0,32973,0,0,41006
142849,0,0,-5,1000,-1,0,55152,0,0,41170
142850,0,0,-5,1000,-1,0,55154,0,0,41171
142851,0,0,-5,1000,-1,0,55155,0,0,41172
142852,0,0,-5,1000,-1,0,55156,0,0,41173
142853,0,0,-5,1000,-1,0,55158,0,0,41174
142854,0,0,-1,1500,-1,0,56393,0,0,41340
142857,0,0,-1,-1,-1,0,483,0,0,41417
142858,1,6,0,-1,-1,0,55388,0,0,41417
142859,0,0,-1,-1,-1,0,483,0,0,41418
142860,1,6,0,-1,-1,0,55389,0,0,41418
142861,0,0,-1,-1,-1,0,483,0,0,41419
142862,1,6,0,-1,-1,0,55390,0,0,41419
142863,0,0,-1,-1,-1,0,483,0,0,41420
142864,1,6,0,-1,-1,0,55392,0,0,41420
142865,0,0,-1,-1,-1,0,483,0,0,41575
142866,1,6,0,-1,-1,0,53865,0,0,41575
142867,0,0,-1,-1,-1,0,483,0,0,41576
142868,1,6,0,-1,-1,0,53830,0,0,41576
142869,0,0,-1,-1,-1,0,483,0,0,41577
142870,1,6,0,-1,-1,0,53945,0,0,41577
142871,0,0,-1,-1,-1,0,483,0,0,41578
142872,1,6,0,-1,-1,0,53949,0,0,41578
142873,0,0,-1,-1,-1,0,483,0,0,41734
142874,1,6,0,-1,-1,0,53978,0,0,41734
142875,0,0,-1,-1,-1,0,483,0,0,41735
142876,1,6,0,-1,-1,0,54014,0,0,41735
142877,0,0,-1,-1,-1,0,483,0,0,41736
142878,1,6,0,-1,-1,0,54013,0,0,41736
142879,0,0,-1,-1,-1,0,483,0,0,41737
142880,1,6,0,-1,-1,0,54005,0,0,41737
142886,0,1,0,-1,-1,0,54803,0,0,40839
142887,1,1,0,-1,-1,0,38522,0,0,40925
142888,1,1,0,-1,-1,0,38522,0,0,40926
142889,1,1,0,-1,-1,0,38522,0,0,40927
142890,1,1,0,-1,-1,0,38522,0,0,40928
142891,1,1,0,-1,-1,0,38522,0,0,40929
142892,0,1,0,-1,-1,0,32973,0,0,41007
142893,0,1,0,-1,-1,0,32973,0,0,41008
142894,0,1,0,-1,-1,0,32973,0,0,41009
142895,0,0,-1,0,0,0,54998,0,0,41091
142896,0,0,0,14400000,0,0,54903,0,0,41178
142897,0,0,0,5000,-1,0,55161,0,0,41179
142898,0,0,0,5000,-1,0,30740,0,0,41265
142899,0,0,-1,-1,-1,0,483,0,0,41421
142900,1,6,0,-1,-1,0,55393,0,0,41421
142901,0,0,-1,-1,-1,0,483,0,0,41422
142902,1,6,0,-1,-1,0,55394,0,0,41422
142903,0,0,-1,-1,-1,0,483,0,0,41423
142904,1,6,0,-1,-1,0,55395,0,0,41423
142905,0,0,-1,-1,-1,0,483,0,0,41579
142906,1,6,0,-1,-1,0,53961,0,0,41579
142907,0,0,-1,-1,-1,0,483,0,0,41580
142908,1,6,0,-1,-1,0,53958,0,0,41580
142909,0,0,-1,-1,-1,0,483,0,0,41581
142910,1,6,0,-1,-1,0,53954,0,0,41581
142911,0,0,-1,-1,-1,0,483,0,0,41582
142912,1,6,0,-1,-1,0,53980,0,0,41582
142913,0,0,-1,-1,-1,0,483,0,0,41738
142914,1,6,0,-1,-1,0,54000,0,0,41738
142915,0,0,-1,-1,-1,0,483,0,0,41739
142916,1,6,0,-1,-1,0,54010,0,0,41739
142917,0,0,-1,-1,-1,0,483,0,0,41740
142918,1,6,0,-1,-1,0,53968,0,0,41740
142919,0,0,-1,-1,-1,0,483,0,0,41817
142920,1,6,0,-1,-1,0,53950,0,0,41817
142921,0,0,-1,-1,-1,0,483,0,0,41818
142922,1,6,0,-1,-1,0,53994,0,0,41818
142923,0,0,-1,-1,-1,0,483,0,0,41819
142924,1,6,0,-1,-1,0,54012,0,0,41819
142925,0,0,-1,-1,-1,0,483,0,0,41820
142926,1,6,0,-1,-1,0,53972,0,0,41820
142934,0,1,0,-1,-1,0,44301,0,0,41968
142935,0,1,0,-1,-1,0,44301,0,0,41969
142936,0,1,0,-1,-1,0,44301,0,0,41970
142937,0,1,0,-1,-1,0,44301,0,0,41971
142938,0,0,-1,0,0,0,55003,0,0,41092
142939,0,0,-1,0,0,0,54758,0,0,41093
142940,0,0,-1,0,0,0,55109,0,0,41094
142941,0,0,-1,0,0,0,55110,0,0,41095
142942,0,0,-1,0,0,0,55111,0,0,41096
142943,0,0,-1,0,0,0,55112,0,0,41097
142945,1,1,0,-1,-1,0,33830,0,0,41268
142946,0,0,-1,1000,-1,0,55420,0,0,41427
142947,0,0,-1,-1,-1,0,54530,0,0,41428
142948,0,0,0,5000,-1,0,54964,0,0,41430
142949,0,0,0,10000,-1,0,55818,0,0,41505
142950,1,0,0,180000,180000,1190,44055,0,0,41587
142951,1,0,0,180000,180000,1190,44055,0,0,41588
142952,0,0,-1,-1,-1,0,483,0,0,41742
142953,1,6,0,-1,-1,0,55393,0,0,41742
142954,0,0,-1,-1,-1,0,483,0,0,41743
142955,1,6,0,-1,-1,0,55387,0,0,41743
142956,0,0,-1,-1,-1,0,483,0,0,41744
142957,1,6,0,-1,-1,0,55388,0,0,41744
142965,0,1,0,-1,-1,0,44301,0,0,41972
142966,0,1,0,-1,-1,0,44301,0,0,41973
142967,0,0,-1,-1,-1,0,55836,0,0,41976
142968,0,0,-1,0,0,0,55113,0,0,41098
142969,0,0,-1,0,0,0,55114,0,0,41099
142970,0,0,-1,0,0,0,55115,0,0,41100
142971,0,0,-1,0,0,0,55116,0,0,41101
142972,0,0,-1,0,0,0,55117,0,0,41102
142973,0,0,-1,0,0,0,55118,0,0,41103
142974,0,0,-1,0,0,0,55119,0,0,41104
142977,0,0,-5,1000,-1,0,55171,0,0,41191
142978,0,0,0,1500,-1,0,55522,0,0,41431
142979,0,0,0,-1,-1,0,55525,0,0,41507
142980,0,0,-1,-1,3000,330,483,0,0,41508
142981,1,6,0,0,0,0,55531,0,0,41508
142982,0,0,-1,0,60000,24,55536,0,0,41509
142983,1,0,0,180000,180000,1190,44055,0,0,41589
142984,1,0,0,180000,180000,1190,44055,0,0,41590
142985,0,1,0,-1,-1,0,55735,0,0,41746
142986,0,0,-1,-1,-1,0,483,0,0,41747
142987,1,6,0,-1,-1,0,53963,0,0,41747
142988,0,1,0,-1,-1,0,55755,0,0,41750
142989,0,0,-1,0,1000,11,27094,0,0,41751
142994,0,0,0,900000,900000,30,54621,0,0,40754
142995,0,0,-5,1000,-1,0,54721,0,0,40773
142996,0,0,-5,1000,-1,0,54730,0,0,40774
142997,0,0,-1,-1,3000,330,483,0,0,40775
142998,1,6,0,-1,-1,0,54729,0,0,40775
142999,0,0,-1,0,0,0,54736,0,0,40776
143000,0,0,-1,-1,3000,330,483,0,0,40777
143001,1,6,0,0,0,0,54753,0,0,40777
143002,0,0,10,10000,10000,1157,28451,0,0,40945
143003,0,0,0,1000,-1,0,21014,0,0,40946
143004,0,0,-1,0,0,0,55120,0,0,41105
143005,0,0,-1,0,0,0,55121,0,0,41106
143006,0,0,-1,0,0,0,55122,0,0,41107
143007,0,0,-1,0,0,0,55123,0,0,41108
143008,0,0,-1,0,0,0,55124,0,0,41109
143009,0,0,-1,0,0,0,55125,0,0,41110
143010,0,0,-1,0,0,0,55002,0,0,41111
143011,0,0,-5,1000,-1,0,55175,0,0,41192
143012,0,0,-5,1000,-1,0,55178,0,0,41193
143013,0,0,-5,1000,-1,0,55188,0,0,41194
143014,0,0,-5,1000,-1,0,55190,0,0,41195
143015,0,0,-5,1000,-1,0,55194,0,0,41196
143016,0,0,-1,0,0,0,55537,0,0,41517
143017,0,0,-1,0,0,0,55538,0,0,41518
143018,0,0,-1,-1,-1,0,55630,0,0,41601
143019,0,1,0,-1,-1,0,55755,0,0,41753
143020,0,0,-1,0,1000,11,43180,0,0,40667
143026,0,0,-1,3600000,0,0,54910,0,0,40948
143027,0,1,0,-1,-1,0,61477,0,0,41112
143028,1,1,0,-1,-1,0,33830,0,0,41284
143029,1,1,0,-1,-1,0,33830,0,0,41286
143030,1,1,0,-1,-1,0,33830,0,0,41287
143031,1,1,0,-1,-1,0,33830,0,0,41288
143032,0,0,0,5000,-1,0,29070,0,0,41366
143033,0,0,-40,0,0,0,55346,0,0,41367
143034,0,0,-1,-1,-1,0,55631,0,0,41602
143035,0,0,-1,-1,-1,0,55632,0,0,41603
143036,0,0,-1,-1,-1,0,55634,0,0,41604
143037,0,0,-1,-1,-1,0,55631,0,0,41605
143038,0,0,-1,-1,-1,0,55634,0,0,41606
143039,0,0,-1,-1,-1,0,483,0,0,41686
143040,1,6,0,-1,-1,0,53984,0,0,41686
143041,0,0,-1,-1,-1,0,483,0,0,41687
143042,1,6,0,-1,-1,0,53991,0,0,41687
143043,0,0,-1,-1,-1,0,483,0,0,41688
143044,1,6,0,-1,-1,0,53985,0,0,41688
143045,0,0,-1,-1,-1,0,483,0,0,41689
143046,1,6,0,-1,-1,0,53983,0,0,41689
143048,0,0,0,1500,-1,0,54536,0,0,40676
143060,0,0,-1,-1,-1,0,483,0,0,43320
143061,1,6,0,-1,-1,0,58150,0,0,43320
143062,0,0,-1,-1,-1,0,483,0,0,42178
143063,1,6,0,-1,-1,0,55999,0,0,42178
143064,0,0,-1,-1,-1,0,483,0,0,42179
143065,1,6,0,-1,-1,0,56000,0,0,42179
143066,0,0,-1,-1,-1,0,483,0,0,42180
143067,1,6,0,-1,-1,0,56002,0,0,42180
143068,0,0,-1,-1,-1,0,483,0,0,42181
143069,1,6,0,-1,-1,0,56001,0,0,42181
143070,0,0,-1,-1,-1,0,483,0,0,42182
143071,1,6,0,-1,-1,0,56003,0,0,42182
143072,0,0,-1,1800000,-1,0,56261,0,0,42439
143073,0,0,0,5000,-1,0,56275,0,0,42441
143074,0,0,0,60000,-1,0,56278,0,0,42442
143075,0,1,0,-1,-1,0,56394,0,0,42535
143076,0,1,0,-1,-1,0,46055,0,0,42536
143077,0,1,0,-1,-1,0,56395,0,0,42537
143078,0,1,0,-1,-1,0,64121,0,0,42538
143079,0,1,0,0,0,0,56399,0,0,42540
143080,0,1,0,-1,-1,0,60659,0,0,42614
143081,0,1,0,-1,-1,0,60661,0,0,42615
143082,0,1,0,-1,-1,0,60662,0,0,42616
143083,0,1,0,-1,-1,0,60664,0,0,42617
143084,0,1,0,-1,-1,0,60675,0,0,42618
143085,0,1,0,-1,-1,0,23044,0,0,42703
143093,0,1,0,-1,-1,0,23044,0,0,42708
143095,0,0,0,5000,-1,0,56893,0,0,42894
143096,0,1,0,-1,-1,0,57351,0,0,42989
143097,0,1,0,-1,-1,0,57352,0,0,42990
143098,0,1,0,-1,-1,0,59906,0,0,42991
143099,0,1,0,-1,-1,0,59915,0,0,42992
143100,0,0,-1,0,1000,11,57354,0,0,42993
143101,0,0,-1,0,1000,11,57355,0,0,42994
143102,0,0,-1,-1,-1,0,57844,0,0,43170
143103,0,0,0,0,60000,1149,58013,0,0,43243
143104,0,0,-1,-1,-1,0,483,0,0,42183
143105,1,6,0,-1,-1,0,56004,0,0,42183
143106,0,0,-1,-1,-1,0,483,0,0,42184
143107,1,6,0,-1,-1,0,56005,0,0,42184
143108,0,0,-1,-1,-1,0,483,0,0,42185
143109,1,6,0,-1,-1,0,56006,0,0,42185
143110,0,0,-1,-1,-1,0,483,0,0,42186
143111,1,6,0,-1,-1,0,56007,0,0,42186
143112,0,0,-1,-1,-1,0,483,0,0,42187
143113,1,6,0,-1,-1,0,56009,0,0,42187
143114,0,0,-1,1000,1000,11,7737,0,0,42350
143115,0,0,-1,0,60000,4,67490,0,0,42545
143116,0,1,0,-1,-1,0,60685,0,0,42619
143117,0,1,0,-1,-1,0,60686,0,0,42620
143118,0,1,0,-1,-1,0,60687,0,0,42621
143119,0,1,0,-1,-1,0,60688,0,0,42622
143120,0,1,0,-1,-1,0,60690,0,0,42623
143127,0,0,-1,0,0,0,56869,0,0,42897
143128,0,0,-1,0,0,0,56870,0,0,42898
143129,0,0,-1,0,0,0,56871,0,0,42899
143130,0,0,-1,0,0,0,56872,0,0,42900
143131,0,0,-1,0,0,0,56873,0,0,42901
143132,0,0,-1,0,0,0,56874,0,0,42902
143133,0,0,-1,0,1000,11,57357,0,0,42995
143134,0,0,-1,0,1000,11,57359,0,0,42996
143135,0,0,-1,0,1000,11,57362,0,0,42997
143136,0,0,-1,0,1000,11,57364,0,0,42998
143137,0,0,-1,0,1000,11,57366,0,0,42999
143138,0,0,-1,0,1000,11,57370,0,0,43000
143139,0,0,-1,0,1000,11,57372,0,0,43001
143140,0,0,-1,0,1000,59,43182,0,0,43086
143141,0,0,-1,0,1000,11,45548,0,0,43087
143142,0,0,-1,1800000,-1,0,57653,0,0,43088
143143,0,0,-1,0,0,0,58161,0,0,43331
143144,0,0,-1,0,0,0,58163,0,0,43332
143145,0,0,-1,0,0,0,58158,0,0,43334
143146,0,0,-1,0,0,0,58159,0,0,43335
143147,0,0,-1,3600000,0,0,58173,0,0,43336
143148,0,0,-1,-1,-1,0,58073,0,0,42104
143149,0,0,-1,-1,-1,0,58074,0,0,42105
143150,0,0,-1,-1,-1,0,58075,0,0,42106
143151,0,0,-1,-1,-1,0,58076,0,0,42107
143152,0,0,-1,-1,-1,0,58077,0,0,42108
143153,0,0,-1,-1,-1,0,483,0,0,42188
143154,1,6,0,-1,-1,0,56011,0,0,42188
143155,0,0,-1,-1,-1,0,483,0,0,42189
143156,1,6,0,-1,-1,0,56016,0,0,42189
143157,0,0,-1,-1,-1,0,483,0,0,42190
143158,1,6,0,-1,-1,0,56017,0,0,42190
143159,0,0,-1,-1,-1,0,483,0,0,42191
143160,1,6,0,-1,-1,0,56018,0,0,42191
143161,0,0,-1,0,0,0,56268,0,0,42453
143162,0,0,-1,0,0,0,56270,0,0,42454
143163,0,0,-1,0,0,0,56271,0,0,42455
143164,0,0,-1,0,0,0,56282,0,0,42456
143165,0,0,-1,0,0,0,56283,0,0,42457
143166,0,0,-1,0,0,0,56403,0,0,42546
143167,0,0,-1,0,120000,4,53908,0,0,42548
143168,3,0,0,3000,0,0,12883,0,0,42549
143169,2,0,0,3000,0,0,12883,0,0,42550
143170,0,0,0,10000,-1,0,56448,0,0,42624
143171,0,1,0,-1,-1,0,22778,0,0,42626
143172,0,1,0,-1,-1,0,33066,0,0,42715
143178,0,1,0,-1,-1,0,33063,0,0,42720
143180,0,0,-1,0,0,0,56875,0,0,42903
143181,0,0,-1,0,0,0,56876,0,0,42904
143182,0,0,-1,0,0,0,56877,0,0,42905
143183,0,0,-1,0,0,0,56878,0,0,42906
143184,0,0,-1,0,0,0,56879,0,0,42907
143185,0,0,-1,0,0,0,56880,0,0,42908
143186,0,0,-1,0,0,0,56881,0,0,42909
143187,0,0,-1,1000,-1,0,57375,0,0,43002
143188,1,5,-1,-1,-1,0,57378,0,0,43002
143189,0,0,-1,0,1000,11,57388,0,0,43004
143190,0,0,-1,0,1000,11,43771,0,0,43005
143191,0,0,-1,1500,-1,0,49349,0,0,43006
143192,0,0,-1,-1,-1,0,57672,0,0,43090
143193,0,0,-1,-1,-1,0,7865,0,0,43094
143194,0,0,-1,3600000,0,0,58166,0,0,43337
143195,0,0,-1,0,0,0,58186,0,0,43338
143196,0,0,-1,0,0,0,58235,0,0,43339
143197,0,0,-1,0,0,0,58243,0,0,43340
143198,0,0,-1,0,0,0,58248,0,0,43342
143199,0,0,-1,-1,-1,0,483,0,0,42192
143200,1,6,0,-1,-1,0,56019,0,0,42192
143201,0,0,-1,-1,-1,0,483,0,0,42193
143202,1,6,0,-1,-1,0,56020,0,0,42193
143203,0,0,-1,-1,-1,0,483,0,0,42194
143204,1,6,0,-1,-1,0,56021,0,0,42194
143205,0,0,-1,-1,-1,0,483,0,0,42195
143206,1,6,0,-1,-1,0,56022,0,0,42195
143207,0,0,-1,-1,-1,0,483,0,0,42196
143208,1,6,0,-1,-1,0,56023,0,0,42196
143209,0,0,-1,0,0,0,56284,0,0,42458
143210,0,0,-1,0,0,0,56285,0,0,42459
143211,0,0,-1,0,0,0,56286,0,0,42460
143212,0,0,-1,0,0,0,56288,0,0,42461
143213,0,0,-1,0,0,0,56289,0,0,42462
143214,0,0,-1,0,0,0,56290,0,0,42463
143215,0,0,-1,0,0,0,56291,0,0,42464
143216,2,0,0,3000,0,0,12883,0,0,42551
143217,2,0,0,3000,0,0,12883,0,0,42552
143218,2,0,0,3000,0,0,12883,0,0,42553
143219,2,0,0,3000,0,0,12883,0,0,42554
143220,2,0,0,3000,0,0,12883,0,0,42555
143221,1,1,0,-1,-1,0,23300,0,0,42631
143225,0,0,-1,0,0,0,56882,0,0,42910
143226,0,0,-1,0,0,0,56883,0,0,42911
143227,0,0,-1,0,0,0,56884,0,0,42912
143228,0,0,-1,0,0,0,56885,0,0,42913
143229,0,0,-1,0,0,0,56886,0,0,42914
143230,0,0,-1,0,0,0,56887,0,0,42915
143231,0,0,-1,0,0,0,56888,0,0,42916
143232,0,0,-1,0,0,0,57683,0,0,43097
143234,0,1,0,-1,-1,0,33063,0,0,42014
143235,0,0,-1,0,0,0,58256,0,0,43343
143236,0,0,-1,0,0,0,58264,0,0,43344
143237,0,0,-1,-1,-1,0,483,0,0,42197
143238,1,6,0,-1,-1,0,56024,0,0,42197
143239,0,0,-1,-1,-1,0,483,0,0,42198
143240,1,6,0,-1,-1,0,56025,0,0,42198
143241,0,0,-1,-1,-1,0,483,0,0,42199
143242,1,6,0,-1,-1,0,56026,0,0,42199
143243,0,0,-1,-1,-1,0,483,0,0,42200
143244,1,6,0,-1,-1,0,56027,0,0,42200
143245,0,0,-1,0,0,0,56292,0,0,42465
143246,0,0,-1,0,0,0,56293,0,0,42466
143247,0,0,-1,0,0,0,56294,0,0,42467
143248,0,0,-1,0,0,0,56295,0,0,42468
143249,0,0,-1,0,0,0,56296,0,0,42469
143250,0,0,-1,0,0,0,56297,0,0,42470
143251,0,0,-1,0,0,0,56299,0,0,42471
143253,1,1,0,-1,-1,0,38522,0,0,42636
143257,0,0,-1,300000,60000,24,56488,0,0,42641
143258,0,0,-1,0,0,0,56889,0,0,42917
143259,0,0,0,30000,-1,0,56863,0,0,42918
143260,0,0,-1,0,1000,11,57426,0,0,43015
143261,0,0,-1,-1,-1,0,483,0,0,43017
143262,1,6,0,-1,-1,0,57423,0,0,43017
143263,0,0,-1,-1,-1,0,483,0,0,43018
143264,1,6,0,-1,-1,0,45555,0,0,43018
143265,0,0,-1,-1,-1,0,57686,0,0,43101
143266,0,1,0,-1,-1,0,33063,0,0,42015
143267,0,1,0,-1,-1,0,33063,0,0,42016
143268,0,1,0,-1,-1,0,33063,0,0,42017
143269,0,1,0,-1,-1,0,33063,0,0,42018
143270,0,1,0,-1,-1,0,33063,0,0,42019
143271,0,0,-1,0,0,0,58188,0,0,43350
143272,0,0,-1,0,0,0,58229,0,0,43351
143273,0,0,-1,0,-1,0,55592,0,0,43352
143274,0,0,-1,0,0,0,58233,0,0,43354
143275,0,0,0,120000,120000,1182,42292,0,0,42122
143276,0,0,0,120000,120000,1182,42292,0,0,42123
143277,0,0,-1,-1,-1,0,483,0,0,42201
143278,1,6,0,-1,-1,0,56028,0,0,42201
143279,0,0,-1,-1,-1,0,483,0,0,42202
143280,1,6,0,-1,-1,0,56029,0,0,42202
143281,0,0,-1,0,0,0,56301,0,0,42472
143282,0,0,-1,0,0,0,56302,0,0,42473
143283,0,0,-1,1000,-1,0,56308,0,0,42474
143284,0,0,0,10000,-1,0,56562,0,0,42732
143285,0,0,-1,-1,-1,0,56573,0,0,42733
143286,0,0,-1,0,0,0,56540,0,0,42734
143287,0,0,-1,0,0,0,56542,0,0,42735
143288,0,0,-1,0,0,0,56544,0,0,42736
143289,0,0,-1,0,0,0,56546,0,0,42737
143290,0,0,0,300000,300000,1232,56894,0,0,42922
143291,0,0,0,5000,-1,0,36851,0,0,42928
143292,0,0,-1,-1,-1,0,483,0,0,43019
143293,1,6,0,-1,-1,0,45556,0,0,43019
143294,0,0,-1,-1,-1,0,483,0,0,43020
143295,1,6,0,-1,-1,0,45557,0,0,43020
143296,0,0,-1,-1,-1,0,483,0,0,43021
143297,1,6,0,-1,-1,0,45558,0,0,43021
143298,0,0,-1,-1,-1,0,483,0,0,43022
143299,1,6,0,-1,-1,0,45559,0,0,43022
143300,0,0,-1,0,1000,11,58067,0,0,43268
143301,0,0,-1,0,0,0,58232,0,0,43355
143302,0,0,-1,0,0,0,58234,0,0,43356
143303,0,0,-1,0,0,0,58236,0,0,43357
143304,0,0,-1,0,0,0,58238,0,0,43359
143305,0,0,-1,0,0,0,58237,0,0,43360
143306,0,0,0,120000,120000,1182,42292,0,0,42124
143307,0,0,0,120000,120000,1182,42292,0,0,42125
143308,0,0,0,120000,120000,1182,42292,0,0,42126
143309,0,0,0,120000,120000,1182,42292,0,0,42127
143310,1,0,0,180000,180000,1190,55915,0,0,42128
143311,1,0,0,180000,180000,1190,55915,0,0,42129
143312,0,0,-1,-1,-1,0,483,0,0,42298
143313,1,6,0,-1,-1,0,56049,0,0,42298
143314,0,0,-1,-1,-1,0,483,0,0,42299
143315,1,6,0,-1,-1,0,56054,0,0,42299
143316,0,0,-1,1000,1000,0,56128,0,0,42381
143317,0,0,0,30000,-1,0,56313,0,0,42479
143318,0,0,0,1000,-1,0,23301,0,0,42480
143319,0,0,0,15000,-1,0,56345,0,0,42481
143320,0,0,0,-1,-1,0,3366,0,0,42482
143321,0,0,-1,-1,-1,0,483,0,0,42648
143322,1,6,0,-1,-1,0,56496,0,0,42648
143323,0,0,-1,-1,-1,0,483,0,0,42649
143324,1,6,0,-1,-1,0,56497,0,0,42649
143325,0,0,-1,-1,-1,0,483,0,0,42650
143326,1,6,0,-1,-1,0,56498,0,0,42650
143327,0,0,-1,0,0,0,56547,0,0,42738
143328,0,0,-1,0,0,0,56587,0,0,42739
143329,0,0,-1,0,0,0,56588,0,0,42740
143330,0,0,-1,0,0,0,56589,0,0,42741
143331,0,0,-1,0,0,0,56590,0,0,42742
143332,0,0,-1,0,0,0,56591,0,0,42743
143333,0,0,-1,0,0,0,56592,0,0,42744
143334,0,0,0,5000,5000,1140,56033,0,0,42837
143335,0,0,-1,-1,-1,0,483,0,0,43023
143336,1,6,0,-1,-1,0,45567,0,0,43023
143337,0,0,-1,-1,-1,0,483,0,0,43024
143338,1,6,0,-1,-1,0,45568,0,0,43024
143339,0,0,-1,-1,-1,0,483,0,0,43025
143340,1,6,0,-1,-1,0,45571,0,0,43025
143341,0,0,-1,-1,-1,0,483,0,0,43026
143342,1,6,0,-1,-1,0,45570,0,0,43026
143343,0,0,-1,0,0,0,58239,0,0,43361
143344,0,0,-1,0,0,0,58240,0,0,43362
143345,0,0,-1,0,0,0,58241,0,0,43364
143346,0,0,-1,0,0,0,58242,0,0,43365
143347,0,0,-1,0,0,0,58244,0,0,43366
143348,1,0,0,180000,180000,1190,55915,0,0,42130
143349,1,0,0,180000,180000,1190,55915,0,0,42131
143350,1,0,0,180000,180000,1190,55915,0,0,42132
143351,1,0,0,180000,180000,1190,67596,0,0,42133
143352,1,0,0,180000,180000,1190,67596,0,0,42134
143353,1,0,0,180000,180000,1190,67596,0,0,42135
143354,0,0,-1,-1,-1,0,483,0,0,42300
143355,1,6,0,-1,-1,0,56074,0,0,42300
143356,0,0,-1,-1,-1,0,483,0,0,42301
143357,1,6,0,-1,-1,0,56052,0,0,42301
143358,0,0,-1,-1,-1,0,483,0,0,42302
143359,1,6,0,-1,-1,0,56056,0,0,42302
143360,0,0,-1,-1,-1,0,483,0,0,42303
143361,1,6,0,-1,-1,0,56076,0,0,42303
143362,0,1,0,-1,-1,0,60693,0,0,42574
143363,0,1,0,-1,-1,0,60710,0,0,42575
143364,0,1,0,-1,-1,0,60733,0,0,42576
143365,0,1,0,-1,-1,0,60736,0,0,42577
143366,0,0,-1,-1,-1,0,483,0,0,42651
143367,1,6,0,-1,-1,0,56499,0,0,42651
143368,0,0,-1,-1,-1,0,483,0,0,42652
143369,1,6,0,-1,-1,0,56500,0,0,42652
143370,0,0,-1,-1,-1,0,483,0,0,42653
143371,1,6,0,-1,-1,0,56501,0,0,42653
143372,0,0,-1,0,0,0,56593,0,0,42745
143373,0,0,-1,0,0,0,56594,0,0,42746
143374,0,0,-1,0,0,0,56595,0,0,42747
143375,0,0,-1,0,0,0,56596,0,0,42748
143376,0,0,-1,0,0,0,56597,0,0,42749
143377,0,0,-1,0,0,0,56598,0,0,42750
143378,0,0,-1,0,0,0,56599,0,0,42751
143379,0,0,0,5000,-1,0,57939,0,0,42839
143380,0,0,0,60000,-1,0,56409,0,0,42840
143381,0,0,-1,-1,-1,0,483,0,0,43027
143382,1,6,0,-1,-1,0,57433,0,0,43027
143383,0,0,-1,-1,-1,0,483,0,0,43028
143384,1,6,0,-1,-1,0,57434,0,0,43028
143385,0,0,-1,-1,-1,0,483,0,0,43029
143386,1,6,0,-1,-1,0,57435,0,0,43029
143387,0,0,-1,-1,-1,0,483,0,0,43030
143388,1,6,0,-1,-1,0,57436,0,0,43030
143389,0,0,0,0,10000,1149,57906,0,0,43206
143390,0,0,-1,0,0,0,58245,0,0,43367
143391,0,0,-1,0,0,0,58246,0,0,43368
143392,0,0,-1,0,0,0,58247,0,0,43369
143393,0,0,-1,0,0,0,58249,0,0,43370
143394,0,0,-1,0,0,0,58250,0,0,43371
143395,0,0,-1,0,0,0,58252,0,0,43372
143396,1,0,0,180000,180000,1190,67596,0,0,42136
143397,1,0,0,180000,180000,1190,67596,0,0,42137
143398,0,0,-1,-1,-1,0,483,0,0,42138
143399,1,6,0,-1,-1,0,53952,0,0,42138
143401,0,0,-1,-1,-1,0,483,0,0,42304
143402,1,6,0,-1,-1,0,56077,0,0,42304
143403,0,0,-1,-1,-1,0,483,0,0,42305
143404,1,6,0,-1,-1,0,56079,0,0,42305
143405,0,0,-1,-1,-1,0,483,0,0,42306
143406,1,6,0,-1,-1,0,56081,0,0,42306
143407,0,0,-1,-1,-1,0,483,0,0,42307
143408,1,6,0,-1,-1,0,56083,0,0,42307
143409,0,0,0,120000,20000,1141,56184,0,0,42395
143410,0,0,-1,0,0,0,56162,0,0,42396
143411,0,1,0,-1,-1,0,60738,0,0,42578
143412,0,1,0,-1,-1,0,60739,0,0,42579
143413,0,1,0,-1,-1,0,60740,0,0,42580
143414,0,1,0,-1,-1,0,60741,0,0,42581
143415,0,1,0,-1,-1,0,60717,0,0,42582
143416,0,1,0,-1,-1,0,22778,0,0,42655
143419,0,1,0,-1,-1,0,32973,0,0,42660
143421,0,0,-1,0,0,0,56600,0,0,42752
143422,0,0,-1,0,0,0,56601,0,0,42753
143423,0,0,-1,0,0,0,56602,0,0,42754
143427,0,0,-1,0,1000,11,57101,0,0,42942
143428,0,0,-1,-1,-1,0,483,0,0,43031
143429,1,6,0,-1,-1,0,57437,0,0,43031
143430,0,0,-1,-1,-1,0,483,0,0,43032
143431,1,6,0,-1,-1,0,57438,0,0,43032
143432,0,0,-1,-1,-1,0,483,0,0,43033
143433,1,6,0,-1,-1,0,57439,0,0,43033
143434,0,0,-1,-1,-1,0,483,0,0,43034
143435,1,6,0,-1,-1,0,57440,0,0,43034
143436,0,0,0,2000,-1,0,57908,0,0,43214
143437,0,0,-1,0,0,0,58251,0,0,43373
143438,0,0,-1,0,0,0,58253,0,0,43374
143439,0,0,-1,0,0,0,58254,0,0,43376
143440,0,0,-1,0,0,0,58255,0,0,43377
143441,0,0,-1,0,0,0,58257,0,0,43378
143442,0,0,-1,0,0,0,58258,0,0,43379
143443,0,0,-1,-1,-1,0,483,0,0,42308
143444,1,6,0,-1,-1,0,56084,0,0,42308
143445,0,0,-1,-1,-1,0,483,0,0,42309
143446,1,6,0,-1,-1,0,56053,0,0,42309
143447,0,0,-1,-1,-1,0,483,0,0,42310
143448,1,6,0,-1,-1,0,56085,0,0,42310
143449,0,0,-1,-1,-1,0,483,0,0,42311
143450,1,6,0,-1,-1,0,56086,0,0,42311
143451,0,0,-1,0,0,0,56163,0,0,42397
143452,0,0,-1,0,0,0,56164,0,0,42398
143453,0,0,-1,0,0,0,56165,0,0,42399
143454,0,0,-1,0,0,0,56166,0,0,42400
143455,0,0,-1,0,0,0,56167,0,0,42401
143456,0,0,-1,0,0,0,56168,0,0,42402
143457,0,0,-1,0,0,0,56169,0,0,42403
143458,0,0,0,15000,-1,0,54301,0,0,42499
143459,0,0,-1,-1,-1,0,56353,0,0,42500
143460,0,1,0,-1,-1,0,60719,0,0,42583
143461,0,1,0,-1,-1,0,60722,0,0,42584
143462,0,1,0,-1,-1,0,60724,0,0,42585
143463,0,1,0,-1,-1,0,60726,0,0,42586
143464,0,1,0,-1,-1,0,60695,0,0,42587
143472,0,1,0,-1,-1,0,38501,0,0,42665
143475,0,1,0,-1,-1,0,60632,0,0,42851
143476,0,1,0,-1,-1,0,60633,0,0,42852
143477,0,1,0,-1,-1,0,60634,0,0,42853
143478,0,1,0,-1,-1,0,60635,0,0,42854
143479,0,1,0,-1,-1,0,60636,0,0,42855
143480,0,1,0,-1,-1,0,57353,0,0,42949
143481,0,1,0,-1,-1,0,57353,0,0,42950
143482,0,0,-1,-1,-1,0,483,0,0,43035
143483,1,6,0,-1,-1,0,57441,0,0,43035
143484,0,0,-1,-1,-1,0,483,0,0,43036
143485,1,6,0,-1,-1,0,57442,0,0,43036
143486,0,0,-1,-1,-1,0,483,0,0,43037
143487,1,6,0,-1,-1,0,57443,0,0,43037
143488,0,0,-1,0,60000,24,57489,0,0,43038
143489,0,0,0,300000,300000,1232,56894,0,0,43039
143490,0,0,-1,5000,-1,0,58085,0,0,43289
143491,0,0,-1,0,0,0,58259,0,0,43380
143492,0,0,-1,0,0,0,58260,0,0,43381
143493,0,0,-1,3600000,0,0,58261,0,0,43383
143494,0,0,-1,3600000,0,0,58262,0,0,43384
143495,0,0,-1,0,0,0,58263,0,0,43385
143496,0,5,-1,-1,-1,0,55953,0,0,42147
143497,0,0,-1,-1,-1,0,483,0,0,42312
143498,1,6,0,-1,-1,0,56087,0,0,42312
143499,0,0,-1,-1,-1,0,483,0,0,42313
143500,1,6,0,-1,-1,0,56088,0,0,42313
143501,0,0,-1,-1,-1,0,483,0,0,42314
143502,1,6,0,-1,-1,0,56055,0,0,42314
143503,0,0,-1,-1,-1,0,483,0,0,42315
143504,1,6,0,-1,-1,0,56089,0,0,42315
143505,0,0,-1,0,0,0,56170,0,0,42404
143506,0,0,-1,0,0,0,56171,0,0,42405
143507,0,0,-1,0,0,0,56172,0,0,42406
143508,0,0,-1,0,0,0,56174,0,0,42407
143509,0,0,-1,0,0,0,56175,0,0,42408
143510,0,0,-1,0,0,0,56176,0,0,42409
143511,0,1,0,-1,-1,0,60696,0,0,42588
143512,0,1,0,-1,-1,0,60698,0,0,42589
143513,0,0,-1,0,1000,11,56439,0,0,42590
143514,0,1,0,-1,-1,0,60700,0,0,42591
143515,0,1,0,-1,-1,0,60701,0,0,42592
143521,0,1,0,-1,-1,0,33020,0,0,42670
143523,0,1,0,-1,-1,0,57353,0,0,42951
143524,0,1,0,-1,-1,0,57353,0,0,42952
143525,0,0,-1,0,0,0,57109,0,0,42954
143526,0,0,-1,0,0,0,57140,0,0,42955
143527,0,0,-1,0,0,0,57141,0,0,42956
143528,0,1,0,-1,-1,0,28876,0,0,43040
143529,0,1,0,-1,-1,0,22849,0,0,43041
143530,0,1,0,-1,-1,0,24197,0,0,43042
143531,0,1,0,-1,-1,0,28870,0,0,43043
143532,0,1,0,-1,-1,0,18098,0,0,43044
143533,0,1,0,-1,-1,0,17319,0,0,43045
143534,0,1,0,-1,-1,0,28870,0,0,43046
143535,0,1,0,-1,-1,0,18098,0,0,43047
143536,0,0,-1,-1,-1,0,50781,0,0,43134
143537,0,0,-1,-1,-1,0,57727,0,0,43135
143538,0,0,-1,-1,-1,0,58115,0,0,43299
143539,0,0,-1,0,0,0,58266,0,0,43386
143540,0,0,-1,0,0,0,58265,0,0,43388
143541,0,0,-1,0,0,0,58267,0,0,43389
143542,0,0,-1,0,0,0,58271,0,0,43390
143543,0,0,-1,0,0,0,58272,0,0,43391
143544,0,0,-1,0,0,0,56177,0,0,42410
143545,0,0,-1,0,0,0,56178,0,0,42411
143546,0,0,-1,0,0,0,56179,0,0,42412
143547,0,0,0,300000,0,0,56186,0,0,42413
143548,0,0,-1,0,0,0,56180,0,0,42414
143549,0,0,-1,0,0,0,56181,0,0,42415
143550,0,0,-1,0,0,0,56182,0,0,42416
143551,0,1,0,-1,-1,0,60543,0,0,42593
143552,0,1,0,-1,-1,0,60564,0,0,42594
143553,0,1,0,-1,-1,0,60556,0,0,42595
143554,0,1,0,-1,-1,0,60557,0,0,42596
143557,1,1,0,-1,-1,0,28539,0,0,42675
143561,0,0,0,1500,-1,0,56510,0,0,42679
143562,0,0,0,20000,-1,0,56671,0,0,42769
143563,0,0,0,15000,-1,0,56727,0,0,42774
143564,0,0,-1,0,0,0,57142,0,0,42957
143565,0,0,-1,0,0,0,57144,0,0,42958
143566,0,0,-1,0,0,0,57145,0,0,42959
143567,0,0,-1,0,0,0,57146,0,0,42960
143568,0,0,-1,0,0,0,57147,0,0,42961
143569,0,0,-1,0,0,0,57148,0,0,42962
143570,0,0,-1,0,0,0,57149,0,0,42963
143571,0,1,0,-1,-1,0,17319,0,0,43048
143572,0,1,0,-1,-1,0,18098,0,0,43049
143573,0,1,0,-1,-1,0,28870,0,0,43050
143574,0,1,0,-1,-1,0,17319,0,0,43051
143575,0,1,0,-1,-1,0,28876,0,0,43052
143576,0,1,0,-1,-1,0,18098,0,0,43053
143577,0,1,0,-1,-1,0,18098,0,0,43054
143578,0,1,0,-1,-1,0,18098,0,0,43055
143579,0,0,-1,-1,-1,0,57729,0,0,43139
143580,0,0,-1,-1,-1,0,7434,0,0,43141
143581,0,0,-1,-1,-1,0,57760,0,0,43142
143582,0,0,0,5000,-1,0,57957,0,0,43229
143583,0,0,-1,0,-1,0,57967,0,0,43230
143584,0,0,-1,0,-1,0,57968,0,0,43231
143585,0,0,-1,0,-1,0,57972,0,0,43232
143586,0,0,-1,0,-1,0,57973,0,0,43233
143587,0,0,-1,-1,-1,0,58126,0,0,43302
143588,0,0,-1,-1,-1,0,58128,0,0,43303
143589,0,0,-1,-1,-1,0,58129,0,0,43304
143590,0,0,-1,0,0,0,58273,0,0,43392
143591,0,0,-1,0,0,0,58274,0,0,43393
143592,0,0,-1,0,0,0,58275,0,0,43394
143593,0,0,-1,0,0,0,58276,0,0,43395
143594,0,0,-1,0,0,0,58277,0,0,43396
143595,0,0,-1,0,0,0,58278,0,0,43397
143596,0,0,-1,10000,-1,0,56099,0,0,42246
143597,0,0,-1,0,0,0,56183,0,0,42417
143598,1,0,0,300000,0,0,56188,0,0,42418
143599,0,0,0,60000,-1,0,56189,0,0,42419
143600,0,0,-40,0,0,0,56190,0,0,42420
143601,0,0,-40,0,0,0,56191,0,0,42421
143602,0,1,0,-1,-1,0,26283,0,0,42517
143603,0,1,0,-1,-1,0,56390,0,0,42518
143604,0,1,0,-1,-1,0,60558,0,0,42597
143605,0,1,0,-1,-1,0,60559,0,0,42598
143606,0,1,0,-1,-1,0,60560,0,0,42599
143607,0,1,0,-1,-1,0,60562,0,0,42600
143609,1,1,0,-1,-1,0,33830,0,0,42680
143620,1,1,0,-1,-1,0,33830,0,0,42685
143622,0,0,-1,0,1000,59,43183,0,0,42777
143623,0,0,-1,0,1000,11,45548,0,0,42778
143624,0,0,-1,0,1000,11,53283,0,0,42779
143625,0,0,0,10000,-1,0,56765,0,0,42781
143626,0,0,-1,0,0,0,57150,0,0,42964
143627,0,0,-1,0,0,0,57293,0,0,42965
143628,0,0,-1,0,0,0,57295,0,0,42966
143629,0,0,-1,0,0,0,57296,0,0,42967
143630,0,0,-1,0,0,0,57297,0,0,42968
143631,0,0,-1,0,0,0,57298,0,0,42969
143632,0,0,-1,0,0,0,57299,0,0,42970
143633,0,1,0,-1,-1,0,17319,0,0,43056
143634,0,1,0,-1,-1,0,17319,0,0,43057
143635,0,1,0,-1,-1,0,17319,0,0,43058
143636,0,0,-1,-1,-1,0,57553,0,0,43059
143637,0,1,0,-1,-1,0,24197,0,0,43060
143638,0,1,0,-1,-1,0,17319,0,0,43061
143639,0,1,0,-1,-1,0,28870,0,0,43062
143640,0,0,-1,-1,-1,0,57768,0,0,43147
143641,0,0,-1,-1,-1,0,57804,0,0,43150
143642,0,0,-1,0,-1,0,57977,0,0,43234
143643,0,0,-1,0,-1,0,57978,0,0,43235
143644,0,0,-1,0,1000,59,43183,0,0,43236
143645,0,0,-1,0,-1,0,57982,0,0,43237
143646,0,0,-1,0,0,0,58279,0,0,43398
143647,0,0,-1,0,0,0,58280,0,0,43399
143648,0,0,-1,0,0,0,58281,0,0,43400
143649,0,0,0,2000,-1,0,55983,0,0,42164
143650,0,0,-1,-1,-1,0,56192,0,0,42422
143651,0,0,0,10000,-1,0,56227,0,0,42424
143652,0,1,0,-1,-1,0,56391,0,0,42519
143653,0,1,0,-1,-1,0,64130,0,0,42520
143654,0,1,0,0,-1,0,26175,0,0,42522
143655,0,1,0,-1,-1,0,60571,0,0,42601
143656,0,1,0,-1,-1,0,60572,0,0,42602
143657,0,1,0,-1,-1,0,60573,0,0,42603
143658,0,1,0,-1,-1,0,60574,0,0,42604
143668,1,1,0,-1,-1,0,33830,0,0,42690
143670,0,0,-1,0,0,0,57300,0,0,42971
143671,0,0,-1,0,0,0,57302,0,0,42972
143672,0,0,-1,0,0,0,57303,0,0,42973
143673,0,0,-1,0,0,0,57304,0,0,42974
143674,0,0,-1,-1,-1,0,57310,0,0,42975
143675,0,1,0,-1,-1,0,18098,0,0,43063
143676,0,1,0,-1,-1,0,17319,0,0,43064
143677,0,1,0,-1,-1,0,17319,0,0,43065
143678,0,1,0,-1,-1,0,17319,0,0,43066
143679,0,1,0,-1,-1,0,17319,0,0,43067
143680,0,0,0,0,1500,1149,57806,0,0,43153
143681,0,1,0,-1,-1,0,57818,0,0,43154
143682,1,1,0,-1,-1,0,57819,0,0,43154
143683,0,1,0,-1,-1,0,57818,0,0,43155
143684,1,1,0,-1,-1,0,57820,0,0,43155
143685,0,0,-1,-1,-1,0,483,0,0,42172
143686,1,6,0,-1,-1,0,55993,0,0,42172
143687,0,0,-1,0,1000,11,43180,0,0,42428
143688,0,0,-1,0,1000,11,45548,0,0,42429
143689,0,0,-1,0,1000,11,43180,0,0,42430
143690,0,0,-1,0,1000,11,45548,0,0,42431
143691,0,0,-1,0,1000,11,43180,0,0,42432
143692,0,1,0,-1,-1,0,60575,0,0,42605
143693,0,1,0,-1,-1,0,60546,0,0,42606
143694,0,1,0,-1,-1,0,60548,0,0,42607
143695,0,1,0,-1,-1,0,60550,0,0,42608
143700,1,1,0,-1,-1,0,61249,0,0,42695
143703,0,0,-1,-1,-1,0,57311,0,0,42977
143704,0,0,-1,-1,-1,0,57312,0,0,42978
143705,0,0,-1,-1,-1,0,57313,0,0,42979
143706,0,0,-1,-1,-1,0,57314,0,0,42980
143707,0,0,-1,-1,-1,0,57315,0,0,42981
143708,0,0,-1,-1,-1,0,57316,0,0,42982
143709,0,0,-1,-1,-1,0,57317,0,0,42983
143710,0,1,0,-1,-1,0,57818,0,0,43156
143711,1,1,0,-1,-1,0,57822,0,0,43156
143712,0,1,0,-1,-1,0,57818,0,0,43157
143713,1,1,0,-1,-1,0,57821,0,0,43157
143714,0,0,0,5000,-1,0,57853,0,0,43159
143715,0,0,0,0,10000,1149,55797,0,0,41988
143716,0,0,0,1500,-1,0,58151,0,0,43315
143717,0,0,-1,0,0,0,58140,0,0,43316
143718,0,0,-1,-1,-1,0,483,0,0,43317
143719,1,6,0,-1,-1,0,58147,0,0,43317
143720,0,0,-1,-1,-1,0,483,0,0,43318
143721,1,6,0,-1,-1,0,58148,0,0,43318
143722,0,0,-1,-1,-1,0,483,0,0,43319
143723,1,6,0,-1,-1,0,58149,0,0,43319
143724,0,0,-1,-1,-1,0,483,0,0,42173
143725,1,6,0,-1,-1,0,55994,0,0,42173
143726,0,0,-1,-1,-1,0,483,0,0,42174
143727,1,6,0,-1,-1,0,55995,0,0,42174
143728,0,0,-1,-1,-1,0,483,0,0,42175
143729,1,6,0,-1,-1,0,55996,0,0,42175
143730,0,0,-1,-1,-1,0,483,0,0,42176
143731,1,6,0,-1,-1,0,55998,0,0,42176
143732,0,0,-1,-1,-1,0,483,0,0,42177
143733,1,6,0,-1,-1,0,55997,0,0,42177
143734,0,0,0,180000,0,0,56121,0,0,42341
143735,0,0,-1,1000,1000,11,7737,0,0,42342
143736,0,0,-1,0,1000,11,43180,0,0,42433
143737,0,0,-1,0,1000,11,45548,0,0,42434
143738,0,0,-1,1800000,-1,0,56245,0,0,42436
143739,0,0,-1,1800000,-1,0,56245,0,0,42437
143740,0,0,-1,1800000,-1,0,56255,0,0,42438
143741,0,1,0,-1,-1,0,60552,0,0,42609
143742,0,1,0,-1,-1,0,60554,0,0,42610
143743,0,1,0,-1,-1,0,60577,0,0,42611
143744,0,1,0,-1,-1,0,60648,0,0,42612
143745,0,1,0,-1,-1,0,60656,0,0,42613
143748,0,0,-1,4000,-1,0,56788,0,0,42797
143749,0,1,0,-1,-1,0,57353,0,0,42984
143750,0,1,0,-1,-1,0,57353,0,0,42985
143751,0,0,-1,1000,-1,0,49761,0,0,42986
143752,1,5,-1,-1,-1,0,57348,0,0,42986
143753,0,1,0,-1,-1,0,57345,0,0,42987
143754,0,0,0,300000,300000,0,57350,0,0,42988
143755,0,0,0,1000,-1,0,3921,0,0,43166
143756,0,0,-1,-1,-1,0,58069,0,0,41989
143757,0,0,-1,0,60000,4,28499,0,0,43530
143758,0,0,-1,0,60000,4,28495,0,0,43531
143759,0,0,-1,0,0,0,58705,0,0,43533
143760,0,0,-1,0,0,0,58706,0,0,43534
143761,0,0,-1,0,0,0,58707,0,0,43535
143762,0,0,-1,-1,-1,0,59066,0,0,43620
143763,0,0,-1,-1,-1,0,59070,0,0,43621
143770,0,0,0,120000,20000,1141,59658,0,0,44014
143771,0,0,0,120000,20000,1141,59657,0,0,44015
143772,0,2,0,-1,-1,0,59830,0,0,44096
143773,0,0,0,300000,300000,1182,42292,0,0,44097
143774,0,0,0,300000,300000,1182,42292,0,0,44098
143775,0,1,0,-1,-1,0,57353,0,0,44099
143776,0,1,0,-1,-1,0,57353,0,0,44100
143777,0,1,0,-1,-1,0,57353,0,0,44101
143778,0,0,-1,-1,3000,330,55884,0,0,44175
143779,1,6,0,-1,-1,0,60021,0,0,44175
143780,0,0,0,5000,-1,0,60256,0,0,44251
143781,0,0,0,10000,-1,0,60458,0,0,44430
143782,0,0,-1,0,0,0,60460,0,0,44432
143783,0,0,-1,-1,-1,0,483,0,0,44516
143784,1,6,0,-1,-1,0,60704,0,0,44516
143785,0,0,-1,-1,-1,0,483,0,0,44517
143786,1,6,0,-1,-1,0,60705,0,0,44517
143787,0,0,-1,-1,-1,0,483,0,0,44518
143788,1,6,0,-1,-1,0,60706,0,0,44518
143789,0,0,-1,-1,-1,0,483,0,0,44519
143790,1,6,0,-1,-1,0,60711,0,0,44519
143791,0,0,-1,0,0,0,58400,0,0,43422
143792,0,0,-1,0,0,0,58399,0,0,43423
143793,0,0,-1,0,0,0,58398,0,0,43424
143794,0,0,-1,0,0,0,58397,0,0,43425
143795,0,0,-1,0,0,0,58396,0,0,43426
143796,0,0,-1,0,0,0,58395,0,0,43427
143797,0,0,-1,0,0,0,58394,0,0,43428
143798,0,0,-1,-1,3000,330,55884,0,0,43516
143799,1,6,0,-1,-1,0,58615,0,0,43516
143800,0,0,-1,-1,-1,0,483,0,0,44566
143801,1,6,0,-1,-1,0,53937,0,0,44566
143802,0,0,-1,-1,-1,0,483,0,0,44567
143803,1,6,0,-1,-1,0,53942,0,0,44567
143804,0,0,-1,-1,-1,0,483,0,0,44568
143805,1,6,0,-1,-1,0,53938,0,0,44568
143806,0,0,-1,-500,-1,0,61311,0,0,44711
143807,0,1,0,0,0,0,17746,0,0,44712
143809,2,0,0,90000,15000,1141,46784,0,0,44712
143810,0,0,-1,-500,-1,0,61312,0,0,44713
143811,0,0,-1,-1,-1,0,483,0,0,44714
143812,1,6,0,-1,-1,0,61316,0,0,44714
143813,0,0,-1,0,0,0,58708,0,0,43536
143814,0,0,-1,0,0,0,58709,0,0,43537
143815,0,0,-1,0,0,0,58614,0,0,43538
143816,0,0,-1,0,0,0,58711,0,0,43539
143817,0,0,-1,0,0,0,58713,0,0,43541
143818,0,0,-1,0,-1,0,59090,0,0,43626
143819,0,0,-1,-1,-1,0,59125,0,0,43627
143820,0,0,-1,-1,-1,0,59125,0,0,43628
143821,0,0,-1,0,1000,59,11009,0,0,43695
143822,0,0,-1,0,1000,59,11009,0,0,43696
143830,0,0,-1,604800000,0,0,59385,0,0,43850
143831,0,0,-1,-1,-1,0,59403,0,0,43853
143832,0,0,-1,-1,-1,0,59404,0,0,43854
143833,0,1,0,-1,-1,0,57353,0,0,44102
143834,0,1,0,-1,-1,0,57353,0,0,44103
143835,0,1,0,-1,-1,0,57353,0,0,44105
143836,0,1,0,-1,-1,0,57353,0,0,44107
143837,0,0,-1,-1,3000,330,55884,0,0,44177
143838,1,6,0,-1,-1,0,60024,0,0,44177
143839,0,0,-1,-1,3000,330,55884,0,0,44178
143840,1,6,0,-1,-1,0,60025,0,0,44178
143841,0,1,0,-1,-1,0,57345,0,0,44253
143842,0,1,0,-1,-1,0,57345,0,0,44254
143843,0,1,0,-1,-1,0,57345,0,0,44255
143844,0,0,0,5000,-1,0,60528,0,0,44433
143845,0,0,-5,0,-1,0,60535,0,0,44435
143846,0,0,-1,-1,-1,0,483,0,0,44520
143847,1,6,0,-1,-1,0,60712,0,0,44520
143848,0,0,-1,-1,-1,0,483,0,0,44521
143849,1,6,0,-1,-1,0,60715,0,0,44521
143850,0,0,-1,-1,-1,0,483,0,0,44522
143851,1,6,0,-1,-1,0,60716,0,0,44522
143852,0,0,-1,-1,-1,0,483,0,0,44523
143853,1,6,0,-1,-1,0,60718,0,0,44523
143854,0,0,-1,0,0,0,58393,0,0,43429
143855,0,0,-1,0,0,0,58392,0,0,43430
143856,0,0,-1,0,0,0,58391,0,0,43431
143857,0,0,-1,0,0,0,58390,0,0,43432
143858,0,0,-1,0,1000,59,11007,0,0,44570
143859,0,0,-1,0,1000,59,11008,0,0,44571
143860,0,0,-1,0,1000,59,11008,0,0,44572
143861,0,0,-1,0,1000,59,11009,0,0,44573
143862,0,0,-1,1000,-1,0,11629,0,0,44716
143863,0,0,0,1800000,0,0,61340,0,0,44719
143864,0,0,-1,0,0,0,58710,0,0,43542
143865,0,0,-1,0,0,0,58715,0,0,43543
143866,0,0,-1,0,0,0,58716,0,0,43544
143867,0,0,-1,0,0,0,58717,0,0,43545
143868,0,0,-1,0,0,0,58718,0,0,43546
143869,0,0,-1,0,0,0,58719,0,0,43547
143870,0,0,-1,0,0,0,58720,0,0,43548
143871,0,0,-1,-1,-1,0,59125,0,0,43629
143872,0,0,-1,-1,-1,0,59125,0,0,43630
143873,0,0,-1,-1,-1,0,59125,0,0,43631
143874,0,0,-1,-1,-1,0,55884,0,0,43698
143875,1,6,0,-1,-1,0,59250,0,0,43698
143885,0,0,-1,-500,-1,0,61306,0,0,43950
143886,0,0,-1,-1,3000,330,55884,0,0,43951
143887,1,6,0,-1,-1,0,59569,0,0,43951
143890,0,0,0,300000,300000,1232,56894,0,0,44184
143891,0,0,-1,0,0,0,60245,0,0,44260
143892,0,0,-1,0,0,0,60246,0,0,44261
143893,0,0,-1,0,0,0,60247,0,0,44262
143894,0,0,-1,-1,-1,0,483,0,0,44524
143895,1,6,0,-1,-1,0,60720,0,0,44524
143896,0,0,-1,-1,-1,0,483,0,0,44525
143897,1,6,0,-1,-1,0,60721,0,0,44525
143898,0,0,-1,-1,-1,0,483,0,0,44526
143899,1,6,0,-1,-1,0,60723,0,0,44526
143900,0,0,-1,-1,-1,0,483,0,0,44527
143901,1,6,0,-1,-1,0,60725,0,0,44527
143902,0,0,-1,0,1000,59,11009,0,0,44574
143903,0,0,-1,0,1000,59,11008,0,0,44575
143904,0,0,0,30000,-1,0,60983,0,0,44576
143905,0,0,0,120000,120000,1155,60986,0,0,44579
143906,0,0,0,5000,-1,0,60428,0,0,44653
143907,0,1,0,-1,-1,0,61131,0,0,44656
143908,0,0,-1,0,0,0,58721,0,0,43549
143909,0,0,-1,0,0,0,58722,0,0,43550
143910,0,0,-1,0,0,0,58723,0,0,43551
143911,0,0,-1,0,0,0,58724,0,0,43552
143912,0,0,-1,0,0,0,58725,0,0,43553
143913,0,0,-1,0,0,0,58726,0,0,43554
143914,0,0,-1,-1,-1,0,59125,0,0,43632
143915,0,0,-1,-1,-1,0,59125,0,0,43633
143916,0,0,-1,-1,-1,0,59125,0,0,43634
143922,0,0,-1,-1,3000,330,55884,0,0,43952
143923,1,6,0,-1,-1,0,59567,0,0,43952
143924,0,0,-1,-1,3000,330,55884,0,0,43953
143925,1,6,0,-1,-1,0,59568,0,0,43953
143926,0,0,-1,-1,3000,330,55884,0,0,43954
143927,1,6,0,-1,-1,0,59571,0,0,43954
143928,0,0,-1,10000,1000,11,60106,0,0,44114
143929,0,0,-1,2000,-1,0,61700,0,0,44115
143930,0,0,0,300000,300000,1232,56894,0,0,44185
143931,0,0,0,-1,-1,0,60036,0,0,44186
143933,0,0,-1,0,0,0,60248,0,0,44263
143934,0,0,-1,0,0,0,60249,0,0,44264
143935,0,0,-1,0,0,0,60250,0,0,44265
143936,0,0,-1,0,0,0,60251,0,0,44266
143937,0,0,-1,0,0,0,60252,0,0,44267
143938,0,0,-1,0,0,0,60255,0,0,44268
143939,0,0,-1,-1,-1,0,483,0,0,44528
143940,1,6,0,-1,-1,0,60727,0,0,44528
143941,0,0,-1,-1,-1,0,483,0,0,44530
143942,1,6,0,-1,-1,0,60728,0,0,44530
143943,0,0,-1,-1,-1,0,483,0,0,44531
143944,1,6,0,-1,-1,0,60729,0,0,44531
143945,0,0,0,-1,-1,0,61004,0,0,44581
143946,0,0,0,-1,-1,0,61003,0,0,44582
143947,1,1,0,-1,-1,0,58783,0,0,43555
143948,0,0,-1,-1,-1,0,59125,0,0,43635
143949,0,0,-1,-1,-1,0,59125,0,0,43636
143950,0,0,-1,-1,-1,0,59125,0,0,43637
143951,0,0,-1,-1,-1,0,59125,0,0,43638
143958,0,0,-1,0,0,0,59427,0,0,43867
143959,0,0,-1,0,0,0,59428,0,0,43868
143960,0,0,-1,0,0,0,59429,0,0,43869
143961,0,0,-1,-1,3000,330,55884,0,0,43955
143962,1,6,0,-1,-1,0,59570,0,0,43955
143963,0,0,-1,-1,3000,330,55884,0,0,43956
143964,1,6,0,-1,-1,0,59785,0,0,43956
143965,0,0,-1,-1,3000,330,55884,0,0,43957
143966,1,6,0,0,0,0,59791,0,0,43957
143967,0,0,-1,-1,-1,0,483,0,0,44119
143968,1,6,0,-1,-1,0,3397,0,0,44119
143970,0,0,-1,0,0,0,60257,0,0,44269
143971,0,0,-1,0,0,0,60259,0,0,44270
143972,0,0,-1,0,0,0,60260,0,0,44271
143973,0,0,-1,0,0,0,60261,0,0,44272
143974,0,0,-1,0,0,0,60262,0,0,44273
143975,0,0,-1,0,0,0,60263,0,0,44274
143976,0,0,-1,0,0,0,60606,0,0,44449
143977,0,0,0,210000,-1,0,60808,0,0,44450
143978,0,0,-1,-1,-1,0,483,0,0,44532
143979,1,6,0,-1,-1,0,60730,0,0,44532
143980,0,0,-1,-1,-1,0,483,0,0,44533
143981,1,6,0,-1,-1,0,60731,0,0,44533
143982,0,0,-1,-1,-1,0,483,0,0,44534
143983,1,6,0,-1,-1,0,60732,0,0,44534
143984,0,0,-1,-1,-1,0,483,0,0,44535
143985,1,6,0,-1,-1,0,60734,0,0,44535
143986,0,0,-1,-1,-1,0,483,0,0,44536
143987,1,6,0,-1,-1,0,60735,0,0,44536
143988,0,0,-1,-1,-1,0,483,0,0,44584
143989,1,6,0,-1,-1,0,60996,0,0,44584
143990,0,0,-1,-1,-1,0,483,0,0,44585
143991,1,6,0,-1,-1,0,60997,0,0,44585
143992,0,0,-1,-1,-1,0,483,0,0,44586
143993,1,6,0,-1,-1,0,60998,0,0,44586
143994,0,0,-1,-1,-1,0,483,0,0,44587
143995,1,6,0,-1,-1,0,60999,0,0,44587
143996,0,0,-1,-1,-1,0,483,0,0,44588
143997,1,6,0,-1,-1,0,61000,0,0,44588
143998,0,0,-1,-1,-1,0,59125,0,0,43639
143999,0,0,-1,-1,-1,0,59125,0,0,43640
144000,0,0,-1,-1,-1,0,59125,0,0,43641
144001,0,0,-1,-1,-1,0,59125,0,0,43642
144007,0,0,-1,-1,-1,0,483,0,0,43876
144008,1,6,0,-1,-1,0,59390,0,0,43876
144009,0,0,-1,-1,3000,330,55884,0,0,43958
144010,1,6,0,0,0,0,59799,0,0,43958
144011,0,0,-1,-1,3000,330,55884,0,0,43959
144012,1,6,0,0,0,0,61465,0,0,43959
144013,0,0,-1,-1,3000,330,55884,0,0,43960
144014,1,6,0,0,0,0,0,0,0,43960
144015,0,0,-1,-1,3000,330,55884,0,0,43961
144016,1,6,0,0,0,0,61470,0,0,43961
144017,0,0,-1,-1,3000,330,55884,0,0,43962
144018,1,6,0,0,0,0,54753,0,0,43962
144019,0,0,-1,-1,-1,0,59777,0,0,44124
144020,0,0,-1,-1,-1,0,59771,0,0,44125
144021,0,0,-1,-1,-1,0,59771,0,0,44126
144022,0,0,-1,0,0,0,60264,0,0,44275
144023,0,0,-1,0,0,0,60265,0,0,44277
144024,0,0,-1,0,0,0,60268,0,0,44278
144025,0,0,-1,0,0,0,60269,0,0,44279
144026,0,0,-1,0,0,0,60270,0,0,44280
144027,0,0,-1,0,0,0,60621,0,0,44453
144028,0,0,-1,0,0,0,60653,0,0,44455
144029,0,0,-1,0,0,0,60609,0,0,44456
144030,0,0,-1,0,0,0,60663,0,0,44457
144031,0,0,-1,-1,-1,0,483,0,0,44537
144032,1,6,0,-1,-1,0,60737,0,0,44537
144033,0,0,-1,-1,-1,0,483,0,0,44538
144034,1,6,0,-1,-1,0,60743,0,0,44538
144035,0,0,-1,-1,-1,0,483,0,0,44539
144036,1,6,0,-1,-1,0,60746,0,0,44539
144037,0,0,-1,-1,-1,0,483,0,0,44540
144038,1,6,0,-1,-1,0,60747,0,0,44540
144039,0,0,-1,-1,-1,0,483,0,0,44589
144040,1,6,0,-1,-1,0,61002,0,0,44589
144041,0,0,0,10000,-1,0,58856,0,0,43564
144042,0,0,-1,0,1000,11,35270,0,0,43646
144046,0,0,-1,-1,3000,330,55884,0,0,43963
144047,1,6,0,0,0,0,59573,0,0,43963
144048,0,0,-1,-1,3000,330,55884,0,0,43964
144049,1,6,0,0,0,0,59572,0,0,43964
144050,0,0,-1,-1,3000,330,55884,0,0,43965
144051,1,6,0,-1,-1,0,41515,0,0,43965
144052,0,0,0,20000,-1,0,59036,0,0,44048
144053,0,0,-1,0,1000,11,45548,0,0,44049
144054,0,1,0,-1,-1,0,59731,0,0,44050
144055,1,1,0,-1,-1,0,11789,0,0,44050
144056,0,0,0,10000,-1,0,59925,0,0,44127
144057,0,0,-1,-1,-1,0,59927,0,0,44129
144058,0,0,-1,-1,-1,0,59928,0,0,44130
144059,0,0,-1,-1,-1,0,59929,0,0,44131
144060,0,0,-1,0,0,0,60271,0,0,44281
144061,0,0,-1,0,0,0,60272,0,0,44282
144062,0,0,-1,0,0,0,60273,0,0,44284
144063,0,0,-1,0,0,0,60274,0,0,44285
144064,0,0,-1,0,0,0,60276,0,0,44286
144065,0,0,-1,0,0,0,60668,0,0,44458
144066,0,0,-1,-1,-1,0,60679,0,0,44459
144067,0,0,-1,-1,-1,0,60680,0,0,44460
144068,0,0,-1,-1,-1,0,60681,0,0,44461
144069,0,0,-1,-1,-1,0,483,0,0,44541
144070,1,6,0,-1,-1,0,60748,0,0,44541
144071,0,0,-1,-1,-1,0,483,0,0,44542
144072,1,6,0,-1,-1,0,60749,0,0,44542
144073,0,0,-1,-1,-1,0,483,0,0,44543
144074,1,6,0,-1,-1,0,60750,0,0,44543
144075,0,0,-1,-1,-1,0,483,0,0,44544
144076,1,6,0,-1,-1,0,60751,0,0,44544
144077,0,0,0,120000,120000,1155,60986,0,0,44597
144078,0,0,-1,0,60000,24,39965,0,0,44598
144079,0,0,0,0,60000,4,28495,0,0,43569
144080,0,0,0,0,60000,4,28499,0,0,43570
144081,0,0,-1,0,1000,11,43180,0,0,43571
144082,0,0,-1,0,1000,11,58886,0,0,43572
144083,1,1,0,-1,-1,0,58901,0,0,43573
144084,0,0,-1,0,1000,11,43180,0,0,43647
144085,0,1,0,-1,-1,0,57353,0,0,43649
144086,0,0,-1,-1,-1,0,59286,0,0,43650
144091,0,0,0,20000,-1,0,59565,0,0,43968
144092,0,0,-1,-1,-1,0,59932,0,0,44132
144093,0,0,-1,-1,-1,0,59934,0,0,44133
144094,0,0,-1,-1,-1,0,59936,0,0,44134
144095,0,0,-1,-1,-1,0,59937,0,0,44135
144096,0,0,-1,0,0,0,60277,0,0,44287
144097,0,0,-1,0,0,0,60278,0,0,44288
144098,0,0,-1,0,0,0,60279,0,0,44289
144099,0,0,-1,0,0,0,60280,0,0,44290
144100,0,0,-1,0,0,0,60281,0,0,44291
144101,0,0,-1,0,0,0,60282,0,0,44292
144102,0,0,-1,0,0,0,60691,0,0,44463
144103,0,0,-1,0,0,0,60692,0,0,44465
144104,0,0,-1,0,0,0,60707,0,0,44466
144105,0,0,-1,-1,-1,0,483,0,0,44545
144106,1,6,0,-1,-1,0,60752,0,0,44545
144107,0,0,-1,-1,-1,0,483,0,0,44546
144108,1,6,0,-1,-1,0,60754,0,0,44546
144109,0,0,-1,-1,-1,0,483,0,0,44547
144110,1,6,0,-1,-1,0,60755,0,0,44547
144111,0,0,-1,-1,-1,0,483,0,0,44548
144112,1,6,0,-1,-1,0,60756,0,0,44548
144113,0,0,-1,120000,-1,0,58442,0,0,43462
144114,0,0,-1,1000,-1,0,58450,0,0,43463
144115,0,0,-1,1000,-1,0,58451,0,0,43464
144116,0,0,-1,1000,-1,0,58448,0,0,43465
144117,0,0,-1,1000,-1,0,58449,0,0,43466
144118,0,0,-1,1000,-1,0,58452,0,0,43467
144119,0,0,-1,20000,-1,0,61021,0,0,44599
144120,0,0,-1,-1,-1,0,483,0,0,44600
144121,1,6,0,-1,-1,0,61025,0,0,44600
144122,0,0,-1,20000,-1,0,61022,0,0,44601
144123,0,0,-1,-1,-1,0,483,0,0,44602
144124,1,6,0,-1,-1,0,61024,0,0,44602
144125,0,0,-1,0,0,0,61206,0,0,44684
144126,0,1,0,-1,-1,0,59188,0,0,43651
144127,0,0,-1,0,1000,11,59227,0,0,43652
144129,0,0,0,600000,600000,102,59191,0,0,43656
144130,0,0,-1,0,0,0,59287,0,0,43725
144133,0,0,-1,-1,-1,0,59941,0,0,44136
144134,0,0,-1,-1,-1,0,59944,0,0,44137
144135,0,0,-1,-1,-1,0,59945,0,0,44138
144136,0,0,-1,-1,-1,0,59946,0,0,44139
144137,0,0,-1,-1,-1,0,59947,0,0,44140
144138,0,0,0,5000,-1,0,60079,0,0,44212
144139,0,0,-1,0,0,0,60283,0,0,44293
144140,0,0,-1,0,0,0,60714,0,0,44467
144141,0,0,-1,0,0,0,60763,0,0,44469
144142,0,0,-1,0,0,0,60767,0,0,44470
144143,0,0,-1,-1,-1,0,483,0,0,44549
144144,1,6,0,-1,-1,0,60757,0,0,44549
144145,0,0,-1,-1,-1,0,483,0,0,44550
144146,1,6,0,-1,-1,0,60758,0,0,44550
144147,0,0,-1,-1,-1,0,483,0,0,44551
144148,1,6,0,-1,-1,0,60759,0,0,44551
144149,0,0,-1,-1,-1,0,483,0,0,44552
144150,1,6,0,-1,-1,0,60760,0,0,44552
144151,0,0,-1,1000,-1,0,58453,0,0,43468
144152,0,0,-1,120000,-1,0,58444,0,0,43470
144153,0,0,-1,120000,-1,0,58440,0,0,43471
144154,0,0,-1,120000,-1,0,58441,0,0,43472
144155,0,0,-1,120000,-1,0,58454,0,0,43473
144156,0,0,0,-1,3000,330,61289,0,0,44604
144157,0,0,0,1800000,-1,0,61031,0,0,44606
144158,0,0,-1,0,1000,11,45548,0,0,44607
144159,0,0,-1,0,1000,11,43180,0,0,44608
144160,0,0,-1,0,1000,11,43180,0,0,44609
144161,0,0,-1,-1,3000,330,55884,0,0,44689
144162,1,6,0,-1,-1,0,61229,0,0,44689
144163,0,0,0,300000,60000,1153,59195,0,0,43657
144164,0,0,0,120000,20000,1141,59197,0,0,43660
144165,0,0,0,120000,60000,1153,59198,0,0,43661
144166,0,0,0,120000,60000,24,59199,0,0,43663
144176,0,0,0,60000,0,1141,59757,0,0,44063
144177,0,0,-1,-1,-1,0,59755,0,0,44064
144178,0,0,-1,-1,-1,0,59776,0,0,44065
144179,0,0,-1,-1,-1,0,59948,0,0,44141
144180,0,0,-1,-1,-1,0,59962,0,0,44143
144181,0,0,-1,-1,-1,0,59956,0,0,44144
144182,0,0,-1,-1,-1,0,59957,0,0,44145
144183,0,0,-1,-1,-1,0,60304,0,0,44301
144184,0,0,-1,-1,-1,0,483,0,0,44471
144185,1,6,0,-1,-1,0,47672,0,0,44471
144186,0,0,-1,-1,-1,0,60824,0,0,44476
144187,0,0,-1,-1,-1,0,483,0,0,44553
144188,1,6,0,-1,-1,0,60761,0,0,44553
144189,0,0,-1,-1,3000,330,55884,0,0,44554
144190,1,6,0,-1,-1,0,61451,0,0,44554
144191,0,0,-1,-1,3000,330,55884,0,0,44555
144192,1,6,0,-1,-1,0,61442,0,0,44555
144193,0,0,-1,0,1000,11,58465,0,0,43478
144194,0,0,-1,1800000,-1,0,61038,0,0,44610
144195,0,0,-1,1800000,-1,0,61035,0,0,44612
144196,0,0,-1,1800000,-1,0,61033,0,0,44613
144197,0,0,-1,0,1000,59,11007,0,0,44616
144198,0,0,-1,-1,3000,330,55884,0,0,44690
144199,1,6,0,-1,-1,0,61230,0,0,44690
144200,0,0,0,300000,60000,1153,60060,0,0,43664
144201,0,0,0,300000,0,0,59202,0,0,43667
144208,0,0,0,-1,-1,0,4336,0,0,43985
144209,0,0,-1,-1,3000,330,55884,0,0,43986
144210,1,6,0,-1,-1,0,59650,0,0,43986
144211,0,0,-1,0,0,0,59625,0,0,43987
144212,0,0,-1,-1,-1,0,59771,0,0,44067
144213,0,0,-1,-1,-1,0,59773,0,0,44068
144214,0,0,-1,-1,-1,0,59777,0,0,44069
144215,0,0,-1,-1,-1,0,59778,0,0,44070
144216,0,0,-1,0,1000,11,45548,0,0,44071
144217,0,0,-1,-1,-1,0,59958,0,0,44146
144218,0,0,-1,-1,-1,0,59959,0,0,44147
144219,0,0,-1,-1,-1,0,59954,0,0,44149
144220,0,0,-1,-1,-1,0,59955,0,0,44150
144221,0,0,0,-1,3000,330,64749,0,0,44221
144222,0,0,0,5000,-1,0,60100,0,0,44222
144223,0,0,-1,-1,3000,330,55884,0,0,44223
144224,1,6,0,0,0,0,60118,0,0,44223
144225,0,0,-1,-1,-1,0,60310,0,0,44304
144226,0,0,0,5000,-1,0,60311,0,0,44307
144227,0,0,-1,-1,-1,0,60820,0,0,44477
144228,0,0,-1,-1,-1,0,60823,0,0,44478
144229,0,0,-1,-1,-1,0,60822,0,0,44479
144230,0,0,0,-1,-1,0,60831,0,0,44480
144231,0,0,-1,-1,3000,330,55884,0,0,44556
144232,1,6,0,-1,-1,0,61446,0,0,44556
144233,0,0,-1,-1,3000,330,55884,0,0,44557
144234,1,6,0,-1,-1,0,61444,0,0,44557
144235,0,0,-1,-1,3000,330,55884,0,0,44558
144236,1,6,0,-1,-1,0,61309,0,0,44558
144237,0,0,-1,-1,-1,0,483,0,0,44559
144238,1,6,0,-1,-1,0,57692,0,0,44559
144239,0,0,-1,0,1000,11,58474,0,0,43480
144240,0,0,-1,-1,-1,0,483,0,0,43485
144241,1,6,0,-1,-1,0,58492,0,0,43485
144242,0,0,-1,0,1000,59,11008,0,0,44617
144243,0,0,-1,0,1000,59,11008,0,0,44618
144244,0,0,-1,0,1000,59,11008,0,0,44619
144245,0,0,-1,0,1000,59,11007,0,0,44620
144246,0,0,-1,1800000,-1,0,61047,0,0,44621
144247,0,0,-1,180000,1000,11,61247,0,0,44698
144248,0,0,-1,-1,-1,0,61271,0,0,44701
144259,0,0,-1,0,1000,11,45548,0,0,44072
144260,0,1,0,-1,-1,0,59818,0,0,44073
144261,0,1,0,-1,-1,0,59787,0,0,44074
144262,0,0,-1,-1,-1,0,59784,0,0,44075
144263,0,0,-1,-1,3000,330,55884,0,0,44151
144264,1,6,0,-1,-1,0,59996,0,0,44151
144265,0,0,-1,-1,-1,0,59960,0,0,44152
144266,0,0,-1,-1,-1,0,59964,0,0,44154
144267,0,0,-1,-1,3000,330,55884,0,0,44224
144268,1,6,0,0,0,0,60119,0,0,44224
144269,0,0,-1,-1,3000,330,55884,0,0,44225
144270,1,6,0,0,0,0,60114,0,0,44225
144271,0,0,-1,-1,3000,330,55884,0,0,44226
144272,1,6,0,0,0,0,60116,0,0,44226
144273,0,0,-1,10000,1000,11,60122,0,0,44228
144274,0,1,0,0,0,0,60317,0,0,44308
144275,0,0,-1,20000,-1,0,60832,0,0,44481
144276,0,0,-1,20000,-1,0,60838,0,0,44482
144277,0,0,-1,0,0,0,483,0,0,44490
144278,1,6,0,0,0,0,60763,0,0,44490
144279,0,0,-1,0,0,0,59621,0,0,44493
144280,0,0,-1,-1,-1,0,483,0,0,44560
144281,1,6,0,-1,-1,0,57694,0,0,44560
144282,0,0,-1,-1,-1,0,483,0,0,44561
144283,1,6,0,-1,-1,0,57696,0,0,44561
144284,0,0,-1,-1,-1,0,483,0,0,44562
144285,1,6,0,-1,-1,0,57699,0,0,44562
144286,0,0,-1,0,1000,11,58496,0,0,43488
144287,0,0,-1,1000,-1,0,58493,0,0,43489
144288,0,0,-1,0,1000,11,58499,0,0,43490
144289,0,0,-1,0,1000,11,58500,0,0,43491
144290,0,0,-1,1800000,-1,0,61052,0,0,44622
144291,0,0,-1,1800000,-1,0,61045,0,0,44623
144292,0,0,-1,1800000,-1,0,61038,0,0,44624
144293,0,0,-1,1800000,-1,0,61050,0,0,44625
144294,0,0,-1,1800000,-1,0,61057,0,0,44626
144295,0,0,-1,1800000,-1,0,61063,0,0,44627
144296,0,0,-1,-1,-1,0,61271,0,0,44702
144297,0,0,0,5000,-1,0,55197,0,0,44704
144298,0,0,-1,-1,-1,0,483,0,0,43597
144299,1,6,0,-1,-1,0,58954,0,0,43597
144300,0,0,0,-1,3000,330,483,0,0,43599
144301,1,6,0,-1,-1,0,58983,0,0,43599
144302,0,1,0,-1,-1,0,55755,0,0,43600
144303,0,1,0,-1,-1,0,55755,0,0,43601
144304,0,0,-1,0,0,0,59312,0,0,43671
144305,0,0,-1,0,0,0,59311,0,0,43672
144306,0,0,-1,0,0,0,59313,0,0,43673
144307,0,0,-1,0,0,0,59218,0,0,43674
144311,0,0,0,-1,-1,0,59317,0,0,43824
144312,0,0,-1,0,0,0,59328,0,0,43825
144313,0,0,-1,0,0,0,59333,0,0,43826
144316,0,0,-1,-1,3000,330,55884,0,0,44077
144317,1,6,0,-1,-1,0,59788,0,0,44077
144318,0,0,-1,-1,3000,330,55884,0,0,44079
144319,1,6,0,0,0,0,59793,0,0,44079
144320,0,0,-1,-1,3000,330,55884,0,0,44080
144321,1,6,0,0,0,0,59797,0,0,44080
144322,0,0,-1,-1,-1,0,59966,0,0,44155
144323,0,0,-1,-1,-1,0,59967,0,0,44156
144324,0,0,-1,-1,-1,0,59968,0,0,44157
144325,0,0,-1,-1,-1,0,59970,0,0,44159
144326,0,0,0,-1,3000,330,64762,0,0,44229
144327,0,0,-1,-1,3000,330,55884,0,0,44230
144328,1,6,0,0,0,0,59791,0,0,44230
144329,0,0,-1,-1,3000,330,55884,0,0,44231
144330,1,6,0,0,0,0,59793,0,0,44231
144331,0,0,-1,0,1200000,1229,60320,0,0,44314
144332,0,0,-1,0,1200000,1229,60321,0,0,44315
144333,0,0,-1,0,0,0,59619,0,0,44497
144334,0,0,-1,-1,-1,0,483,0,0,44502
144335,1,6,0,-1,-1,0,60866,0,0,44502
144336,0,0,-1,-1,-1,0,483,0,0,44563
144337,1,6,0,-1,-1,0,57701,0,0,44563
144338,0,0,-1,-1,-1,0,483,0,0,44564
144339,1,6,0,-1,-1,0,53936,0,0,44564
144340,0,0,-1,-1,-1,0,483,0,0,44565
144341,1,6,0,-1,-1,0,53939,0,0,44565
144342,0,0,-1,0,1000,11,58502,0,0,43492
144343,0,0,-1,-1,-1,0,58515,0,0,43494
144344,1,5,0,-1,-1,0,58539,0,0,43494
144345,0,0,-1,0,1000,11,58503,0,0,43496
144346,0,0,-1,1800000,-1,0,0,0,0,44628
144347,0,0,-1,1800000,-1,0,61067,0,0,44629
144348,0,0,-1,1800000,-1,0,0,0,0,44630
144349,0,0,-1,1800000,-1,0,61053,0,0,44632
144350,0,0,-1,-1,3000,330,55884,0,0,44707
144351,1,6,0,-1,-1,0,61294,0,0,44707
144352,0,0,-1,-1,-1,0,483,0,0,44709
144353,1,6,0,-1,-1,0,61305,0,0,44709
144354,0,0,-1,-500,-1,0,61308,0,0,44710
144358,0,0,-1,0,0,0,59337,0,0,43827
144359,0,1,0,-1,-1,0,59345,0,0,43829
144361,0,0,-1,-1,3000,330,55884,0,0,44083
144362,1,6,0,0,0,0,61467,0,0,44083
144363,0,0,-1,-1,3000,330,55884,0,0,44160
144364,1,6,0,-1,-1,0,59961,0,0,44160
144365,0,0,-1,-1,3000,330,55884,0,0,44234
144366,1,6,0,0,0,0,61447,0,0,44234
144367,0,0,-1,-1,3000,330,55884,0,0,44235
144368,1,6,0,0,0,0,61425,0,0,44235
144369,1,1,0,-1,-1,0,17619,0,0,44322
144370,0,0,-1,-1,3000,330,483,0,0,44413
144371,1,6,0,0,0,0,60424,0,0,44413
144372,0,0,-1,5000,5000,0,60428,0,0,44414
144373,0,0,-1,-1,-1,0,483,0,0,44503
144374,1,6,0,-1,-1,0,60867,0,0,44503
144375,0,2,0,-1,-1,0,60871,0,0,44505
144376,0,0,-10,0,-1,0,60875,0,0,44506
144377,0,0,-10,0,0,0,60879,0,0,44507
144378,0,0,-1,-1,-1,0,483,0,0,43497
144379,1,6,0,-1,-1,0,58507,0,0,43497
144380,0,0,0,3600000,-1,0,58501,0,0,43499
144381,0,0,0,-1,-1,0,55884,0,0,43517
144382,1,6,0,-1,-1,0,0,0,0,43517
144383,0,0,-1,0,1000,11,61828,0,0,43518
144384,0,0,0,20000,-1,0,59036,0,0,43608
144385,0,2,0,-1,-1,0,59043,0,0,43613
144392,0,0,0,120000,20000,1141,61620,0,0,43836
144393,0,0,0,120000,20000,1141,61617,0,0,43837
144394,0,1,0,-1,-1,0,61618,0,0,43838
144397,0,0,-1,-1,3000,330,55884,0,0,44085
144398,1,6,0,0,0,0,0,0,0,44085
144399,0,0,-1,-1,3000,330,55884,0,0,44086
144400,1,6,0,0,0,0,61469,0,0,44086
144401,0,0,-1,-1,3000,330,55884,0,0,44164
144402,1,6,0,-1,-1,0,59976,0,0,44164
144403,0,0,-1,-1,-1,0,59953,0,0,44165
144405,1,1,0,-1,-1,0,17619,0,0,44323
144406,1,1,0,-1,-1,0,17619,0,0,44324
144407,0,0,-1,0,3000,79,60340,0,0,44325
144408,0,0,-1,0,3000,79,60341,0,0,44327
144409,0,0,-1,-1,-1,0,483,0,0,44509
144410,1,6,0,-1,-1,0,50970,0,0,44509
144411,0,0,-1,-1,-1,0,483,0,0,44510
144412,1,6,0,-1,-1,0,50971,0,0,44510
144413,0,0,-1,-1,-1,0,483,0,0,44511
144414,1,6,0,-1,-1,0,60645,0,0,44511
144415,0,0,-1,0,0,0,58408,0,0,43412
144416,0,0,-1,0,0,0,58409,0,0,43413
144417,0,0,-1,0,0,0,58407,0,0,43414
144418,0,0,-1,0,0,0,58406,0,0,43415
144419,0,0,-1,-1,-1,0,483,0,0,43505
144420,1,6,0,-1,-1,0,58527,0,0,43505
144421,0,0,-1,-1,-1,0,483,0,0,43506
144422,1,6,0,-1,-1,0,58528,0,0,43506
144423,0,0,-1,0,1000,150,1159,0,0,44646
144424,0,0,-1,0,1000,11,58648,0,0,43523
144425,0,0,0,5000,-1,0,58641,0,0,43524
144426,0,0,-1,-1,-1,0,59042,0,0,43614
144433,0,0,-1,-1,-1,0,59648,0,0,44009
144434,0,0,0,90000,-1,0,59655,0,0,44010
144435,0,0,-1,0,3000,79,59640,0,0,44012
144436,0,0,0,120000,20000,1141,59657,0,0,44013
144437,0,1,0,-1,-1,0,57353,0,0,44090
144438,0,0,-1,-1,3000,330,55884,0,0,44168
144439,1,6,0,-1,-1,0,60002,0,0,44168
144442,0,0,-1,1000,-1,0,5513,0,0,44246
144443,0,0,-1,0,3000,79,60343,0,0,44328
144444,0,0,-1,0,3000,79,60344,0,0,44329
144445,0,0,-1,0,3000,79,60345,0,0,44330
144446,0,0,-1,0,3000,79,60346,0,0,44331
144447,0,0,-1,0,3000,79,60347,0,0,44332
144448,0,0,-1,-1,-1,0,483,0,0,44512
144449,1,6,0,-1,-1,0,60647,0,0,44512
144450,0,0,-1,-1,-1,0,483,0,0,44513
144451,1,6,0,-1,-1,0,60697,0,0,44513
144452,0,0,-1,-1,-1,0,483,0,0,44514
144453,1,6,0,-1,-1,0,60702,0,0,44514
144454,0,0,-1,-1,-1,0,483,0,0,44515
144455,1,6,0,-1,-1,0,60703,0,0,44515
144456,0,0,-1,0,0,0,58405,0,0,43416
144457,0,0,-1,0,0,0,58404,0,0,43417
144458,0,0,-1,0,0,0,58403,0,0,43418
144459,0,0,-1,0,0,0,58402,0,0,43419
144460,0,0,-1,0,0,0,58401,0,0,43420
144461,0,0,-1,0,0,0,58389,0,0,43421
144462,0,0,-1,-1,-1,0,483,0,0,43507
144463,1,6,0,-1,-1,0,58512,0,0,43507
144464,0,0,-1,-1,-1,0,483,0,0,43508
144465,1,6,0,-1,-1,0,58521,0,0,43508
144466,0,0,-1,-1,-1,0,483,0,0,43509
144467,1,6,0,-1,-1,0,58523,0,0,43509
144468,0,0,-1,-1,-1,0,483,0,0,43510
144469,1,6,0,-1,-1,0,58525,0,0,43510
144470,0,0,-1,0,1000,11,65421,0,0,44836
144471,0,0,-1,0,1000,11,65419,0,0,44837
144472,0,0,-1,0,1000,11,65422,0,0,44838
144473,0,0,-1,0,1000,11,65418,0,0,44839
144474,0,0,-1,0,1000,11,65420,0,0,44840
144475,0,0,0,120000,20000,1141,64525,0,0,46087
144476,0,0,0,120000,20000,1141,64527,0,0,46088
144477,0,1,0,-1,-1,0,62853,0,0,46089
144478,0,1,0,-1,-1,0,62853,0,0,46090
144479,0,0,-1,0,1000,11,433,0,0,44854
144480,0,0,-1,0,1000,11,433,0,0,44855
144481,0,0,-1,-1,-1,0,483,0,0,44945
144482,1,6,0,-1,-1,0,62257,0,0,44945
144483,0,0,-1,0,0,0,62257,0,0,44946
144484,0,0,-1,0,0,0,62256,0,0,44947
144485,2,0,0,3000,0,0,12883,0,0,44949
144486,0,0,0,2000,-1,0,62272,0,0,44950
144487,0,0,-1,0,0,0,62959,0,0,45060
144488,0,1,0,-1,-1,0,62972,0,0,45061
144489,1,0,0,2500,-1,0,62973,0,0,45061
144490,0,0,0,1800000,-1,0,62985,0,0,45063
144491,0,0,0,-1,10000,1203,61810,0,0,45067
144492,0,1,0,-1,-1,0,64955,0,0,45145
144493,0,0,0,120000,20000,1141,398475,0,0,45148
144495,0,1,0,-1,-1,0,65007,0,0,45308
144496,0,0,0,-1,-1,0,63663,0,0,45568
144497,0,0,0,-1,-1,0,63664,0,0,45569
144498,0,1,0,-1,-1,0,62853,0,0,45748
144499,0,1,0,-1,-1,0,62853,0,0,45749
144500,0,1,0,-1,-1,0,62853,0,0,45750
144501,0,1,0,-1,-1,0,62853,0,0,45751
144502,0,1,0,-1,-1,0,62853,0,0,45752
144503,0,0,-1,0,0,0,63872,0,0,45753
144504,0,1,0,-1,-1,0,62853,0,0,45754
144505,0,0,0,600000,600000,102,64048,0,0,45850
144506,0,0,0,600000,600000,102,64047,0,0,45851
144507,0,0,0,600000,600000,102,64049,0,0,45852
144508,0,0,-1,-1,-1,0,55884,0,0,45942
144509,1,6,0,-1,-1,0,64351,0,0,45942
144510,0,0,-1,-1,-1,0,55884,0,0,44738
144511,1,6,0,-1,-1,0,61472,0,0,44738
144512,0,0,-1,-1,-1,0,61468,0,0,44739
144513,0,1,0,-1,-1,0,61477,0,0,44740
144514,0,1,0,-1,-1,0,61477,0,0,44741
144515,0,1,0,-1,-1,0,61477,0,0,44742
144516,0,0,-1,-1,-1,0,483,0,0,44841
144517,1,6,0,-1,-1,0,61991,0,0,44841
144518,0,0,-1,0,0,0,64579,0,0,46098
144519,0,0,-1,-1,3000,330,55884,0,0,46099
144520,1,6,0,0,0,0,64658,0,0,46099
144521,0,0,-1,-1,3000,330,55884,0,0,46100
144522,1,6,0,-1,-1,0,64657,0,0,46100
144523,0,0,-1,-1,-1,0,62047,0,0,44856
144524,0,0,-1,-1,3000,330,55884,0,0,44857
144525,1,6,0,-1,-1,0,62048,0,0,44857
144526,0,0,-1,-1,-1,0,483,0,0,44858
144527,1,6,0,-1,-1,0,62049,0,0,44858
144528,0,0,-1,-1,-1,0,483,0,0,44859
144529,1,6,0,-1,-1,0,62051,0,0,44859
144530,0,0,-1,0,1000,11,57359,0,0,44953
144531,0,0,-1,-1,-1,0,483,0,0,44954
144532,1,6,0,-1,-1,0,62350,0,0,44954
144533,0,0,-1,0,0,0,62353,0,0,44955
144534,0,0,0,-1,-1,0,63070,0,0,45070
144535,0,0,0,300000,-1,0,61815,0,0,45073
144536,0,0,0,120000,20000,1141,65011,0,0,45313
144537,0,0,0,3000,-1,0,63691,0,0,45575
144538,0,0,-1,0,0,0,63873,0,0,45755
144539,0,0,-1,0,0,0,63874,0,0,45756
144540,0,0,-1,0,0,0,63875,0,0,45757
144541,0,0,-1,0,0,0,63876,0,0,45758
144542,0,1,0,-1,-1,0,62853,0,0,45759
144543,0,0,-1,0,0,0,63877,0,0,45760
144544,0,0,0,600000,600000,102,64046,0,0,45853
144545,0,0,0,600000,600000,102,64052,0,0,45854
144546,0,1,0,-1,-1,0,8082,0,0,45858
144547,0,0,-1,1800000,-1,0,56245,0,0,44744
144548,0,1,0,-1,-1,0,64415,0,0,46017
144549,1,1,0,-1,-1,0,68496,0,0,46017
144550,0,0,-1,-1,3000,330,55884,0,0,46101
144551,1,6,0,0,0,0,64656,0,0,46101
144552,0,0,-1,-1,3000,330,55884,0,0,46102
144553,1,6,0,0,0,0,64659,0,0,46102
144554,0,1,0,-1,-1,0,63388,0,0,46103
144555,0,1,0,-1,-1,0,63388,0,0,46104
144556,0,0,-1,-1,-1,0,483,0,0,44860
144557,1,6,0,-1,-1,0,62050,0,0,44860
144558,0,0,-1,-1,-1,0,483,0,0,44861
144559,1,6,0,-1,-1,0,62045,0,0,44861
144560,0,0,-1,-1,-1,0,483,0,0,44862
144561,1,6,0,-1,-1,0,62044,0,0,44862
144562,0,0,0,43200000,60000,94,62067,0,0,44865
144563,0,0,0,43200000,60000,23,62067,0,0,44866
144564,0,0,-1,-1,60000,23,62076,0,0,44867
144565,0,0,-1,-1,-1,0,483,0,0,44956
144566,1,6,0,-1,-1,0,22967,0,0,44956
144567,0,0,-1,-1,-1,0,62384,0,0,44957
144568,0,0,-1,-1,-1,0,62408,0,0,44958
144569,0,0,-1,-1,-1,0,62447,0,0,44963
144570,0,0,0,-1,-1,0,50864,0,0,44964
144571,0,0,0,5000,-1,0,63124,0,0,45080
144572,0,0,0,120000,-1,0,398478,0,0,45158
144573,0,1,0,-1,-1,0,64742,0,0,45490
144574,0,0,-1,0,0,0,63878,0,0,45761
144575,0,0,-1,0,0,0,63879,0,0,45762
144576,0,1,0,-1,-1,0,62853,0,0,45763
144577,0,0,-1,0,0,0,63880,0,0,45764
144578,0,1,0,-1,-1,0,62853,0,0,45765
144579,0,0,-1,0,0,0,63897,0,0,45766
144580,0,0,-1,0,0,0,63898,0,0,45767
144581,0,0,-1,0,1000,11,43180,0,0,44749
144582,0,0,-1,0,1000,59,27089,0,0,44750
144583,0,0,0,120000,0,0,65012,0,0,46021
144584,0,1,0,-1,-1,0,63388,0,0,46105
144585,0,1,0,-1,-1,0,62853,0,0,46106
144586,0,1,0,-1,-1,0,62853,0,0,46107
144587,0,0,-1,-1,-1,0,483,0,0,46108
144588,1,6,0,-1,-1,0,64051,0,0,46108
144589,0,1,0,-1,-1,0,59818,0,0,44869
144590,0,1,0,-1,-1,0,59787,0,0,44870
144591,0,0,-1,-1,-1,0,59934,0,0,44871
144592,0,0,-1,-1,-1,0,59936,0,0,44872
144593,0,0,-1,-1,-1,0,59941,0,0,44873
144594,0,0,-1,-1,-1,0,59937,0,0,44874
144595,0,0,-1,-1,-1,0,483,0,0,44965
144596,1,6,0,-1,-1,0,62491,0,0,44965
144597,0,0,-1,-1,-1,0,55884,0,0,44970
144598,1,6,0,-1,-1,0,62508,0,0,44970
144599,0,0,-1,-1,-1,0,55884,0,0,44971
144600,1,6,0,-1,-1,0,62510,0,0,44971
144601,0,0,-1,-1,-1,0,55884,0,0,44972
144602,1,6,0,-1,-1,0,62514,0,0,44972
144603,0,0,-1,-1,-1,0,55884,0,0,44973
144604,1,6,0,-1,-1,0,62513,0,0,44973
144605,0,0,0,5000,-1,0,63163,0,0,45083
144606,0,5,0,-1,-1,0,63166,0,0,45084
144610,0,0,-1,-1,3000,330,55884,0,0,45586
144611,1,6,0,-1,-1,0,63636,0,0,45586
144612,0,0,-1,-1,3000,330,55884,0,0,45589
144613,1,6,0,-1,-1,0,63638,0,0,45589
144614,0,0,-1,-1,3000,330,55884,0,0,45590
144615,1,6,0,-1,-1,0,63639,0,0,45590
144616,0,0,-1,0,0,0,63899,0,0,45768
144617,0,0,-1,0,0,0,63901,0,0,45769
144618,0,0,-1,0,0,0,63902,0,0,45770
144619,0,0,-1,0,0,0,63903,0,0,45771
144620,0,0,-1,0,0,0,63904,0,0,45772
144621,0,1,0,-1,-1,0,65005,0,0,45866
144622,0,0,-1,0,0,0,64441,0,0,46026
144623,0,0,-1,-1,-1,0,55884,0,0,46109
144624,1,6,0,-1,-1,0,64731,0,0,46109
144625,0,0,-1,-1,-1,0,61271,0,0,44875
144626,0,0,-1,-1,-1,0,59960,0,0,44876
144627,0,0,-1,-1,-1,0,59970,0,0,44877
144628,0,0,-1,-1,-1,0,59955,0,0,44878
144629,0,0,-1,-1,-1,0,59954,0,0,44879
144630,0,0,-1,-1,-1,0,55884,0,0,44974
144631,1,6,0,-1,-1,0,62516,0,0,44974
144632,0,0,-1,-1,-1,0,483,0,0,44977
144633,1,6,0,-1,-1,0,6417,0,0,44977
144634,0,0,-1,-1,-1,0,55884,0,0,44980
144635,1,6,0,-1,-1,0,62542,0,0,44980
144636,0,0,-1,-1,-1,0,483,0,0,45088
144637,1,6,0,-1,-1,0,63187,0,0,45088
144638,0,0,-1,-1,-1,0,483,0,0,45089
144639,1,6,0,-1,-1,0,63188,0,0,45089
144640,0,0,-1,-1,-1,0,483,0,0,45090
144641,1,6,0,-1,-1,0,63189,0,0,45090
144642,0,0,-1,-1,-1,0,483,0,0,45091
144643,1,6,0,-1,-1,0,63190,0,0,45091
144644,0,0,-1,-1,-1,0,483,0,0,45092
144645,1,6,0,-1,-1,0,63191,0,0,45092
144646,0,0,-1,-1,3000,330,55884,0,0,45591
144647,1,6,0,-1,-1,0,63637,0,0,45591
144648,0,0,-1,-1,3000,330,55884,0,0,45592
144649,1,6,0,-1,-1,0,63641,0,0,45592
144650,0,0,-1,-1,3000,330,55884,0,0,45593
144651,1,6,0,-1,-1,0,63635,0,0,45593
144652,0,0,-1,-1,-1,0,483,0,0,45774
144653,1,6,0,-1,-1,0,63924,0,0,45774
144654,0,0,-1,0,0,0,63925,0,0,45775
144655,0,0,-1,0,0,0,63926,0,0,45776
144656,0,0,-1,0,0,0,63927,0,0,45777
144657,0,0,-1,0,0,0,63929,0,0,45778
144658,0,0,-1,0,0,0,63930,0,0,45779
144659,0,0,-1,0,0,0,63932,0,0,45780
144660,0,0,-1,-1,-1,0,64444,0,0,46029
144661,0,0,-1,-1,-1,0,59948,0,0,44880
144662,0,0,-1,-1,-1,0,59947,0,0,44881
144663,0,0,-1,-1,-1,0,59946,0,0,44882
144664,0,0,-1,-1,-1,0,59945,0,0,44883
144665,0,0,-1,-1,-1,0,59944,0,0,44884
144666,0,0,-1,-1,3000,330,55884,0,0,44885
144667,1,6,0,-1,-1,0,0,0,0,44885
144668,0,0,-1,-1,-1,0,55884,0,0,44982
144669,1,6,0,-1,-1,0,62564,0,0,44982
144670,0,0,-1,-1,-1,0,55884,0,0,44983
144671,1,6,0,-1,-1,0,62561,0,0,44983
144672,0,0,-1,-1,-1,0,55884,0,0,44984
144673,1,6,0,-1,-1,0,62562,0,0,44984
144674,0,0,0,3000,-1,0,62574,0,0,44986
144675,0,0,-1,-1,-1,0,483,0,0,45093
144676,1,6,0,-1,-1,0,63192,0,0,45093
144677,0,0,-1,-1,-1,0,483,0,0,45094
144678,1,6,0,-1,-1,0,63194,0,0,45094
144679,0,0,-1,-1,-1,0,483,0,0,45095
144680,1,6,0,-1,-1,0,63195,0,0,45095
144681,0,0,-1,-1,-1,0,483,0,0,45096
144682,1,6,0,-1,-1,0,63196,0,0,45096
144683,0,1,0,-1,-1,0,64959,0,0,45169
144684,0,1,0,-1,-1,0,64962,0,0,45254
144685,0,1,0,-1,-1,0,64961,0,0,45255
144687,0,1,0,-1,-1,0,64764,0,0,45507
144688,0,1,0,-1,-1,0,64952,0,0,45509
144689,0,0,-1,-1,3000,330,55884,0,0,45595
144690,1,6,0,-1,-1,0,63640,0,0,45595
144691,0,0,-1,-1,3000,330,55884,0,0,45596
144692,1,6,0,-1,-1,0,63642,0,0,45596
144693,0,0,-1,-1,3000,330,55884,0,0,45597
144694,1,6,0,-1,-1,0,63643,0,0,45597
144695,1,0,0,1800000,1800000,1212,54406,0,0,45688
144696,1,0,0,1800000,1800000,1212,54406,0,0,45689
144697,1,0,0,1800000,1800000,1212,54406,0,0,45690
144698,0,0,-1,0,0,0,63933,0,0,45781
144699,0,0,-1,0,0,0,63937,0,0,45782
144700,0,0,-1,0,0,0,63938,0,0,45783
144701,0,0,-1,0,0,0,63941,0,0,45785
144702,0,1,0,-1,-1,0,65025,0,0,46038
144703,0,0,0,5000,-1,0,62105,0,0,44890
144704,0,0,-1,-1,-1,0,483,0,0,45097
144705,1,6,0,-1,-1,0,63197,0,0,45097
144706,0,0,-1,-1,-1,0,483,0,0,45098
144707,1,6,0,-1,-1,0,63198,0,0,45098
144708,0,0,-1,-1,-1,0,483,0,0,45099
144709,1,6,0,-1,-1,0,63199,0,0,45099
144710,0,0,-1,-1,-1,0,483,0,0,45100
144711,1,6,0,-1,-1,0,63200,0,0,45100
144712,0,1,0,-1,-1,0,62972,0,0,45176
144713,1,0,0,2500,-1,0,62973,0,0,45176
144714,0,1,0,-1,-1,0,62972,0,0,45177
144715,1,0,0,2500,-1,0,62973,0,0,45177
144716,0,1,0,-1,-1,0,62972,0,0,45178
144717,1,0,0,2500,-1,0,62973,0,0,45178
144718,0,1,0,-1,-1,0,62972,0,0,45179
144719,1,0,0,2500,-1,0,62973,0,0,45179
144723,0,1,0,-1,-1,0,64957,0,0,45510
144724,0,0,-1,0,0,0,63714,0,0,45601
144725,0,0,-1,0,0,0,63715,0,0,45602
144726,0,0,-1,0,0,0,63717,0,0,45603
144727,0,0,-1,0,0,0,63718,0,0,45604
144728,0,0,-1,-1,-1,0,55884,0,0,45606
144729,1,6,0,-1,-1,0,63712,0,0,45606
144730,1,0,0,1800000,1800000,1212,54406,0,0,45691
144731,0,0,-1,-1,3000,330,55884,0,0,45693
144732,1,6,0,-1,-1,0,63796,0,0,45693
144733,0,0,-1,0,0,0,63943,0,0,45789
144734,0,0,-1,0,0,0,63945,0,0,45790
144735,0,0,-1,0,0,0,63948,0,0,45792
144736,0,0,-1,0,0,0,63949,0,0,45793
144737,0,0,-1,-1,-1,0,55884,0,0,44998
144738,1,6,0,-1,-1,0,62609,0,0,44998
144739,0,0,-1,3000,-1,0,62629,0,0,45000
144740,0,0,-1,-1,-1,0,55884,0,0,45002
144741,1,6,0,-1,-1,0,62674,0,0,45002
144742,0,0,-1,-1,-1,0,483,0,0,45101
144743,1,6,0,-1,-1,0,63201,0,0,45101
144744,0,0,-1,-1,-1,0,483,0,0,45102
144745,1,6,0,-1,-1,0,63203,0,0,45102
144746,0,0,-1,-1,-1,0,483,0,0,45103
144747,1,6,0,-1,-1,0,63204,0,0,45103
144748,0,0,-1,-1,-1,0,483,0,0,45104
144749,1,6,0,-1,-1,0,63205,0,0,45104
144750,0,0,-1,-1,-1,0,55884,0,0,45180
144751,1,6,0,-1,-1,0,63318,0,0,45180
144752,0,0,0,120000,20000,1141,398488,0,0,45263
144753,0,1,0,-1,-1,0,64714,0,0,45518
144754,0,1,0,-1,-1,0,64786,0,0,45609
144755,0,0,-1,0,0,0,63950,0,0,45794
144756,0,0,-1,0,0,0,63951,0,0,45795
144757,0,0,0,-1,-1,0,3366,0,0,45796
144758,0,0,-1,0,0,0,63952,0,0,45797
144759,0,0,0,-1,-1,0,3366,0,0,45798
144760,0,0,-1,0,0,0,63953,0,0,45799
144761,0,0,-1,0,0,0,63954,0,0,45800
144762,0,1,0,0,0,0,64124,0,0,45890
144763,0,0,0,300000,-1,0,61131,0,0,44784
144764,0,1,0,-1,-1,0,66303,0,0,44785
144765,0,0,-1,5000,-1,0,62767,0,0,45005
144766,0,0,-1,0,3000,79,53760,0,0,45006
144767,0,0,-1,0,3000,79,54212,0,0,45007
144768,0,0,-1,0,3000,79,53758,0,0,45008
144769,0,0,-1,0,3000,79,53755,0,0,45009
144770,0,0,-1,-1,-1,0,483,0,0,45105
144771,1,6,0,-1,-1,0,63206,0,0,45105
144772,0,1,0,-1,-1,0,64950,0,0,45270
144773,0,1,0,-1,-1,0,64956,0,0,45436
144774,0,1,0,-1,-1,0,64792,0,0,45522
144775,0,1,0,-1,-1,0,65010,0,0,45703
144776,0,0,-1,-1,-1,0,63826,0,0,45705
144777,0,0,-1,-1,3000,330,55884,0,0,45802
144778,1,6,0,-1,-1,0,63963,0,0,45802
144779,0,0,-1,0,0,0,63955,0,0,45803
144780,0,0,-1,0,0,0,63958,0,0,45804
144781,0,0,-1,0,0,0,63959,0,0,45805
144782,0,0,-1,0,0,0,63961,0,0,45806
144783,0,0,0,20000,-1,0,64184,0,0,45896
144784,0,0,0,10000,0,0,64385,0,0,45984
144785,0,0,-1,0,1000,11,61874,0,0,44791
144786,0,0,-5,1500,-1,0,61717,0,0,44792
144787,0,0,0,120000,20000,0,64999,0,0,46051
144788,0,1,0,-1,-1,0,64949,0,0,46138
144789,0,0,0,-1,180000,1246,62736,0,0,45011
144790,0,0,0,-1,180000,1246,62745,0,0,45013
144791,0,0,0,-1,180000,1246,62742,0,0,45014
144792,0,0,0,-1,180000,1246,62738,0,0,45015
144793,0,0,0,-1,180000,1246,62743,0,0,45016
144794,0,1,0,-1,-1,0,64960,0,0,45114
144795,0,0,-1,0,60000,4,43186,0,0,45276
144796,0,0,-1,0,60000,4,43185,0,0,45277
144797,0,0,-1,0,3000,79,63729,0,0,45621
144798,0,0,-1,1000,-1,0,61700,0,0,45706
144799,0,0,-1,0,1000,11,45548,0,0,45901
144800,0,0,-1,-1,-1,0,64366,0,0,45902
144801,0,1,0,-1,-1,0,59731,0,0,45991
144802,0,1,0,-1,-1,0,59731,0,0,45992
144803,0,0,-1,-1,-1,0,483,0,0,44793
144804,1,6,0,-1,-1,0,61721,0,0,44793
144805,0,0,-1,-1,-1,0,55884,0,0,44794
144806,1,6,0,-1,-1,0,61725,0,0,44794
144807,0,0,-1,-1,-1,0,64485,0,0,46054
144808,0,0,-1,-1,-1,0,33100,0,0,46055
144809,0,1,0,-1,-1,0,62114,0,0,44912
144810,0,1,0,-1,-1,0,62115,0,0,44914
144811,0,0,-88,3000,-1,0,26374,0,0,44915
144812,0,0,-1,-1,-1,0,483,0,0,44916
144813,1,6,0,-1,-1,0,26403,0,0,44916
144814,0,0,0,-1,180000,1246,62744,0,0,45017
144815,0,0,0,-1,180000,1246,62737,0,0,45018
144816,0,0,0,-1,180000,1246,62741,0,0,45019
144817,0,0,0,-1,180000,1246,62740,0,0,45020
144818,0,0,0,-1,180000,1246,62739,0,0,45021
144819,0,0,-1,-1,-1,0,55884,0,0,45022
144820,1,6,0,-1,-1,0,62746,0,0,45022
144821,0,0,-1,0,1000,11,57426,0,0,45279
144822,0,1,0,-1,-1,0,63388,0,0,45280
144823,0,0,0,7000,-1,0,63381,0,0,45281
144824,0,1,0,-1,-1,0,64738,0,0,45535
144825,0,0,-1,0,0,0,63739,0,0,45622
144826,0,0,-1,0,0,0,63740,0,0,45623
144827,0,0,-1,0,0,0,63741,0,0,45625
144828,0,0,-1,-500,-1,0,63832,0,0,45714
144829,0,0,-1,-500,-1,0,63833,0,0,45715
144830,0,0,-1,-500,-1,0,63834,0,0,45716
144831,0,0,-1,-500,-1,0,63835,0,0,45717
144832,0,0,-1,0,0,0,64200,0,0,45908
144833,0,0,-1,-1,-1,0,64202,0,0,45909
144834,0,0,0,60000,-1,0,61818,0,0,44800
144835,0,0,0,300000,-1,0,61815,0,0,44801
144836,0,0,0,-1,10000,1203,61810,0,0,44802
144837,0,0,0,-1,-1,0,61729,0,0,44804
144838,0,0,-1,-1,-1,0,483,0,0,44917
144839,1,6,0,-1,-1,0,26407,0,0,44917
144840,0,0,-1,-1,-1,0,483,0,0,44918
144841,1,6,0,-1,-1,0,26443,0,0,44918
144842,0,0,-1,-1,-1,0,483,0,0,44919
144843,1,6,0,-1,-1,0,26442,0,0,44919
144844,0,0,-1,0,0,0,62127,0,0,44920
144845,0,0,0,-1,-1,0,62774,0,0,45026
144846,0,0,0,-1,-1,0,62779,0,0,45028
144847,0,0,0,-1,-1,0,62780,0,0,45029
144848,0,0,0,-1,-1,0,62781,0,0,45030
144849,0,1,0,-1,-1,0,65013,0,0,45286
144851,0,0,-1,0,0,0,63746,0,0,45628
144853,0,0,0,600000,0,0,25823,0,0,45631
144854,0,0,-1,-500,-1,0,63836,0,0,45718
144855,0,0,-1,-500,-1,0,63837,0,0,45719
144856,0,0,-1,-500,-1,0,63838,0,0,45720
144857,0,0,-1,-500,-1,0,63839,0,0,45721
144858,0,0,-1,-500,-1,0,63840,0,0,45722
144859,0,0,-1,-500,-1,0,63841,0,0,45723
144860,0,1,0,-1,-1,0,62853,0,0,45910
144861,0,0,-1,-1,-1,0,64323,0,0,45912
144862,0,1,0,-1,-1,0,62853,0,0,45913
144863,0,1,0,-1,-1,0,62853,0,0,45914
144864,0,1,0,-1,-1,0,62853,0,0,45915
144865,0,1,0,-1,-1,0,62853,0,0,45916
144866,0,0,0,-1,-1,0,23789,0,0,44805
144867,0,0,0,-1,-1,0,124,0,0,44807
144868,0,0,-1,-1,-1,0,55884,0,0,44810
144869,1,6,0,-1,-1,0,61773,0,0,44810
144870,0,1,0,-1,-1,0,62853,0,0,46069
144871,0,1,0,-1,-1,0,62853,0,0,46070
144872,0,0,-1,0,0,0,62134,0,0,44922
144873,0,0,-1,0,0,0,62133,0,0,44923
144874,0,0,0,60000,-1,0,53440,0,0,44924
144875,0,0,-1,0,0,0,62161,0,0,44928
144876,0,0,0,-1,-1,0,62782,0,0,45031
144877,0,0,0,-1,-1,0,62783,0,0,45032
144878,0,0,0,-1,-1,0,62784,0,0,45033
144879,0,0,0,-1,-1,0,62785,0,0,45034
144880,0,0,0,-1,-1,0,62786,0,0,45035
144881,0,0,0,-1,-1,0,62787,0,0,45036
144882,0,0,-1,-1,3000,330,55884,0,0,45125
144883,1,6,0,-1,-1,0,63232,0,0,45125
144884,0,0,-1,300000,60000,24,63234,0,0,45126
144885,0,0,0,120000,20000,1141,65008,0,0,45292
144887,0,0,-1,-1,3000,330,55884,0,0,45725
144888,1,6,0,-1,-1,0,63844,0,0,45725
144889,0,1,0,-1,-1,0,62853,0,0,45917
144890,0,1,0,-1,-1,0,62853,0,0,45918
144891,0,1,0,-1,-1,0,62853,0,0,45919
144892,0,1,0,-1,-1,0,62853,0,0,45920
144893,0,1,0,-1,-1,0,62853,0,0,45921
144894,0,0,-1,-1,-1,0,64401,0,0,46006
144895,0,0,-1,-1,-1,0,483,0,0,44811
144896,1,6,0,-1,-1,0,61780,0,0,44811
144897,0,0,-1,1000,-1,0,61781,0,0,44812
144898,0,0,-5,1500,-1,0,61781,0,0,44813
144899,0,0,-1,0,0,0,44575,0,0,44815
144900,0,0,-1,1500,-1,0,44212,0,0,44816
144902,0,0,-1,-1,-1,0,483,0,0,44932
144903,1,6,0,-1,-1,0,62176,0,0,44932
144904,0,0,-1,-1,-1,0,483,0,0,44933
144905,1,6,0,-1,-1,0,62177,0,0,44933
144907,1,0,0,1800000,1800000,1212,54406,0,0,44934
144908,1,0,0,1800000,1800000,1212,54406,0,0,44935
144909,0,0,0,10000,-1,0,63604,0,0,45037
144910,0,0,-1,-1,-1,0,62812,0,0,45038
144913,0,1,0,-1,-1,0,63251,0,0,45131
144914,0,1,0,-1,-1,0,62853,0,0,45728
144915,0,1,0,-1,-1,0,62853,0,0,45729
144916,0,1,0,-1,-1,0,62853,0,0,45730
144917,0,0,-1,0,0,0,63854,0,0,45731
144918,0,0,-1,0,0,0,63855,0,0,45732
144919,0,0,-1,0,0,0,63856,0,0,45733
144920,0,0,-1,0,0,0,63857,0,0,45734
144921,0,1,0,-1,-1,0,62853,0,0,45922
144922,0,1,0,-1,-1,0,62853,0,0,45923
144923,0,0,-1,-1,-1,0,64347,0,0,45924
144924,0,1,0,-1,-1,0,62853,0,0,45925
144925,0,0,-1,1000,-1,0,55884,0,0,44721
144926,1,6,0,-1,-1,0,61350,0,0,44721
144927,0,0,-1,0,1000,11,45548,0,0,44722
144928,0,0,-1,-1,-1,0,483,0,0,44723
144929,1,6,0,-1,-1,0,61357,0,0,44723
144930,0,0,-1,0,-1,0,61819,0,0,44817
144931,0,0,-1,3600000,-1,0,61820,0,0,44818
144932,0,0,0,-1,-1,0,55884,0,0,44819
144933,1,6,0,-1,-1,0,61855,0,0,44819
144934,0,0,0,1500,-1,0,61856,0,0,44820
144935,0,0,-1,-1,-1,0,55884,0,0,44822
144936,1,6,0,-1,-1,0,10713,0,0,44822
144937,0,0,0,120000,120000,1182,42292,0,0,46081
144938,0,0,-1,-1,3000,330,55884,0,0,44842
144939,1,6,0,-1,-1,0,61997,0,0,44842
144940,0,0,-1,-1,3000,330,55884,0,0,44843
144941,1,6,0,-1,-1,0,61996,0,0,44843
144942,0,0,0,120000,-1,0,62012,0,0,44844
144945,0,0,-1,-1,-1,0,62201,0,0,44936
144946,0,0,-1,-1,-1,0,483,0,0,44937
144947,1,6,0,-1,-1,0,62202,0,0,44937
144948,0,0,-1,-1,-1,0,483,0,0,44938
144949,1,6,0,-1,-1,0,62202,0,0,44938
144950,0,0,-1,0,3000,79,62380,0,0,44939
144951,0,0,-1,0,1000,11,45548,0,0,44940
144952,0,0,0,4000,-1,0,62990,0,0,45046
144953,0,0,-1,180000,-1,0,62857,0,0,45047
144954,0,1,0,-1,-1,0,62853,0,0,45049
144955,0,0,-1,-1,-1,0,483,0,0,45050
144956,1,6,0,-1,-1,0,15596,0,0,45050
144958,0,1,0,-1,-1,0,63251,0,0,45219
144961,0,0,0,120000,20000,1141,64707,0,0,45466
144962,0,0,-1,0,0,0,63858,0,0,45735
144963,0,0,-1,0,0,0,63859,0,0,45736
144964,0,0,-1,0,0,0,63860,0,0,45737
144965,0,0,-1,0,0,0,63862,0,0,45738
144966,0,0,-1,0,0,0,63863,0,0,45739
144967,0,0,-1,0,0,0,63864,0,0,45740
144968,0,0,-1,0,0,0,63865,0,0,45741
144970,0,1,0,-1,-1,0,65002,0,0,45929
144971,0,1,0,-1,-1,0,65020,0,0,45931
144972,0,0,-1,0,1000,11,64354,0,0,45932
144973,0,0,0,300000,-1,0,61415,0,0,44731
144974,0,0,-1,-1,-1,0,55884,0,0,44823
144975,1,6,0,-1,-1,0,35910,0,0,44823
144976,0,0,-1,-1,-1,0,55884,0,0,44824
144977,1,6,0,-1,-1,0,10709,0,0,44824
144978,0,0,-1,-1,-1,0,55884,0,0,44825
144979,1,6,0,-1,-1,0,10688,0,0,44825
144980,0,0,-1,-1,-1,0,55884,0,0,44826
144981,1,6,0,-1,-1,0,10706,0,0,44826
144982,0,0,0,120000,120000,1182,42292,0,0,46082
144983,0,0,0,120000,120000,1182,42292,0,0,46083
144984,0,0,0,120000,120000,1182,42292,0,0,46084
144985,0,0,0,120000,120000,1182,42292,0,0,46085
144986,0,0,0,120000,20000,1141,64524,0,0,46086
144992,0,0,0,1800000,-1,0,62040,0,0,44849
144993,0,0,-1,-1,-1,0,483,0,0,44851
144994,1,6,0,-1,-1,0,15856,0,0,44851
144995,2,6,0,-1,-1,0,2548,0,0,44851
144996,0,0,-1,0,1000,59,43182,0,0,44941
144997,0,0,-1,-1,-1,0,483,0,0,44944
144998,1,6,0,-1,-1,0,62256,0,0,44944
144999,0,0,-1,0,0,0,62948,0,0,45056
145000,0,0,0,1800000,-1,0,62949,0,0,45057
145001,0,1,0,-1,-1,0,64964,0,0,45144
145002,0,0,-1,0,0,0,63866,0,0,45742
145003,0,0,-1,0,0,0,63867,0,0,45743
145004,0,0,-1,0,0,0,63868,0,0,45744
145005,0,0,-1,0,0,0,63869,0,0,45745
145006,0,0,-1,0,0,0,63870,0,0,45746
145007,0,0,-1,0,0,0,63871,0,0,45747
145008,0,0,-1,-1,-1,0,55884,0,0,44827
145009,1,6,0,-1,-1,0,10711,0,0,44827
145010,0,0,-1,-1,-1,0,55884,0,0,44828
145011,1,6,0,-1,-1,0,10676,0,0,44828
145012,0,0,-1,-1,-1,0,55884,0,0,44829
145013,1,6,0,-1,-1,0,36029,0,0,44829
145014,0,0,-1,20000,-1,0,61868,0,0,44832
145016,0,0,-1,0,1000,59,65363,0,0,46403
145017,0,0,-1,-1,-1,0,55884,0,0,46544
145018,1,6,0,-1,-1,0,65382,0,0,46544
145019,0,0,-1,-1,-1,0,55884,0,0,46545
145020,1,6,0,-1,-1,0,65381,0,0,46545
145021,0,0,-88,3000,-1,0,26374,0,0,46547
145022,0,0,0,300000,-1,0,65393,0,0,46689
145023,0,0,-1,-1,-1,0,55884,0,0,46820
145024,1,6,0,-1,-1,0,66096,0,0,46820
145025,0,0,-1,-1,-1,0,55884,0,0,46821
145026,1,6,0,-1,-1,0,66096,0,0,46821
145027,0,1,0,-1,-1,0,66303,0,0,46824
145028,0,0,-1,-1,-1,0,483,0,0,46925
145029,1,6,0,-1,-1,0,66498,0,0,46925
145030,0,0,-1,-1,-1,0,483,0,0,46926
145031,1,6,0,-1,-1,0,66499,0,0,46926
145032,0,0,-1,-1,-1,0,483,0,0,46927
145033,1,6,0,-1,-1,0,66500,0,0,46927
145034,0,0,-1,-1,-1,0,483,0,0,46928
145035,1,6,0,-1,-1,0,66501,0,0,46928
145036,0,0,-1,-1,3000,330,55884,0,0,47180
145037,1,6,0,-1,-1,0,67466,0,0,47180
145038,0,1,0,-1,-1,0,67712,0,0,47182
145039,0,1,0,-1,-1,0,64792,0,0,47358
145040,0,0,-1,-1,-1,0,483,0,0,47625
145041,1,6,0,-1,-1,0,67094,0,0,47625
145042,0,0,-1,-1,-1,0,483,0,0,47626
145043,1,6,0,-1,-1,0,67095,0,0,47626
145044,0,0,-1,-1,-1,0,483,0,0,47627
145045,1,6,0,-1,-1,0,67096,0,0,47627
145046,0,0,-1,-1,-1,0,483,0,0,47628
145047,1,6,0,-1,-1,0,67080,0,0,47628
145048,0,0,-1,0,1000,11,433,0,0,46690
145049,0,0,-1,0,1000,11,24869,0,0,46691
145050,0,0,-1,15000,-1,0,65357,0,0,46693
145051,0,0,-1,-1,-1,0,55884,0,0,46707
145052,1,6,0,-1,-1,0,44369,0,0,46707
145053,0,0,0,-1,-1,0,66175,0,0,46831
145054,2,0,0,0,1000,1091,22563,0,0,46839
145055,0,1,0,-1,-1,0,66214,0,0,46840
145056,2,0,0,0,1000,1091,22563,0,0,46840
145057,0,0,-1,-1,-1,0,483,0,0,46929
145058,1,6,0,-1,-1,0,66502,0,0,46929
145059,0,0,-1,-1,-1,0,483,0,0,46930
145060,1,6,0,-1,-1,0,66503,0,0,46930
145061,0,0,-1,-1,-1,0,483,0,0,46931
145062,1,6,0,-1,-1,0,66504,0,0,46931
145063,0,0,-1,-1,-1,0,483,0,0,46932
145064,1,6,0,-1,-1,0,66505,0,0,46932
145065,0,0,0,1500,-1,0,66642,0,0,47006
145066,0,0,-1,-1,-1,0,483,0,0,47007
145067,1,6,0,-1,-1,0,66574,0,0,47007
145068,0,0,-1,-1,-1,0,483,0,0,47008
145069,1,6,0,-1,-1,0,66575,0,0,47008
145070,0,0,-1,-1,3000,330,55884,0,0,47100
145071,1,6,0,0,0,0,66847,0,0,47100
145072,0,0,-1,-1,3000,330,55884,0,0,47101
145073,1,6,0,0,0,0,66846,0,0,47101
145074,0,1,0,-1,-1,0,67758,0,0,47188
145075,0,1,0,-1,-1,0,67698,0,0,47271
145076,0,0,-1,-1,-1,0,483,0,0,47629
145077,1,6,0,-1,-1,0,67081,0,0,47629
145078,0,0,-1,-1,-1,0,483,0,0,47630
145079,1,6,0,-1,-1,0,67082,0,0,47630
145080,0,0,-1,-1,-1,0,483,0,0,47631
145081,1,6,0,-1,-1,0,67083,0,0,47631
145082,0,0,-1,-1,3000,330,55884,0,0,46708
145083,1,6,0,-1,-1,0,64927,0,0,46708
145084,0,0,0,30000,-1,0,65451,0,0,46709
145085,0,0,-1,-1,-1,0,483,0,0,46710
145086,1,6,0,-1,-1,0,65454,0,0,46710
145087,0,0,-1,300000,-1,0,65460,0,0,46711
145088,0,0,0,300000,-1,0,65393,0,0,46712
145089,0,0,-1,30000,-1,0,65393,0,0,46717
145090,1,0,0,1800000,-1,0,66238,0,0,46842
145091,0,0,0,-1,180000,1246,66241,0,0,46843
145092,0,0,-1,1000,-1,0,52410,0,0,46845
145093,1,5,-1,-1,-1,0,52418,0,0,46845
145094,0,0,-1,1000,-1,0,52410,0,0,46846
145095,1,5,-1,-1,-1,0,52418,0,0,46846
145096,0,0,-1,0,0,1152,66268,0,0,46847
145097,1,5,0,-1,-1,0,66271,0,0,46847
145098,0,0,-1,-1,-1,0,483,0,0,46933
145099,1,6,0,-1,-1,0,66506,0,0,46933
145100,0,0,-1,-1,-1,0,483,0,0,46934
145101,1,6,0,-1,-1,0,66553,0,0,46934
145102,0,0,-1,-1,-1,0,483,0,0,46935
145103,1,6,0,-1,-1,0,66554,0,0,46935
145104,0,0,-1,-1,-1,0,483,0,0,46936
145105,1,6,0,-1,-1,0,66555,0,0,46936
145106,0,0,0,1500,-1,0,66621,0,0,47009
145107,0,0,-1,-1,-1,0,483,0,0,47010
145108,1,6,0,-1,-1,0,66576,0,0,47010
145109,0,0,-1,-1,-1,0,483,0,0,47011
145110,1,6,0,-1,-1,0,66577,0,0,47011
145111,0,0,-1,-1,-1,0,483,0,0,47012
145112,1,6,0,-1,-1,0,66578,0,0,47012
145113,0,0,0,120000,-1,0,64763,0,0,47371
145114,0,1,0,-1,-1,0,67771,0,0,47464
145115,0,0,-1,-1,-1,0,483,0,0,47632
145116,1,6,0,-1,-1,0,67084,0,0,47632
145117,0,0,-1,-1,-1,0,483,0,0,47633
145118,1,6,0,-1,-1,0,67085,0,0,47633
145119,0,0,-1,-1,-1,0,483,0,0,47634
145120,1,6,0,-1,-1,0,67086,0,0,47634
145121,0,0,-1,-1,-1,0,483,0,0,47635
145122,1,6,0,-1,-1,0,67087,0,0,47635
145123,0,0,-1,30000,-1,0,65393,0,0,46718
145124,0,1,0,-1,-1,0,66304,0,0,46723
145125,0,0,200,0,1000,133,67533,0,0,46725
145126,0,1,0,-1,-1,0,65607,0,0,46735
145127,0,0,-30,0,-1,0,66279,0,0,46852
145128,0,0,-1,-1,-1,0,483,0,0,46937
145129,1,6,0,-1,-1,0,66556,0,0,46937
145130,0,0,-1,-1,-1,0,483,0,0,46938
145131,1,6,0,-1,-1,0,66557,0,0,46938
145132,0,0,-1,-1,-1,0,483,0,0,46939
145133,1,6,0,-1,-1,0,66558,0,0,46939
145134,0,0,-1,-1,-1,0,483,0,0,46940
145135,1,6,0,-1,-1,0,66559,0,0,46940
145136,0,0,-1,-1,-1,0,483,0,0,47015
145137,1,6,0,-1,-1,0,66579,0,0,47015
145138,0,0,-1,-1,-1,0,483,0,0,47016
145139,1,6,0,-1,-1,0,66580,0,0,47016
145140,0,0,-1,-1,-1,0,483,0,0,47017
145141,1,6,0,-1,-1,0,66581,0,0,47017
145142,0,0,-1,-1,-1,0,483,0,0,47018
145143,1,6,0,-1,-1,0,66582,0,0,47018
145144,0,0,-1,-1,-1,0,483,0,0,47636
145145,1,6,0,-1,-1,0,67144,0,0,47636
145146,0,0,-1,-1,-1,0,483,0,0,47637
145147,1,6,0,-1,-1,0,67147,0,0,47637
145148,0,0,-1,-1,-1,0,483,0,0,47638
145149,1,6,0,-1,-1,0,67146,0,0,47638
145150,0,0,-1,-1,-1,0,483,0,0,47639
145151,1,6,0,-1,-1,0,67145,0,0,47639
145152,0,0,-1,-1,3000,330,55884,0,0,46308
145153,1,6,0,0,0,0,64977,0,0,46308
145154,0,0,-1,-1,3000,330,55884,0,0,46743
145155,1,6,0,-1,-1,0,65644,0,0,46743
145156,0,0,0,30000,-1,0,65393,0,0,46861
145157,1,1,0,-1,-1,0,61249,0,0,46862
145158,0,0,-1,-1,-1,0,483,0,0,46941
145159,1,6,0,-1,-1,0,66560,0,0,46941
145160,0,0,-1,-1,-1,0,483,0,0,46942
145161,1,6,0,-1,-1,0,66561,0,0,46942
145162,0,0,-1,-1,-1,0,483,0,0,46943
145163,1,6,0,-1,-1,0,66562,0,0,46943
145164,0,0,-1,-1,-1,0,483,0,0,46944
145165,1,6,0,-1,-1,0,66563,0,0,46944
145166,0,0,-1,-1,-1,0,483,0,0,47019
145167,1,6,0,-1,-1,0,66583,0,0,47019
145168,0,0,-1,-1,-1,0,483,0,0,47020
145169,1,6,0,-1,-1,0,66584,0,0,47020
145170,0,0,-1,-1,-1,0,483,0,0,47021
145171,1,6,0,-1,-1,0,66585,0,0,47021
145172,0,0,-1,-1,-1,0,483,0,0,47022
145173,1,6,0,-1,-1,0,66586,0,0,47022
145174,0,1,0,-1,-1,0,67702,0,0,47115
145175,0,1,0,-1,-1,0,64742,0,0,47390
145176,0,1,0,-1,-1,0,67758,0,0,47477
145177,0,0,-1,-1,-1,0,483,0,0,47640
145178,1,6,0,-1,-1,0,67130,0,0,47640
145179,0,0,-1,-1,-1,0,483,0,0,47641
145180,1,6,0,-1,-1,0,67131,0,0,47641
145181,0,0,-1,-1,-1,0,483,0,0,47642
145182,1,6,0,-1,-1,0,67135,0,0,47642
145183,0,0,-1,-1,-1,0,483,0,0,47643
145184,1,6,0,-1,-1,0,67134,0,0,47643
145185,0,0,-1,-1,-1,0,483,0,0,47644
145186,1,6,0,-1,-1,0,67132,0,0,47644
145187,0,0,0,120000,45000,1141,64981,0,0,46312
145188,0,0,-1,0,1000,59,11007,0,0,46319
145189,1,5,0,-1,-1,0,65041,0,0,46319
145190,0,0,-1,-1,3000,330,55884,0,0,46744
145191,1,6,0,-1,-1,0,65638,0,0,46744
145192,0,0,-1,-1,3000,330,55884,0,0,46745
145193,1,6,0,-1,-1,0,65637,0,0,46745
145194,0,0,-1,-1,3000,330,55884,0,0,46746
145195,1,6,0,-1,-1,0,65645,0,0,46746
145196,0,0,-1,-1,3000,330,55884,0,0,46747
145197,1,6,0,-1,-1,0,65642,0,0,46747
145198,0,0,0,1500,-1,0,66390,0,0,46870
145199,0,1,0,-1,-1,0,57818,0,0,46873
145200,1,1,0,-1,-1,0,57819,0,0,46873
145201,0,0,0,1800000,-1,0,66238,0,0,46874
145202,0,0,-1,-1,-1,0,483,0,0,46945
145203,1,6,0,-1,-1,0,66564,0,0,46945
145204,0,0,-1,-1,-1,0,483,0,0,46946
145205,1,6,0,-1,-1,0,66565,0,0,46946
145206,0,0,-1,-1,-1,0,483,0,0,46947
145207,1,6,0,-1,-1,0,66566,0,0,46947
145208,0,0,-1,-1,-1,0,483,0,0,46948
145209,1,6,0,-1,-1,0,66567,0,0,46948
145210,0,0,-1,-1,-1,0,483,0,0,47023
145211,1,6,0,-1,-1,0,66587,0,0,47023
145212,0,0,0,1500,-1,0,66661,0,0,47029
145213,0,0,-1,0,0,1152,66674,0,0,47030
145214,1,5,0,-1,-1,0,68377,0,0,47030
145215,0,1,0,-1,-1,0,57353,0,0,47119
145216,0,0,0,180000,180000,1190,67699,0,0,47290
145217,0,0,-1,-1,-1,0,483,0,0,47645
145218,1,6,0,-1,-1,0,67133,0,0,47645
145219,0,0,-1,-1,-1,0,483,0,0,47646
145220,1,6,0,-1,-1,0,67137,0,0,47646
145221,0,0,-1,-1,-1,0,483,0,0,47647
145222,1,6,0,-1,-1,0,67139,0,0,47647
145223,0,0,-1,-1,-1,0,483,0,0,47648
145224,1,6,0,-1,-1,0,67143,0,0,47648
145225,0,0,0,120000,20000,1141,67738,0,0,47725
145226,0,0,0,120000,20000,1141,67736,0,0,47726
145227,0,0,0,120000,20000,0,67728,0,0,47727
145228,0,0,0,120000,20000,1141,67726,0,0,47728
145229,0,0,0,120000,20000,1141,67736,0,0,47879
145230,0,0,0,120000,20000,1141,67726,0,0,47880
145231,0,0,0,120000,20000,1141,67738,0,0,47881
145232,0,0,0,120000,-10,0,67728,0,0,47882
145233,0,0,-1,-1,3000,330,55884,0,0,46748
145234,1,6,0,-1,-1,0,65643,0,0,46748
145235,0,0,-1,-1,3000,330,55884,0,0,46749
145236,1,6,0,-1,-1,0,65646,0,0,46749
145237,0,0,-1,-1,3000,330,55884,0,0,46750
145238,1,6,0,-1,-1,0,65641,0,0,46750
145239,0,0,-1,-1,3000,330,55884,0,0,46751
145240,1,6,0,-1,-1,0,65639,0,0,46751
145241,0,0,-1,-1,-1,0,483,0,0,46949
145242,1,6,0,-1,-1,0,66568,0,0,46949
145243,0,0,-1,-1,-1,0,483,0,0,46950
145244,1,6,0,-1,-1,0,66569,0,0,46950
145245,0,0,-1,-1,-1,0,483,0,0,46951
145246,1,6,0,-1,-1,0,66570,0,0,46951
145247,0,0,-1,-1,-1,0,483,0,0,46952
145248,1,6,0,-1,-1,0,66571,0,0,46952
145249,0,0,0,1500,-1,0,66719,0,0,47033
145250,0,0,-1,1500,-1,0,66741,0,0,47036
145251,0,1,0,-1,-1,0,59915,0,0,47124
145252,0,1,0,-1,-1,0,57353,0,0,47125
145253,0,1,0,-1,-1,0,57353,0,0,47127
145254,0,1,0,-1,-1,0,57353,0,0,47128
145255,0,1,0,-1,-1,0,67670,0,0,47213
145256,0,1,0,-1,-1,0,67672,0,0,47214
145257,0,1,0,-1,-1,0,67667,0,0,47215
145258,0,1,0,-1,-1,0,67653,0,0,47216
145260,0,0,-1,-1,-1,0,483,0,0,47649
145261,1,6,0,-1,-1,0,67138,0,0,47649
145262,0,0,-1,-1,-1,0,483,0,0,47650
145263,1,6,0,-1,-1,0,67136,0,0,47650
145264,0,0,-1,-1,-1,0,483,0,0,47651
145265,1,6,0,-1,-1,0,67142,0,0,47651
145266,0,0,-1,-1,3000,330,55884,0,0,46752
145267,1,6,0,-1,-1,0,65640,0,0,46752
145268,0,0,-1,-1,3000,330,55884,0,0,46755
145269,1,6,0,-1,-1,0,65641,0,0,46755
145270,0,0,-1,-1,3000,330,55884,0,0,46756
145271,1,6,0,-1,-1,0,65637,0,0,46756
145272,0,0,-1,-1,3000,330,55884,0,0,46757
145273,1,6,0,-1,-1,0,65646,0,0,46757
145274,0,0,0,1500,-1,0,66474,0,0,46885
145275,0,0,-1,0,1000,11,66476,0,0,46887
145276,0,0,-1,-1,-1,0,66486,0,0,46888
145277,0,0,-1,-1,-1,0,483,0,0,46953
145278,1,6,0,-1,-1,0,66572,0,0,46953
145279,0,0,0,1000,-1,0,66588,0,0,46954
145280,0,0,-1,-1,-1,0,483,0,0,46956
145281,1,6,0,-1,-1,0,66573,0,0,46956
145282,0,1,0,-1,-1,0,67698,0,0,47041
145283,0,1,0,-1,-1,0,67771,0,0,47131
145284,0,1,0,-1,-1,0,67702,0,0,47303
145285,0,0,-1,-1,-1,0,483,0,0,47652
145286,1,6,0,-1,-1,0,67140,0,0,47652
145287,0,0,-1,-1,-1,0,483,0,0,47653
145288,1,6,0,-1,-1,0,67141,0,0,47653
145289,0,0,-1,-1,-1,0,483,0,0,47654
145290,1,6,0,-1,-1,0,67079,0,0,47654
145291,0,0,-1,-1,-1,0,483,0,0,47655
145292,1,6,0,-1,-1,0,67066,0,0,47655
145293,0,0,0,120000,20000,1141,67695,0,0,47734
145294,0,0,0,120000,-1,0,67694,0,0,47735
145295,0,0,-1,-1,3000,330,55884,0,0,46758
145296,1,6,0,-1,-1,0,65640,0,0,46758
145297,0,0,-1,-1,3000,330,55884,0,0,46759
145298,1,6,0,-1,-1,0,65638,0,0,46759
145299,0,0,-1,-1,3000,330,55884,0,0,46760
145300,1,6,0,-1,-1,0,65644,0,0,46760
145301,0,0,-1,-1,3000,330,55884,0,0,46761
145302,1,6,0,-1,-1,0,65639,0,0,46761
145303,0,0,0,-1,-1,0,55884,0,0,46890
145304,1,6,0,-1,-1,0,63318,0,0,46890
145305,0,0,-1,-1,-1,0,55884,0,0,46891
145306,1,6,0,-1,-1,0,0,0,0,46891
145307,0,0,-1,-1,-1,0,55884,0,0,46892
145308,1,6,0,-1,-1,0,63318,0,0,46892
145309,0,0,0,1500,-1,0,66512,0,0,46893
145310,0,0,0,-1,-1,0,55884,0,0,46894
145311,1,6,0,-1,-1,0,66520,0,0,46894
145313,0,1,0,-1,-1,0,57353,0,0,47134
145314,0,1,0,-1,-1,0,59906,0,0,47135
145315,0,1,0,-1,-1,0,57353,0,0,47136
145316,0,0,-1,-1,-1,0,483,0,0,47656
145317,1,6,0,-1,-1,0,67065,0,0,47656
145318,0,0,-1,-1,-1,0,483,0,0,47657
145319,1,6,0,-1,-1,0,67064,0,0,47657
145320,0,1,0,-1,-1,0,67365,0,0,47661
145322,0,0,-1,-1,3000,330,55884,0,0,46762
145323,1,6,0,-1,-1,0,65643,0,0,46762
145324,0,0,-1,-1,3000,330,55884,0,0,46763
145325,1,6,0,-1,-1,0,65642,0,0,46763
145326,0,0,-1,-1,3000,330,55884,0,0,46764
145327,1,6,0,-1,-1,0,65645,0,0,46764
145328,0,0,-1,1000,-1,0,65673,0,0,46765
145329,0,0,-1,-1,-1,0,66531,0,0,46895
145330,0,0,-1,-1,-1,0,483,0,0,46897
145331,1,6,0,-1,-1,0,66338,0,0,46897
145332,0,0,-1,-1,-1,0,483,0,0,46898
145333,1,6,0,-1,-1,0,66428,0,0,46898
145334,0,0,-1,-1,-1,0,483,0,0,46899
145335,1,6,0,-1,-1,0,66429,0,0,46899
145336,0,0,-1,-1,-1,0,483,0,0,46900
145337,1,6,0,-1,-1,0,66430,0,0,46900
145339,0,1,0,-1,-1,0,67752,0,0,47059
145341,0,0,0,0,1000,79,67019,0,0,47499
145342,0,1,0,-1,-1,0,67363,0,0,47662
145343,0,1,0,-1,-1,0,67379,0,0,47664
145344,0,1,0,-1,-1,0,67389,0,0,47665
145345,0,1,0,-1,-1,0,67386,0,0,47666
145347,0,1,0,-1,-1,0,67556,0,0,46349
145348,0,0,-1,1000,-1,0,65683,0,0,46766
145349,0,0,-1,-1,-1,0,55884,0,0,46767
145350,1,6,0,-1,-1,0,65682,0,0,46767
145351,0,0,-1,-1,3000,330,55884,0,0,46778
145352,1,6,0,0,0,0,65917,0,0,46778
145353,0,0,-1,1000,-1,0,65745,0,0,46779
145354,0,0,0,1800000,-1,0,65783,0,0,46780
145355,0,0,-1,-1,-1,0,483,0,0,46901
145356,1,6,0,-1,-1,0,66431,0,0,46901
145357,0,0,-1,-1,-1,0,483,0,0,46902
145358,1,6,0,-1,-1,0,66432,0,0,46902
145359,0,0,-1,-1,-1,0,483,0,0,46903
145360,1,6,0,-1,-1,0,66433,0,0,46903
145361,0,0,-1,-1,-1,0,483,0,0,46904
145362,1,6,0,-1,-1,0,66434,0,0,46904
145363,0,1,0,-1,-1,0,67712,0,0,47316
145364,0,0,-1,-1,-1,0,483,0,0,47507
145365,1,6,0,-1,-1,0,67025,0,0,47507
145366,0,1,0,-1,-1,0,67392,0,0,47667
145367,0,1,0,-1,-1,0,67353,0,0,47668
145368,0,1,0,-1,-1,0,67361,0,0,47670
145369,0,1,0,-1,-1,0,67356,0,0,47671
145370,0,0,-30,60000,0,0,67324,0,0,47828
145371,0,0,0,1500,-1,0,65183,0,0,46362
145372,0,0,-1,1500,-1,0,65200,0,0,46367
145373,0,0,-1,1000,-1,11,65780,0,0,46783
145374,0,0,-1,0,1000,11,433,0,0,46784
145375,0,0,-1,0,1000,11,433,0,0,46793
145376,0,0,-1,0,1000,11,433,0,0,46796
145377,0,0,-1,-1,-1,0,483,0,0,46905
145378,1,6,0,-1,-1,0,66435,0,0,46905
145379,0,0,-1,-1,-1,0,483,0,0,46906
145380,1,6,0,-1,-1,0,66436,0,0,46906
145381,0,0,-1,-1,-1,0,483,0,0,46907
145382,1,6,0,-1,-1,0,66437,0,0,46907
145383,0,0,-1,-1,-1,0,483,0,0,46908
145384,1,6,0,-1,-1,0,66438,0,0,46908
145385,0,1,0,-1,-1,0,67752,0,0,47432
145386,0,1,0,-1,-1,0,67381,0,0,47672
145387,0,1,0,-1,-1,0,67384,0,0,47673
145388,0,0,5,5000,-1,0,11007,0,0,46371
145389,0,0,-1,0,0,0,65244,0,0,46372
145390,0,0,-1,0,1000,11,433,0,0,46797
145391,0,1,0,-1,-1,0,66303,0,0,46800
145392,0,0,-1,-1,-1,0,55884,0,0,46802
145393,1,6,0,-1,-1,0,66030,0,0,46802
145394,0,0,-1,-1,-1,0,483,0,0,46803
145395,1,6,0,-1,-1,0,66038,0,0,46803
145396,0,0,-1,-1,-1,0,483,0,0,46909
145397,1,6,0,-1,-1,0,66439,0,0,46909
145398,0,0,-1,-1,-1,0,483,0,0,46910
145399,1,6,0,-1,-1,0,66440,0,0,46910
145400,0,0,-1,-1,-1,0,483,0,0,46911
145401,1,6,0,-1,-1,0,66441,0,0,46911
145402,0,0,-1,-1,-1,0,483,0,0,46912
145403,1,6,0,-1,-1,0,66442,0,0,46912
145404,0,0,-1,-1,3000,330,55884,0,0,47840
145405,1,6,0,-1,-1,0,67336,0,0,47840
145406,0,0,0,0,0,0,30427,0,0,47842
145407,1,5,0,-1,-1,0,30645,0,0,47842
145408,0,0,-1,0,3000,79,53755,0,0,46376
145409,0,0,-1,0,3000,79,53760,0,0,46377
145410,0,0,-1,0,3000,79,54212,0,0,46378
145411,0,0,-1,0,3000,79,53758,0,0,46379
145412,0,0,-1,1500,-1,0,65258,0,0,46380
145413,0,0,-1,-1,-1,0,483,0,0,46804
145414,1,6,0,-1,-1,0,66036,0,0,46804
145415,0,0,-1,-1,-1,0,483,0,0,46805
145416,1,6,0,-1,-1,0,66035,0,0,46805
145417,0,0,-1,-1,-1,0,483,0,0,46806
145418,1,6,0,-1,-1,0,66034,0,0,46806
145419,0,0,-1,-1,-1,0,483,0,0,46807
145420,1,6,0,-1,-1,0,66037,0,0,46807
145421,0,0,-1,-1,-1,0,483,0,0,46913
145422,1,6,0,-1,-1,0,66443,0,0,46913
145423,0,0,-1,-1,-1,0,483,0,0,46914
145424,1,6,0,-1,-1,0,66444,0,0,46914
145425,0,0,-1,-1,-1,0,483,0,0,46915
145426,1,6,0,-1,-1,0,66445,0,0,46915
145427,0,0,-1,-1,-1,0,483,0,0,46916
145428,1,6,0,-1,-1,0,66446,0,0,46916
145429,0,0,0,180000,180000,1190,67699,0,0,47080
145431,0,0,-1,1500,-1,0,65265,0,0,46382
145432,0,0,0,1500,-1,0,65353,0,0,46396
145433,0,0,0,1500,-1,0,65352,0,0,46397
145434,0,0,-1,-1,3000,330,55884,0,0,46813
145435,1,6,0,-1,-1,0,66087,0,0,46813
145436,0,0,-1,-1,-1,0,483,0,0,46917
145437,1,6,0,-1,-1,0,66447,0,0,46917
145438,0,0,-1,-1,-1,0,483,0,0,46918
145439,1,6,0,-1,-1,0,66448,0,0,46918
145440,0,0,-1,-1,-1,0,483,0,0,46919
145441,1,6,0,-1,-1,0,66449,0,0,46919
145442,0,0,-1,-1,-1,0,483,0,0,46920
145443,1,6,0,-1,-1,0,66450,0,0,46920
145445,0,0,-1,-1,3000,330,55884,0,0,46171
145446,1,6,0,-1,-1,0,65439,0,0,46171
145448,0,0,-1,-1,-1,0,55884,0,0,46398
145449,1,6,0,-1,-1,0,65358,0,0,46398
145450,0,0,-1,0,1000,59,69560,0,0,46399
145451,0,0,-1,0,1000,59,69561,0,0,46400
145452,0,0,-1,0,1000,59,69561,0,0,46401
145453,0,0,-1,0,1000,59,69560,0,0,46402
145454,0,0,-1,-1,3000,330,55884,0,0,46814
145455,1,6,0,-1,-1,0,66088,0,0,46814
145456,0,0,-1,-1,3000,330,55884,0,0,46815
145457,1,6,0,-1,-1,0,66090,0,0,46815
145458,0,0,-1,-1,3000,330,55884,0,0,46816
145459,1,6,0,-1,-1,0,66091,0,0,46816
145460,0,0,-1,-1,-1,0,483,0,0,46921
145461,1,6,0,-1,-1,0,66451,0,0,46921
145462,0,0,-1,-1,-1,0,483,0,0,46922
145463,1,6,0,-1,-1,0,66452,0,0,46922
145464,0,0,-1,-1,-1,0,483,0,0,46923
145465,1,6,0,-1,-1,0,66453,0,0,46923
145466,0,0,-1,-1,-1,0,483,0,0,46924
145467,1,6,0,-1,-1,0,66497,0,0,46924
145468,0,0,0,180000,180000,1190,67753,0,0,47088
145469,0,0,-1,-1,3000,330,55884,0,0,47179
145470,1,6,0,-1,-1,0,66906,0,0,47179
145472,0,0,0,120000,20000,1141,64712,0,0,47345
145473,0,0,0,180000,180000,1190,67753,0,0,47451
145474,0,0,-1,-1,-1,0,67056,0,0,47541
145475,0,0,-1,-1,-1,0,483,0,0,47622
145476,1,6,0,-1,-1,0,67091,0,0,47622
145477,0,0,-1,-1,-1,0,483,0,0,47623
145478,1,6,0,-1,-1,0,67092,0,0,47623
145479,0,0,-1,-1,-1,0,483,0,0,47624
145480,1,6,0,-1,-1,0,67093,0,0,47624
145483,0,1,0,-1,-1,0,57353,0,0,48677
145486,0,0,-1,-1,3000,330,55884,0,0,49283
145487,1,6,0,0,0,0,42776,0,0,49283
145488,0,0,-1,-1,3000,330,55884,0,0,49284
145489,1,6,0,-1,-1,0,42777,0,0,49284
145490,0,0,-1,-1,3000,330,55884,0,0,49285
145491,1,6,0,-1,-1,0,46197,0,0,49285
145492,0,0,-1,-1,3000,330,55884,0,0,49286
145493,1,6,0,-1,-1,0,46199,0,0,49286
145503,0,0,0,120000,20000,1141,67744,0,0,47946
145504,0,0,0,-1,-1,0,0,0,0,49675
145505,1,1,0,-1,-1,0,0,0,0,49675
145506,0,1,0,-1,-1,0,57353,0,0,48683
145507,0,1,0,-1,-1,0,57353,0,0,48685
145508,0,1,0,-1,-1,0,57353,0,0,48687
145509,0,1,0,-1,-1,0,57353,0,0,48689
145512,0,0,-1,-1,-1,0,55884,0,0,49287
145513,1,6,0,-1,-1,0,68767,0,0,49287
145514,0,0,-1,-1,-1,0,68769,0,0,49288
145515,0,0,-1,-1,-1,0,68768,0,0,49289
145516,0,0,-1,-1,3000,330,55884,0,0,49290
145517,1,6,0,0,0,0,65917,0,0,49290
145525,0,0,0,120000,20000,1141,67740,0,0,47947
145526,0,0,0,120000,20000,1141,67747,0,0,47948
145527,0,0,0,120000,20000,0,67742,0,0,47949
145528,0,1,0,-1,-1,0,0,0,0,49686
145529,0,0,-1,-1,-1,0,67538,0,0,48601
145530,0,1,0,-1,-1,0,57353,0,0,48691
145531,0,2,0,-1,-1,0,69209,0,0,49296
145532,0,2,0,-1,-1,0,69211,0,0,49297
145541,0,0,-1,-1,-1,0,69695,0,0,49692
145542,0,0,-1,-1,-1,0,55884,0,0,49693
145543,1,6,0,-1,-1,0,69677,0,0,49693
145546,0,0,0,3600000,0,0,67826,0,0,49040
145549,0,2,0,-1,-1,0,21179,0,0,49301
145550,1,0,0,-1,60000,1150,0,0,0,49301
145551,0,2,0,-1,-1,0,21170,0,0,49302
145552,1,0,1,-1,-1,1150,68787,0,0,49302
145561,0,0,-1,-500,-1,0,69757,0,0,49702
145562,0,0,0,30000,0,0,30161,0,0,49703
145563,0,0,0,600000,0,0,30167,0,0,49704
145565,0,0,-1,-1,3000,330,55884,0,0,49044
145566,1,6,0,-1,-1,0,68057,0,0,49044
145567,0,0,-1,-1,3000,330,55884,0,0,49046
145568,1,6,0,0,0,0,68056,0,0,49046
145569,0,0,-1,-1,-1,0,483,0,0,49050
145570,1,6,0,-1,-1,0,68067,0,0,49050
145571,0,2,0,-1,-1,0,69207,0,0,49303
145579,0,0,0,900000,60000,94,69206,0,0,49490
145588,0,0,0,-1,1000,133,61880,0,0,48416
145589,0,0,-1,0,0,0,67599,0,0,48720
145590,0,0,0,120000,20000,1141,67683,0,0,48722
145591,0,0,0,120000,20000,1141,67684,0,0,48724
145592,0,1,0,-1,-1,0,33648,0,0,49074
145593,0,1,0,-1,-1,0,60063,0,0,49076
145594,0,1,0,-1,-1,0,33953,0,0,49078
145595,0,0,0,900000,60000,94,69206,0,0,49308
145601,0,2,0,-1,-1,0,69208,0,0,49495
145602,0,2,0,-1,-1,0,21170,0,0,49496
145603,1,0,1,-1,-1,1150,69419,0,0,49496
145604,0,2,0,-1,-1,0,21179,0,0,49497
145605,1,0,0,-1,60000,1150,0,0,0,49497
145606,0,0,-1,-1,-1,0,55884,0,0,48527
145607,1,6,0,-1,-1,0,67527,0,0,48527
145608,0,0,0,120000,-1,0,68443,0,0,49080
145609,0,0,-1,0,0,0,68163,0,0,49084
145610,0,0,-1,-1,3000,330,55884,0,0,49096
145611,1,6,0,-1,-1,0,68187,0,0,49096
145612,0,0,-1,-1,3000,330,55884,0,0,49098
145613,1,6,0,-1,-1,0,68188,0,0,49098
145625,0,2,0,-1,-1,0,69212,0,0,49500
145626,0,2,0,-1,-1,0,69210,0,0,49501
145627,0,1,0,-1,-1,0,71903,0,0,49623
145630,0,0,-1,-1,-1,0,69838,0,0,49723
145634,0,0,-1,-1,-1,0,483,0,0,49112
145635,1,6,0,-1,-1,0,68253,0,0,49112
145636,0,0,0,600000,60000,94,68271,0,0,49116
145637,0,0,0,600000,60000,94,68270,0,0,49118
145644,0,0,-1,0,0,0,69377,0,0,49632
145645,0,0,-50,4000,0,0,69378,0,0,49633
145646,0,0,-50,4000,0,0,69381,0,0,49634
145647,0,0,-1,-1,3000,330,55884,0,0,49636
145648,1,6,0,-1,-1,0,69395,0,0,49636
145650,0,0,0,30000,-1,0,43873,0,0,49122
145651,0,0,0,30000,-1,0,43873,0,0,49126
145652,1,0,0,600000,60000,94,50070,0,0,49128
145661,0,0,-1,-1,-1,0,0,0,0,49640
145678,0,0,-1,-1,-1,0,55884,0,0,49646
145679,1,6,0,-1,-1,0,69452,0,0,49646
145684,0,0,-1,-1,-1,0,483,0,0,49177
145685,1,6,0,-1,-1,0,54197,0,0,49177
145686,0,0,-1,0,1000,0,69531,0,0,49655
145687,0,0,-1,-1,-1,0,55884,0,0,49659
145688,1,6,0,-1,-1,0,0,0,0,49659
145690,0,5,0,0,-1,0,70013,0,0,49766
145691,0,0,-1,0,1000,1142,70233,0,0,49856
145692,0,0,-1,0,1000,1142,70234,0,0,49857
145700,0,0,-1,-1,-1,0,55884,0,0,49343
145701,1,6,0,-1,-1,0,68810,0,0,49343
145702,0,0,0,600000,60000,94,68887,0,0,49349
145703,0,0,-1,-1,-1,0,55884,0,0,49660
145704,1,6,0,-1,-1,0,0,0,0,49660
145705,0,0,-1,-1,-1,0,55884,0,0,49662
145706,1,6,0,-1,-1,0,69535,0,0,49662
145707,0,0,-1,-1,-1,0,55884,0,0,49663
145708,1,6,0,-1,-1,0,69536,0,0,49663
145709,0,0,0,-1,-1,0,55884,0,0,49664
145710,1,6,0,-1,-1,0,69539,0,0,49664
145711,0,0,-1,-1,-1,0,55884,0,0,49665
145712,1,6,0,-1,-1,0,69541,0,0,49665
145713,0,0,-1,0,0,0,69994,0,0,49768
145714,0,0,-1,0,1000,1142,70235,0,0,49858
145715,0,0,-1,0,1000,1142,70242,0,0,49859
145716,0,0,-1,0,1000,1142,70244,0,0,49860
145717,0,0,-1,0,1000,1142,70243,0,0,49861
145718,0,0,-1,-1,-1,0,55884,0,0,48112
145719,1,6,0,-1,-1,0,67413,0,0,48112
145723,0,0,0,14400000,-1,0,67833,0,0,48933
145724,0,0,0,600000,0,0,67799,0,0,48945
145725,0,0,0,15000,-1,0,68529,0,0,49351
145726,0,0,0,15000,-1,0,68530,0,0,49352
145727,0,0,0,0,1000,1142,69445,0,0,49668
145728,0,0,0,0,1000,1142,69563,0,0,49669
145729,0,0,0,0,1000,1142,69489,0,0,49670
145731,0,0,-1,0,1000,11,61874,0,0,49863
145732,0,0,0,30000,5000,0,70287,0,0,49865
145733,0,0,-1,-1,-1,0,55884,0,0,48114
145734,1,6,0,-1,-1,0,67414,0,0,48114
145735,0,0,-1,-1,-1,0,55884,0,0,48116
145736,1,6,0,-1,-1,0,67415,0,0,48116
145737,0,0,-1,-1,-1,0,55884,0,0,48118
145738,1,6,0,-1,-1,0,67416,0,0,48118
145739,0,0,-1,-1,-1,0,55884,0,0,48120
145740,1,6,0,-1,-1,0,67417,0,0,48120
145741,0,0,-1,-1,-1,0,55884,0,0,48122
145742,1,6,0,-1,-1,0,67418,0,0,48122
145747,1,0,0,1800000,1800000,1212,54406,0,0,48954
145748,1,0,0,1800000,1800000,1212,54406,0,0,48955
145749,1,0,0,1800000,1800000,1212,54406,0,0,48956
145750,1,0,0,1800000,1800000,1212,54406,0,0,48957
145751,0,0,-1,-1,-1,0,68565,0,0,49223
145752,0,0,-1,-1,-1,0,68566,0,0,49224
145753,0,0,-1,-1,-1,0,68567,0,0,49225
145754,0,0,0,-1,-1,0,55884,0,0,49362
145755,1,6,0,-1,-1,0,69002,0,0,49362
145756,0,0,-1,-1,-1,0,69071,0,0,49372
145757,0,0,-1,-1,-1,0,69072,0,0,49373
145758,0,0,-1,-1,-1,0,69073,0,0,49374
145759,0,0,-1,-1,-1,0,55884,0,0,48124
145760,1,6,0,-1,-1,0,67419,0,0,48124
145761,0,0,-1,-1,-1,0,55884,0,0,48126
145762,1,6,0,-1,-1,0,67420,0,0,48126
145764,0,2,0,-1,-1,0,69180,0,0,49437
145767,0,0,0,-1,-1,0,68645,0,0,49278
145768,1,1,0,-1,-1,0,73077,0,0,49278
145769,0,0,-1,-1,3000,330,55884,0,0,49282
145770,1,6,0,0,0,0,51412,0,0,49282
145771,0,2,0,-1,-1,0,69181,0,0,49465
145778,0,0,0,120000,20000,1141,67744,0,0,48018
145779,0,0,0,120000,20000,1141,67740,0,0,48019
145780,0,0,0,120000,20000,1141,67747,0,0,48020
145781,0,0,0,120000,-10,0,67742,0,0,48021
145782,0,0,-1,0,1000,27,70884,0,0,50091
145783,0,0,-1,0,1000,27,70884,0,0,50092
145785,0,5,0,-1,-1,0,71655,0,0,50386
145786,0,5,0,-1,-1,0,71650,0,0,50387
145787,0,5,0,-1,-1,0,71653,0,0,50388
145788,0,1,0,-1,-1,0,72958,0,0,51245
145789,0,2,0,-1,-1,0,71838,0,0,51322
145790,0,0,0,120000,120000,1182,42292,0,0,51378
145791,0,1,0,120000,-1,0,64764,0,0,50004
145792,0,1,0,-1,-1,0,64742,0,0,50007
145793,0,0,-1,0,1000,27,70884,0,0,50093
145794,0,1,0,-1,-1,0,0,0,0,50210
145795,1,1,0,-1,-1,0,0,0,0,50210
145796,0,0,-1,-1,-1,0,71466,0,0,50307
145798,0,0,0,120000,20000,1141,64800,0,0,50013
145800,0,5,0,-1,-1,0,71581,0,0,50397
145801,1,1,0,-1,-1,0,72417,0,0,50397
145802,0,5,0,-1,-1,0,71581,0,0,50398
145803,1,1,0,-1,-1,0,72417,0,0,50398
145804,0,5,0,-1,-1,0,71655,0,0,50399
145805,1,1,0,-1,-1,0,72419,0,0,50399
145806,0,5,0,-1,-1,0,71655,0,0,50400
145807,1,1,0,-1,-1,0,72419,0,0,50400
145808,0,1,0,-1,-1,0,71606,0,0,50506
145809,0,0,0,60000,-1,0,71635,0,0,50509
145810,0,1,0,-1,-1,0,71545,0,0,50706
145811,0,1,0,-1,-1,0,71873,0,0,50708
145812,0,0,-1,-1,-1,0,55884,0,0,49911
145813,1,6,0,-1,-1,0,0,0,0,49911
145814,0,0,-1,-1,-1,0,55884,0,0,49912
145815,1,6,0,-1,-1,0,70613,0,0,49912
145817,0,5,0,-1,-1,0,71650,0,0,50401
145818,1,1,0,-1,-1,0,72413,0,0,50401
145819,0,5,0,-1,-1,0,71650,0,0,50402
145820,1,1,0,-1,-1,0,72413,0,0,50402
145821,0,5,0,-1,-1,0,71653,0,0,50403
145822,1,1,0,-1,-1,0,72415,0,0,50403
145823,0,5,0,-1,-1,0,71653,0,0,50404
145824,1,1,0,-1,-1,0,72415,0,0,50404
145825,0,2,0,-1,-1,0,71839,0,0,50709
145826,0,1,0,-1,-1,0,72958,0,0,51194
145827,0,0,0,0,5000,1149,70660,0,0,49917
145828,0,0,-1,-1,-1,0,483,0,0,50406
145829,1,6,0,-1,-1,0,71692,0,0,50406
145830,0,2,0,-1,-1,0,71838,0,0,50415
145831,0,1,0,-1,-1,0,71606,0,0,50634
145832,0,0,0,60000,-1,0,71635,0,0,50637
145833,0,1,0,-1,-1,0,71836,0,0,50638
145834,0,1,0,-1,-1,0,72958,0,0,51199
145835,0,0,-1,-1,-1,0,0,0,0,49918
145836,0,0,-1,-1,-1,0,69922,0,0,49920
145837,0,0,-1,-1,-1,0,0,0,0,49922
145838,0,1,0,-1,-1,0,71865,0,0,50028
145839,0,0,0,120000,20000,1141,64712,0,0,50029
145840,0,0,0,180000,180000,1190,71569,0,0,50235
145841,0,1,0,-1,-1,0,71634,0,0,50534
145842,0,1,0,-1,-1,0,71892,0,0,50641
145844,0,1,0,-1,-1,0,72958,0,0,51204
145845,0,0,-1,-1,-1,0,0,0,0,49923
145846,0,0,-1,-1,-1,0,0,0,0,49924
145847,0,0,-1,-1,-1,0,0,0,0,49925
145848,0,1,0,-1,-1,0,71835,0,0,50034
145849,0,1,0,-1,-1,0,71876,0,0,50035
145850,0,0,-1,0,0,0,71014,0,0,50125
145851,0,0,-1,-1,-1,0,59934,0,0,50335
145852,0,0,-1,1000,0,24,71755,0,0,50422
145853,0,1,0,-1,-1,0,71611,0,0,50538
145854,0,1,0,-1,-1,0,71519,0,0,50541
145855,0,1,0,-1,-1,0,71846,0,0,50648
145856,0,0,0,120000,-1,0,71607,0,0,50726
145858,0,0,-1,0,0,0,71692,0,0,50816
145859,0,0,-1,-1,3000,330,483,0,0,50818
145860,1,6,0,-1,-1,0,72286,0,0,50818
145861,0,0,-1,0,1000,27,70771,0,0,49936
145862,0,0,-1,-1,-1,0,71024,0,0,50130
145863,0,0,0,5000,5000,0,70192,0,0,50131
145864,0,0,-1,-1,-1,0,27662,0,0,50151
145865,0,0,-1,-1,3000,330,483,0,0,50250
145866,1,6,0,-1,-1,0,71342,0,0,50250
145867,0,1,0,-1,-1,0,71168,0,0,50251
145868,0,0,-1,-1,-1,0,59936,0,0,50336
145869,0,0,-1,-1,-1,0,59941,0,0,50337
145870,0,0,-1,-1,-1,0,59937,0,0,50338
145871,0,0,0,120000,-1,0,71565,0,0,50339
145872,0,1,0,-1,-1,0,71571,0,0,50340
145875,0,0,-1,0,1000,27,70771,0,0,49937
145876,0,0,-1,0,1000,27,70774,0,0,49938
145877,0,0,-1,0,1000,27,70774,0,0,49939
145878,0,0,-1,0,1000,27,70777,0,0,49940
145879,0,0,-1,0,1000,27,70777,0,0,49941
145880,0,0,-1,0,0,0,70938,0,0,50045
145881,0,0,-1,0,1000,1142,71087,0,0,50163
145882,0,0,-1,60000,-1,79,71092,0,0,50164
145883,0,1,0,-1,-1,0,71354,0,0,50255
145884,0,1,0,-1,-1,0,71168,0,0,50256
145886,0,0,0,180000,20000,1141,71563,0,0,50259
145887,0,1,0,-1,-1,0,71567,0,0,50260
145888,1,0,0,120000,20000,1141,71568,0,0,50260
145889,0,1,0,-1,-1,0,71576,0,0,50341
145890,0,1,0,-1,-1,0,71402,0,0,50342
145891,0,1,0,-1,-1,0,71540,0,0,50343
145892,0,1,0,-1,-1,0,71578,0,0,50344
145893,0,1,0,-1,-1,0,71573,0,0,50345
145894,0,0,-1,-1,3000,330,55884,0,0,50435
145895,1,6,0,-1,-1,0,71810,0,0,50435
145896,0,2,0,-1,-1,0,18112,0,0,50442
145897,0,1,0,-1,-1,0,71602,0,0,50555
145899,0,0,-1,0,1000,27,70779,0,0,49942
145900,0,0,-1,0,1000,27,70779,0,0,49943
145901,0,0,-1,-1,-1,0,483,0,0,50166
145902,1,6,0,-1,-1,0,71101,0,0,50166
145903,0,0,-1,-1,-1,0,483,0,0,50167
145904,1,6,0,-1,-1,0,71015,0,0,50167
145905,0,0,-1,-1,-1,0,483,0,0,50168
145906,1,6,0,-1,-1,0,71102,0,0,50168
145907,0,0,0,120000,-10,0,71574,0,0,50346
145908,0,0,0,120000,-1,0,71646,0,0,50347
145909,0,1,0,-1,-1,0,71645,0,0,50348
145910,0,1,0,-1,-1,0,71640,0,0,50349
145911,0,1,0,-1,-1,0,71545,0,0,50350
145912,0,0,-1,-1,-1,0,55884,0,0,50446
145913,1,6,0,-1,-1,0,71840,0,0,50446
145914,0,1,0,-1,-1,0,71634,0,0,50662
145915,0,1,0,-1,-1,0,71947,0,0,50741
145916,1,0,0,-1,-1,0,71988,0,0,50741
145917,0,1,0,-1,-1,0,72958,0,0,50834
145918,0,0,-1,-1,-1,0,483,0,0,49953
145919,1,6,0,-1,-1,0,70550,0,0,49953
145920,0,0,-1,-1,-1,0,483,0,0,49954
145921,1,6,0,-1,-1,0,70551,0,0,49954
145922,0,0,-1,-1,-1,0,483,0,0,49955
145923,1,6,0,-1,-1,0,70552,0,0,49955
145924,0,1,0,-1,-1,0,71406,0,0,50351
145925,0,1,0,-1,-1,0,71634,0,0,50352
145926,0,1,0,-1,-1,0,71602,0,0,50353
145927,0,0,0,120000,-1,0,71607,0,0,50354
145928,0,1,0,-1,-1,0,71397,0,0,50355
145929,0,1,0,-1,-1,0,71178,0,0,50454
145930,0,1,0,-1,-1,0,71186,0,0,50455
145931,0,1,0,-1,-1,0,71174,0,0,50456
145932,0,1,0,-1,-1,0,71611,0,0,50666
145933,0,1,0,-1,-1,0,72958,0,0,50839
145935,0,0,-1,-1,-1,0,483,0,0,49956
145936,1,6,0,-1,-1,0,70553,0,0,49956
145937,0,0,-1,-1,-1,0,483,0,0,49957
145938,1,6,0,-1,-1,0,70554,0,0,49957
145939,0,0,-1,-1,-1,0,483,0,0,49958
145940,1,6,0,-1,-1,0,70555,0,0,49958
145941,0,0,-1,-1,-1,0,483,0,0,49959
145942,1,6,0,-1,-1,0,70556,0,0,49959
145944,0,1,0,-1,-1,0,71871,0,0,50179
145945,0,0,0,120000,20000,0,71586,0,0,50356
145946,0,0,0,120000,20000,1141,71579,0,0,50357
145947,0,1,0,-1,-1,0,71585,0,0,50358
145948,0,1,0,-1,-1,0,71611,0,0,50359
145949,0,1,0,-1,-1,0,71606,0,0,50360
145950,0,1,0,-1,-1,0,71176,0,0,50457
145951,0,1,0,-1,-1,0,71198,0,0,50458
145952,0,1,0,-1,-1,0,71226,0,0,50459
145953,0,1,0,-1,-1,0,71191,0,0,50460
145954,0,1,0,-1,-1,0,71194,0,0,50461
145955,0,1,0,-1,-1,0,71406,0,0,50578
145956,0,1,0,-1,-1,0,71519,0,0,50669
145957,0,1,0,-1,-1,0,72958,0,0,50845
145958,0,1,0,-1,-1,0,72958,0,0,51235
145959,0,0,-1,-1,-1,0,483,0,0,49961
145960,1,6,0,-1,-1,0,70557,0,0,49961
145961,0,0,-1,-1,-1,0,483,0,0,49962
145962,1,6,0,-1,-1,0,70558,0,0,49962
145963,0,0,-1,-1,-1,0,483,0,0,49963
145964,1,6,0,-1,-1,0,70559,0,0,49963
145965,0,0,0,120000,20000,1141,64800,0,0,50066
145966,0,0,0,60000,-1,0,71635,0,0,50361
145967,0,1,0,-1,-1,0,71519,0,0,50362
145968,0,1,0,-1,-1,0,71562,0,0,50363
145969,0,0,0,60000,-1,0,71638,0,0,50364
145970,0,1,0,-1,-1,0,71637,0,0,50365
145971,0,1,0,-1,-1,0,71228,0,0,50462
145972,0,1,0,-1,-1,0,71214,0,0,50463
145973,0,1,0,-1,-1,0,71217,0,0,50464
145974,0,0,0,5000,0,0,72424,0,0,50851
145975,0,0,0,900000,60000,94,72770,0,0,50966
145976,0,1,0,-1,-1,0,72958,0,0,51240
145977,0,0,-1,-1,-1,0,483,0,0,49965
145978,1,6,0,-1,-1,0,70560,0,0,49965
145979,0,0,-1,-1,-1,0,483,0,0,49966
145980,1,6,0,-1,-1,0,70561,0,0,49966
145981,0,0,0,120000,120000,1182,42292,0,0,51377
145982,0,1,0,-1,-1,0,71435,0,0,50287
145983,1,0,0,86400000,0,0,71436,0,0,50287
145984,0,1,0,-1,-1,0,71642,0,0,50366
145985,0,0,-1,-1,-1,0,59954,0,0,50367
145986,0,0,-1,-1,-1,0,59970,0,0,50368
145987,0,0,-1,-1,-1,0,59955,0,0,50369
145988,0,0,-1,-1,-1,0,59960,0,0,50370
145989,0,0,0,60000,-1,0,71909,0,0,50471
145990,0,0,0,120000,-1,0,71607,0,0,50598
145992,0,1,0,-1,-1,0,71602,0,0,50683
145993,0,0,-1,0,-1,0,0,0,0,49870
145994,0,0,-1,0,-1,0,70477,0,0,49879
145995,0,0,-1,-1,-1,0,483,0,0,49969
145996,1,6,0,-1,-1,0,70562,0,0,49969
145997,0,0,-1,-1,-1,0,483,0,0,49970
145998,1,6,0,-1,-1,0,70563,0,0,49970
145999,0,0,-1,-1,-1,0,483,0,0,49971
146000,1,6,0,-1,-1,0,70565,0,0,49971
146001,0,0,-1,-1,-1,0,483,0,0,49972
146002,1,6,0,-1,-1,0,70566,0,0,49972
146003,0,1,0,-1,-1,0,71845,0,0,49992
146004,0,0,-1,0,1000,27,70884,0,0,50076
146005,0,0,-1,0,0,0,70948,0,0,50077
146006,0,0,-1,-1,-1,0,61271,0,0,50372
146007,0,0,-1,-1,-1,0,61271,0,0,50373
146008,0,5,0,-1,-1,0,71653,0,0,50375
146009,0,5,0,-1,-1,0,71650,0,0,50376
146010,0,5,0,-1,-1,0,71581,0,0,50377
146011,0,1,0,-1,-1,0,71868,0,0,50685
146012,0,1,0,-1,-1,0,71168,0,0,49888
146013,0,0,-1,0,-1,0,70548,0,0,49889
146015,0,0,-1,-1,-1,0,483,0,0,49973
146016,1,6,0,-1,-1,0,70567,0,0,49973
146017,0,0,-1,-1,-1,0,483,0,0,49974
146018,1,6,0,-1,-1,0,70568,0,0,49974
146019,0,1,0,-1,-1,0,71404,0,0,50198
146022,0,5,0,-1,-1,0,71655,0,0,50378
146023,0,5,0,-1,-1,0,71581,0,0,50384
146024,0,1,0,-1,-1,0,71878,0,0,50692
146026,0,1,0,-1,-1,0,71880,0,0,49982
146027,0,1,0,-1,-1,0,44297,0,0,51488
146028,0,1,0,-1,-1,0,60562,0,0,51501
146029,0,1,0,-1,-1,0,32973,0,0,51504
146030,0,0,0,3600000,-1,0,73331,0,0,52253
146031,0,0,-5,-1,-1,0,73300,0,0,52272
146032,0,0,-1,1000,-1,0,74903,0,0,53510
146033,1,0,0,60000,-1,0,46643,0,0,54806
146034,0,1,0,-1,-1,0,60554,0,0,51507
146035,0,1,0,-1,-1,0,32973,0,0,51510
146036,0,0,-5,-1,-1,0,73300,0,0,52345
146037,0,0,0,1500,-1,0,74977,0,0,53637
146038,1,5,0,-1,-1,0,74982,0,0,53637
146039,0,0,-1,-1,-1,0,55884,0,0,53641
146040,1,6,0,-1,-1,0,74932,0,0,53641
146041,0,0,-1,-1,-1,0,55884,0,0,54810
146042,1,6,0,-1,-1,0,75613,0,0,54810
146043,0,0,-1,-1,3000,330,483,0,0,54811
146044,1,6,0,-1,-1,0,75614,0,0,54811
146045,0,0,0,14400000,-1,0,75693,0,0,54822
146046,0,0,-1,-1,-1,0,55884,0,0,54847
146047,1,6,0,-1,-1,0,75906,0,0,54847
146048,0,1,0,-1,-1,0,75914,0,0,54848
146049,0,1,0,-1,-1,0,60575,0,0,51513
146050,0,0,-1,-1,-1,0,73535,0,0,52361
146051,0,0,0,-1,-1,0,73082,0,0,52541
146052,1,5,0,-1,-1,0,75780,0,0,52541
146055,0,0,-1,-1,-1,0,55884,0,0,54857
146056,1,6,0,-1,-1,0,75936,0,0,54857
146057,0,0,-1,-1,3000,330,55884,0,0,54860
146058,1,6,0,-1,-1,0,75973,0,0,54860
146059,0,0,0,-1,-1,0,55884,0,0,56806
146060,1,6,0,-1,-1,0,78381,0,0,56806
146061,0,1,0,-1,-1,0,62459,0,0,51414
146062,0,1,0,-1,-1,0,60690,0,0,51417
146063,0,0,0,-1,-1,0,74035,0,0,52566
146065,1,0,0,1800000,1800000,1212,54406,0,0,52567
146066,0,5,0,-1,-1,0,73961,0,0,52569
146067,0,5,0,-1,-1,0,73961,0,0,52570
146068,0,5,0,-1,-1,0,73961,0,0,52571
146069,1,1,0,-1,-1,0,72413,0,0,52571
146070,0,0,-1,-1,3000,330,55884,0,0,54068
146071,1,6,0,0,0,0,74918,0,0,54068
146072,0,0,-1,-1,3000,330,55884,0,0,54069
146073,1,6,0,0,0,0,74856,0,0,54069
146074,1,1,0,-1,-1,0,33830,0,0,51420
146075,0,1,0,-1,-1,0,60741,0,0,51423
146076,0,0,0,900000,60000,94,72770,0,0,51887
146077,0,5,0,-1,-1,0,73961,0,0,52572
146078,1,1,0,-1,-1,0,72413,0,0,52572
146079,0,0,0,-1,-1,0,74033,0,0,52706
146080,1,5,0,-1,-1,0,74357,0,0,52706
146081,0,0,0,-1,-1,0,74098,0,0,52707
146082,1,5,0,-1,-1,0,74358,0,0,52707
146083,0,0,0,1800000,-1,0,74890,0,0,54212
146084,0,0,0,1500,-1,0,75102,0,0,54215
146086,0,0,0,5000,-1,0,75111,0,0,54343
146087,0,1,0,-1,-1,0,61252,0,0,51426
146088,0,0,0,-1,-1,0,74222,0,0,52709
146089,0,0,0,-1,-1,0,74148,0,0,52713
146090,0,1,0,-1,-1,0,74267,0,0,52729
146091,0,0,-1,-1,-1,0,55884,0,0,54436
146092,1,6,0,-1,-1,0,75134,0,0,54436
146093,0,0,0,1800000,-1,0,62040,0,0,54437
146094,0,0,0,1800000,-1,0,75135,0,0,54438
146095,0,0,0,-1,-1,0,75136,0,0,54452
146096,0,0,-1,-1,-1,0,74797,0,0,54455
146097,0,1,0,-1,-1,0,60701,0,0,51429
146098,0,1,0,-1,-1,0,74491,0,0,53048
146099,1,1,0,-1,-1,0,33830,0,0,51434
146100,0,1,0,-1,-1,0,60726,0,0,51437
146101,0,1,0,-1,-1,0,33063,0,0,51537
146102,0,1,0,-1,-1,0,22778,0,0,51542
146104,1,0,0,1800000,1800000,1212,54406,0,0,51557
146105,1,0,0,1800000,1800000,1212,54406,0,0,51558
146106,1,0,0,1800000,1800000,1212,54406,0,0,51559
146107,0,1,0,-1,-1,0,72958,0,0,51751
146113,0,1,0,-1,-1,0,75455,0,0,54569
146114,0,1,0,-1,-1,0,75475,0,0,54571
146115,0,1,0,-1,-1,0,75465,0,0,54572
146116,0,0,0,120000,15000,1141,75490,0,0,54573
146117,0,1,0,-1,-1,0,61255,0,0,51459
146118,1,0,0,1800000,1800000,1212,54406,0,0,51560
146119,0,1,0,-1,-1,0,72958,0,0,51756
146121,0,1,0,-1,-1,0,72968,0,0,52019
146122,0,0,0,14400000,-1,0,74842,0,0,53476
146123,0,0,0,-1,-1,0,74847,0,0,53477
146124,0,1,0,-1,-1,0,44301,0,0,51464
146125,0,1,0,-1,-1,0,72958,0,0,51761
146126,0,0,-1,-1,-1,0,483,0,0,52022
146127,1,6,0,-1,-1,0,72952,0,0,52022
146128,0,0,-1,-1,-1,0,483,0,0,52023
146129,1,6,0,-1,-1,0,72953,0,0,52023
146130,1,1,0,-1,-1,0,38522,0,0,51469
146131,0,1,0,-1,-1,0,75474,0,0,54588
146132,0,0,0,120000,-1,0,75495,0,0,54589
146133,0,1,0,-1,-1,0,75457,0,0,54590
146134,0,1,0,-1,-1,0,60664,0,0,51472
146135,1,1,0,-1,-1,0,61249,0,0,51493
146136,0,0,0,-1,-1,0,73251,0,0,52189
146137,0,1,0,-1,-1,0,75481,0,0,54591
146138,0,0,-1,2000,-1,0,75450,0,0,54637
146139,0,1,0,-1,-1,0,44300,0,0,51475
146140,0,1,0,-1,-1,0,60636,0,0,51478
146141,0,1,0,-1,-1,0,32973,0,0,51498
146143,0,0,-1,-1,3000,330,483,0,0,52200
146144,1,6,0,-1,3000,0,73313,0,0,52200
146145,0,0,0,1800000,-1,0,73320,0,0,52201
146146,0,0,-5,-1,-1,0,73323,0,0,52202
146147,0,0,0,3600000,-1,0,73324,0,0,52251
146148,0,0,0,1800000,-1,0,73326,0,0,52252
146149,0,0,0,14400000,0,0,75531,0,0,54651
146150,0,0,0,14400000,0,0,75532,0,0,54653
146151,0,0,-1,-1,3000,330,55884,0,0,54797
146152,1,6,0,-1,-1,0,75596,0,0,54797
146153,0,0,-1,-1,-1,0,483,0,0,54798
146154,1,6,0,-1,-1,0,75597,0,0,54798
146155,0,1,0,-1,-1,0,44297,0,0,51483
146156,0,0,0,-1,-1,0,49624,0,0,33606
146157,0,0,0,15000,-1,0,43354,0,0,33607
146158,0,1,0,-1,-1,0,44333,0,0,34093
146159,0,1,0,-1,-1,0,44333,0,0,34096
146160,0,0,0,0,10000,1167,46368,0,0,35293
146161,0,0,0,20000,-1,0,46432,0,0,35352
146175,0,0,0,1000,-1,0,42564,0,0,33164
146176,0,0,0,1000,-1,0,43157,0,0,33418
146177,0,0,0,30000,-1,0,43392,0,0,33613
146178,0,0,0,-1,-1,0,43373,0,0,33614
146179,0,0,0,-1,-1,0,43375,0,0,33615
146180,0,1,0,-1,-1,0,44333,0,0,34097
146181,0,0,0,60000,60000,0,44018,0,0,34108
146182,0,0,0,0,15000,1167,44323,0,0,34111
146183,0,0,0,-1,-1,0,45414,0,0,34669
146184,0,0,0,10000,-1,0,45653,0,0,34806
146185,0,0,0,6000,-1,0,45634,0,0,34811
146186,0,0,0,5000,-1,0,46485,0,0,35401
146187,0,0,0,-1,-1,0,46547,0,0,35479
146194,1,2,0,-1,-1,0,40393,0,0,35780
146202,0,0,0,-1,-1,0,43375,0,0,33616
146203,0,0,0,5000,-1,0,43369,0,0,33618
146204,0,0,0,-1,-1,0,43381,0,0,33621
146205,0,0,-1,-1,-1,0,3366,0,0,34117
146206,0,0,0,-1,-1,0,45441,0,0,34688
146207,0,0,0,-1,-1,0,45611,0,0,34691
146208,0,0,0,1000,-1,0,45474,0,0,34692
146209,0,0,0,5000,-1,0,51912,0,0,34812
146210,0,0,0,5000,-1,0,46574,0,0,35491
146217,1,0,0,-1,-1,0,42061,0,0,35785
146224,0,5,-1,-1,-1,0,31694,0,0,33188
146225,0,0,0,5000,-1,1157,42703,0,0,33190
146226,0,0,0,1000,-1,0,43386,0,0,33627
146227,0,0,0,0,15000,1167,44407,0,0,34121
146228,0,0,0,0,15000,1167,50019,0,0,34124
146229,0,0,0,0,10000,1167,45503,0,0,34710
146230,0,0,0,0,5000,1167,45692,0,0,34830
146231,0,0,0,200000,-1,0,46607,0,0,35506
146236,0,0,0,120000,0,0,47095,0,0,35789
146245,0,0,0,2000,-1,0,42769,0,0,33221
146246,0,0,-1,2000,-1,0,42788,0,0,33238
146247,0,0,0,1500,-1,0,42793,0,0,33278
146248,0,0,0,5000,-1,0,43172,0,0,33441
146249,0,0,-1,1000,-1,0,43403,0,0,33634
146250,0,0,0,-1,-1,0,42786,0,0,33637
146252,0,0,-1,0,1000,11,57287,0,0,34125
146253,0,0,-1,-1,-1,0,483,0,0,34126
146254,1,6,0,-1,-1,0,44438,0,0,34126
146255,0,0,-1,1000,-1,0,44454,0,0,34127
146256,0,0,-1,-1,-1,0,45504,0,0,34711
146257,0,0,0,30000,-1,0,45536,0,0,34715
146258,0,0,0,0,30000,1170,45703,0,0,34844
146259,0,0,-1,5000,-1,0,45742,0,0,34869
146260,0,0,0,5000,-1,0,45759,0,0,34870
146261,0,0,0,7000,-1,0,45780,0,0,34897
146269,1,2,0,-1,-1,0,14537,0,0,35793
146270,0,0,-1,0,1000,11,35270,0,0,35794
146271,0,0,0,-1,-1,0,47110,0,0,35797
146278,0,0,0,30000,-1,0,42817,0,0,33282
146279,0,0,-1,-1,-1,0,42822,0,0,33284
146280,0,0,-1,-1,-1,0,42836,0,0,33290
146281,0,0,-1,0,1000,11,43180,0,0,33443
146282,0,0,-1,0,1000,59,43182,0,0,33444
146283,0,0,-1,0,1000,59,43183,0,0,33445
146284,0,0,-1,0,60000,4,43185,0,0,33447
146285,0,0,-1,0,60000,4,43186,0,0,33448
146286,0,0,-1,0,1000,11,43180,0,0,33449
146290,1,1,0,-1,-1,0,28539,0,0,33645
146296,0,0,-1,0,1000,150,45543,0,0,34721
146297,0,0,-1,0,1000,150,45544,0,0,34722
146298,0,0,-1,-1,-1,0,45807,0,0,34908
146299,0,0,0,5000,-1,0,45834,0,0,34913
146300,0,0,0,5000,-1,0,45835,0,0,34915
146317,0,0,-1,-1,-1,0,42981,0,0,33308
146318,0,0,0,1000,-1,0,43036,0,0,33310
146319,0,0,0,5000,-1,0,43042,0,0,33311
146320,0,0,0,-1,-1,0,43189,0,0,33450
146321,0,0,-1,0,1000,11,43180,0,0,33451
146322,0,0,-1,0,1000,11,43180,0,0,33452
146323,0,0,-1,0,1000,11,43180,0,0,33454
146324,0,0,-1,-1,-1,0,43190,0,0,33456
146325,0,0,-1,1000,-1,0,43194,0,0,33457
146328,1,1,0,-1,-1,0,33830,0,0,33651
146333,0,1,0,-1,-1,0,33063,0,0,33656
146339,0,0,0,-1,-1,0,45853,0,0,34920
146340,0,0,0,0,10000,1167,45875,0,0,34954
146358,0,0,0,-1,-1,0,47190,0,0,35907
146359,1,0,-3,0,120000,100,42987,0,0,33312
146360,0,0,-1,-1,-1,0,483,0,0,33316
146361,1,6,0,-1,-1,0,43002,0,0,33316
146362,0,0,-1,1000,-1,0,43195,0,0,33458
146363,0,0,-1,1000,-1,0,43196,0,0,33459
146364,0,0,-1,1000,-1,0,43197,0,0,33460
146365,0,0,-1,1000,-1,0,43198,0,0,33461
146366,0,0,-1,1000,-1,0,43199,0,0,33462
146369,0,0,0,-1,-1,0,43466,0,0,33774
146370,0,0,0,-1,-1,0,43490,0,0,33778
146371,0,0,0,-1,-1,0,43490,0,0,33779
146376,0,0,0,-1,-1,0,45933,0,0,34961
146377,0,0,0,-1,-1,0,45932,0,0,34962
146379,0,0,-1,-1,-1,0,46700,0,0,35586
146382,0,0,-1,0,0,0,46754,0,0,35667
146383,0,0,0,120000,-1,0,46760,0,0,35671
146388,0,0,-15,15000,-1,0,47207,0,0,35908
146394,0,0,0,1000,-1,0,43057,0,0,33321
146395,0,0,0,1000,-1,0,49634,0,0,33323
146396,0,0,0,0,5000,1168,43076,0,0,33335
146397,0,0,0,1000,-1,0,43051,0,0,33336
146398,0,0,0,-1,-1,0,43233,0,0,33472
146399,0,1,0,-1,-1,0,43827,0,0,33475
146400,0,0,-1,-1,-1,0,43209,0,0,33477
146401,0,0,0,20000,-1,0,43232,0,0,33486
146402,0,0,0,-1,-1,0,43490,0,0,33780
146403,0,0,0,300000,-1,0,49859,0,0,33796
146404,0,0,0,10000,-1,0,43666,0,0,33806
146408,0,0,0,-1,-1,0,45942,0,0,34968
146427,0,0,0,5000,-1,0,43089,0,0,33339
146428,0,0,0,5000,-1,0,43102,0,0,33340
146429,0,0,0,1000,-1,0,43051,0,0,33341
146430,0,0,0,1000,-1,0,43036,0,0,33342
146431,0,0,0,1000,-1,0,43057,0,0,33343
146432,0,0,0,60000,-1,0,43692,0,0,33819
146433,0,0,0,1000,-1,0,50133,0,0,33960
146434,0,0,-1,0,1000,11,45548,0,0,34747
146435,0,0,-1,0,1000,11,57110,0,0,34748
146436,0,0,0,0,100000,1167,45958,0,0,34971
146437,0,0,0,5000,-1,0,45980,0,0,34973
146457,0,0,0,1000,-1,0,49625,0,0,33344
146458,0,0,0,5000,-1,0,43089,0,0,33346
146459,0,0,0,-1,-1,0,43955,0,0,34013
146460,0,0,0,-1,-1,0,43973,0,0,34023
146461,0,0,0,-1,-1,0,43972,0,0,34024
146462,0,0,0,-1,-1,0,43969,0,0,34026
146463,0,0,0,0,60000,1167,44942,0,0,34260
146464,0,0,-1,0,1000,11,57138,0,0,34749
146465,0,0,-1,0,1000,11,57285,0,0,34750
146466,0,0,-1,0,1000,11,57287,0,0,34751
146467,0,0,-1,0,1000,11,57289,0,0,34752
146468,0,0,-1,0,1000,11,57301,0,0,34753
146469,0,0,-1,0,1000,11,57324,0,0,34754
146470,0,0,0,15000,-1,0,45990,0,0,34975
146471,0,0,-1,-1,-1,0,45995,0,0,34978
146472,0,0,0,0,10000,1167,46010,0,0,34979
146477,0,0,-1,-1,-1,0,47970,0,0,35688
146490,0,0,0,2000,0,1170,43115,0,0,33349
146491,0,2,0,-1,-1,0,16916,0,0,33350
146492,0,0,-1,-1,-1,0,43214,0,0,33352
146493,0,0,0,-1,-1,0,43286,0,0,33554
146494,0,0,0,0,30000,1164,50331,0,0,34032
146495,0,0,-1,-1,-1,0,45274,0,0,34598
146496,0,0,-1,0,1000,11,57326,0,0,34755
146497,0,0,-1,0,1000,11,57328,0,0,34756
146498,0,0,-1,0,1000,11,57331,0,0,34757
146499,0,0,-1,0,1000,11,57333,0,0,34758
146500,0,0,-1,0,1000,11,57070,0,0,34759
146501,0,0,-1,0,1000,11,57070,0,0,34760
146502,0,0,0,15000,-1,0,46017,0,0,34981
146503,0,0,0,5000,-1,0,46023,0,0,35116
146509,0,0,0,2000,-1,0,46793,0,0,35690
146510,0,0,0,5000,5000,0,46797,0,0,35704
146511,0,0,-1,-1,-1,0,3366,0,0,35705
146514,0,0,0,60000,-1,0,47130,0,0,35837
146515,0,0,0,-1,-1,0,47159,0,0,35838
146521,1,0,0,120000,20000,1141,47215,0,0,35935
146522,0,0,0,15000,0,0,43178,0,0,33563
146523,0,0,0,-1,-1,0,45278,0,0,34620
146524,0,0,0,0,10000,1167,45323,0,0,34624
146525,0,0,-1,0,1000,11,57070,0,0,34761
146526,0,0,-1,0,1000,11,57085,0,0,34762
146527,0,0,-1,0,1000,11,57096,0,0,34763
146528,0,0,-1,0,1000,11,57098,0,0,34764
146529,0,0,-1,0,1000,11,57106,0,0,34765
146530,0,0,-1,0,1000,11,57335,0,0,34766
146531,0,0,0,15000,-1,0,53326,0,0,35121
146536,0,0,-1,0,0,0,46831,0,0,35715
146537,0,0,0,120000,-1,0,46849,0,0,35718
146542,0,0,0,120000,20000,1141,47217,0,0,35937
146544,0,0,-1,-1,-1,0,47256,0,0,35941
146545,0,0,0,6000,-1,0,47166,0,0,35943
146546,0,0,-1,0,0,0,59926,0,0,33567
146547,0,0,0,0,60000,1167,44117,0,0,34051
146548,0,0,-1,-1,-1,0,61755,0,0,34053
146549,0,0,-1,-1,-1,0,44122,0,0,34055
146550,0,0,-1,-1,-1,0,44123,0,0,34056
146551,0,0,-1,0,1000,11,57341,0,0,34767
146552,0,0,-1,0,1000,11,57343,0,0,34768
146553,0,0,-1,0,1000,11,57344,0,0,34769
146554,0,0,-1,0,1000,11,45548,0,0,34770
146555,0,0,-1,-1,-1,0,45583,0,0,34772
146556,0,0,0,30000,-1,0,46078,0,0,35125
146557,0,0,0,0,15000,391,46085,0,0,35127
146564,0,0,-1,-1,-1,0,47005,0,0,35734
146566,0,0,0,120000,-1,0,47042,0,0,35736
146569,0,0,0,-1,-1,0,47170,0,0,35850
146570,0,0,0,300000,-1,0,47276,0,0,35944
146571,0,0,-1,-1,-1,0,47228,0,0,35946
146572,0,0,-1,0,1000,11,45548,0,0,35947
146573,0,0,-1,0,1000,11,45548,0,0,35948
146574,0,0,-1,0,1000,11,43180,0,0,35949
146575,0,0,-1,0,1000,11,45548,0,0,35950
146576,0,0,0,1000,-1,0,42406,0,0,33098
146577,0,0,0,10000,-1,0,43315,0,0,33581
146578,0,1,0,-1,-1,0,11789,0,0,34072
146579,0,0,-3,6000,-1,0,44235,0,0,34076
146580,0,0,0,-1,-1,0,44002,0,0,34078
146581,0,0,0,15000,-1,0,46171,0,0,35224
146582,0,0,0,0,15000,391,46201,0,0,35228
146584,0,0,-1,-1,-1,0,56040,0,0,35622
146585,0,0,-1,-1,-1,0,56045,0,0,35623
146586,0,0,-1,-1,-1,0,56041,0,0,35624
146587,0,0,-1,-1,-1,0,56043,0,0,35625
146588,0,0,0,-1,-1,0,47039,0,0,35739
146590,0,0,-1,0,1000,11,45548,0,0,35951
146591,0,0,-1,0,1000,11,45548,0,0,35952
146592,0,0,-1,0,1000,11,45548,0,0,35953
146593,0,0,-1,0,1000,59,27089,0,0,35954
146594,0,0,0,10000,-1,0,40969,0,0,33119
146595,0,0,0,-1,-1,0,43333,0,0,33604
146596,0,1,0,-1,-1,0,50002,0,0,34082
146597,0,0,-1,5000,-1,0,50165,0,0,34083
146598,0,0,0,30000,30000,0,45594,0,0,34779
146599,0,0,0,10000,10000,0,45606,0,0,34781
146600,0,1,0,-1,-1,0,45614,0,0,34782
146601,0,0,0,60000,-1,0,46338,0,0,35272
146602,0,0,0,20000,-1,0,46361,0,0,35278
146603,0,0,0,30000,-1,0,46379,0,0,35281
146604,0,0,-1,-1,-1,0,46387,0,0,35288
146605,0,0,-1,-1,-1,0,56044,0,0,35627
146607,0,0,0,0,10000,1167,47058,0,0,35746
146615,0,0,0,10000,-1,0,40978,0,0,33129
146616,0,0,-1,-1,-1,0,49736,0,0,37925
146617,0,0,-1,0,120000,4,49748,0,0,37926
146618,0,0,0,5000,-1,0,48974,0,0,37932
146619,0,0,0,0,15000,1164,47304,0,0,36738
146620,0,0,-1,0,1000,11,35270,0,0,36831
146621,0,0,0,30000,-1,0,47701,0,0,36834
146624,0,1,0,-1,-1,0,50929,0,0,37018
146630,0,1,0,-1,-1,0,60510,0,0,37111
146633,0,0,-1,1000,-1,0,48290,0,0,37202
146645,0,0,0,-1,-1,0,48625,0,0,37358
146650,0,0,0,60000,-1,0,48711,0,0,37445
146654,0,1,0,-1,-1,0,37760,0,0,37552
146655,0,1,0,-1,-1,0,32403,0,0,37553
146656,0,1,0,-1,-1,0,37762,0,0,37554
146657,1,0,0,120000,20000,1141,48846,0,0,37555
146661,0,0,-1,-1,-1,0,3366,0,0,37742
146669,0,0,0,0,60000,1149,49817,0,0,37933
146675,0,0,0,0,10000,1167,47058,0,0,36745
146676,0,0,0,5000,-1,0,47097,0,0,36747
146677,0,0,0,-1,-1,0,47702,0,0,36835
146678,0,0,-1,-1,-1,0,483,0,0,36837
146679,1,6,0,-1,-1,0,7867,0,0,36837
146680,0,0,-1,-1,-1,0,483,0,0,36838
146681,1,6,0,-1,-1,0,7867,0,0,36838
146682,0,0,-1,-1,-1,0,483,0,0,36839
146683,1,6,0,-1,-1,0,7867,0,0,36839
146693,0,0,-1,0,1200000,1229,48129,0,0,37118
146703,0,0,0,5000,-1,0,48427,0,0,37300
146711,0,0,-1,0,3000,79,48719,0,0,37449
146715,0,0,-1,0,1000,11,48720,0,0,37452
146717,0,0,0,120000,20000,1141,48847,0,0,37556
146718,0,0,0,120000,20000,1141,48848,0,0,37557
146720,1,0,0,120000,20000,1141,48855,0,0,37558
146721,1,1,0,-1,-1,0,54738,0,0,37559
146723,1,0,0,120000,20000,1141,48865,0,0,37560
146724,0,0,0,120000,20000,1141,48867,0,0,37561
146728,0,1,0,-1,-1,0,60519,0,0,37657
146743,0,0,0,5000,-1,0,47374,0,0,36751
146744,0,0,-1,0,0,0,483,0,0,36840
146745,1,6,0,0,0,0,7867,0,0,36840
146746,0,0,-1,-1,-1,0,483,0,0,36841
146747,1,6,0,-1,-1,0,17557,0,0,36841
146748,0,0,-1,-1,-1,0,483,0,0,36842
146749,1,6,0,-1,-1,0,17557,0,0,36842
146750,0,0,-1,-1,-1,0,483,0,0,36843
146751,1,6,0,-1,-1,0,17557,0,0,36843
146752,0,0,0,-1,-1,0,47935,0,0,36935
146753,0,0,0,15000,-1,0,47794,0,0,36936
146764,0,0,0,5000,-1,0,48455,0,0,37304
146765,0,0,0,5000,-1,0,48481,0,0,37306
146776,0,0,-1,0,5000,1149,48731,0,0,37459
146777,0,0,0,120000,20000,1141,48868,0,0,37562
146779,1,0,0,120000,20000,1141,48874,0,0,37563
146782,0,1,0,-1,-1,0,60473,0,0,37660
146783,0,0,0,5000,5000,0,49097,0,0,37661
146784,0,5,-1,-1,-1,0,49163,0,0,37664
146793,0,1,0,-1,-1,0,49622,0,0,37835
146801,0,0,-1,-1,-1,0,483,0,0,36844
146802,1,6,0,-1,-1,0,17557,0,0,36844
146803,0,0,-1,0,3000,79,11328,0,0,36845
146804,0,0,0,-1,-1,0,47722,0,0,36847
146805,0,0,0,-1,-1,0,50342,0,0,36849
146806,0,0,0,-1,-1,0,50342,0,0,36850
146808,0,1,0,-1,-1,0,43827,0,0,36942
146816,0,0,0,-1,-1,0,48046,0,0,37125
146817,0,0,-1,-1,-1,0,48188,0,0,37129
146821,0,1,0,-1,-1,0,60221,0,0,37220
146824,0,0,0,-1,-1,0,48549,0,0,37307
146825,0,0,0,5000,-1,0,48603,0,0,37314
146828,0,0,-1,-1,-1,0,51355,0,0,37372
146834,0,0,-1,300000,60000,94,48739,0,0,37464
146835,0,0,0,0,10000,1149,48741,0,0,37465
146836,0,0,0,15000,-1,0,48812,0,0,37568
146837,0,0,-1,-1,-1,0,48810,0,0,37570
146838,0,1,0,-1,-1,0,48833,0,0,37573
146839,0,1,0,-1,-1,0,48835,0,0,37574
146840,0,0,0,3000,-1,0,49134,0,0,37665
146863,0,0,-1,-1,-1,0,47412,0,0,36760
146864,0,0,-1,-1,-1,0,47402,0,0,36763
146865,0,0,0,30000,-1,0,47394,0,0,36764
146866,0,0,0,-1,-1,0,50342,0,0,36851
146896,0,1,0,-1,-1,0,48837,0,0,37575
146897,0,0,0,15000,-1,0,48845,0,0,37576
146898,0,5,0,-1,-1,0,48864,0,0,37577
146899,1,0,0,0,60000,1149,48866,0,0,37577
146901,1,0,0,120000,20000,1141,48875,0,0,37578
146912,0,0,0,120000,20000,1141,60521,0,0,37844
146920,0,0,-1,-1,-1,0,47430,0,0,36770
146921,0,0,0,15000,-1,0,47778,0,0,36859
146922,0,0,-1,-1,-1,0,56042,0,0,36860
146926,0,0,-1,-1,-1,0,47965,0,0,36955
146927,0,0,0,-1,-1,0,46770,0,0,36956
146928,0,0,0,-1,-1,0,48046,0,0,37045
146937,0,0,-1,-1,-1,0,48221,0,0,37140
146941,0,0,-1,-1,-1,0,48234,0,0,37143
146950,0,0,0,300000,-1,0,48679,0,0,37381
146959,0,0,0,1500,0,0,48929,0,0,37589
146983,0,0,0,10000,-1,0,47431,0,0,36771
146984,0,0,0,0,180000,1149,47423,0,0,36774
146985,0,0,0,15000,-1,0,47435,0,0,36775
146986,0,0,0,10000,0,0,47776,0,0,36862
146987,0,0,0,10000,0,0,47770,0,0,36863
146988,0,0,0,120000,-1,0,48328,0,0,36864
146989,0,0,0,30000,-1,0,47910,0,0,36865
146990,0,0,-1,-1,-1,0,47997,0,0,36959
146991,0,0,-1,-1,-1,0,47998,0,0,36960
146995,0,0,-1,-1,-1,0,48239,0,0,37145
146996,0,0,-1,-1,-1,0,48240,0,0,37147
147003,0,0,-1,-1,-1,0,483,0,0,37326
147004,1,6,0,-1,-1,0,44593,0,0,37326
147005,0,0,-1,0,0,0,483,0,0,37327
147006,1,6,0,0,0,0,44595,0,0,37327
147011,0,1,0,-1,-1,0,60301,0,0,37390
147019,0,5,0,-1,-1,0,48966,0,0,37601
147042,0,0,0,300000,-1,0,47455,0,0,36777
147043,0,0,0,5000,-1,0,47469,0,0,36779
147048,0,0,-1,-1,-1,0,48006,0,0,36963
147049,0,0,-1,-1,-1,0,48001,0,0,36964
147050,0,0,-1,-1,-1,0,48002,0,0,36965
147051,0,0,-1,-1,-1,0,48003,0,0,36966
147069,0,0,-1,-1,-1,0,483,0,0,37328
147070,1,6,0,-1,-1,0,44497,0,0,37328
147071,0,0,-1,-1,-1,0,483,0,0,37329
147072,1,6,0,-1,-1,0,44510,0,0,37329
147073,0,0,-1,-1,-1,0,483,0,0,37330
147074,1,6,0,-1,-1,0,44596,0,0,37330
147083,0,0,-1,0,0,0,27951,0,0,37603
147094,0,0,0,15000,-1,0,49461,0,0,37859
147095,0,0,0,15000,-1,0,49462,0,0,37860
147103,0,0,-1,-1,-1,0,57844,0,0,36781
147104,0,0,0,-1,-1,0,47190,0,0,36785
147105,0,0,-1,-1,-1,0,47530,0,0,36786
147106,0,0,0,10000,-1,0,47542,0,0,36787
147107,0,0,0,90000,15000,1141,47806,0,0,36871
147109,2,0,0,120000,20000,1141,47807,0,0,36872
147110,0,0,-1,-1,-1,0,48052,0,0,36873
147111,0,0,0,120000,20000,1141,47816,0,0,36874
147112,0,0,-1,-1,-1,0,48004,0,0,36967
147113,0,0,-1,-1,-1,0,48005,0,0,36968
147114,0,0,-1,-1,-1,0,48006,0,0,36970
147116,0,0,0,120000,20000,1141,60471,0,0,36972
147117,0,0,-1,-1,-1,0,48061,0,0,37063
147118,0,1,0,-1,-1,0,60306,0,0,37064
147121,0,0,-1,-1,-1,0,48235,0,0,37156
147122,0,0,-1,-1,-1,0,48236,0,0,37157
147123,0,0,-1,-1,-1,0,48238,0,0,37158
147124,0,0,-1,-1,-1,0,48244,0,0,37159
147125,0,0,-1,-1,-1,0,48242,0,0,37160
147126,0,0,-1,-1,-1,0,48243,0,0,37161
147128,0,0,-1,-1,-1,0,483,0,0,37331
147129,1,6,0,-1,-1,0,44556,0,0,37331
147130,0,0,-1,-1,-1,0,483,0,0,37332
147131,1,6,0,-1,-1,0,44483,0,0,37332
147132,0,0,-1,-1,-1,0,483,0,0,37333
147133,1,6,0,-1,-1,0,44494,0,0,37333
147172,0,0,0,30000,-1,0,48064,0,0,37071
147175,0,0,0,120000,20000,1141,60305,0,0,37166
147177,0,0,-1,0,1000,11,43180,0,0,37252
147178,0,0,-1,0,1000,59,27089,0,0,37253
147179,0,0,0,3600000,300000,102,48332,0,0,37254
147181,0,0,-1,-1,-1,0,483,0,0,37334
147182,1,6,0,-1,-1,0,44590,0,0,37334
147183,0,0,-1,-1,-1,0,483,0,0,37335
147184,1,6,0,-1,-1,0,44500,0,0,37335
147185,0,0,-1,-1,-1,0,483,0,0,37336
147186,1,6,0,-1,-1,0,47766,0,0,37336
147203,0,0,-1,-1,-1,0,49234,0,0,37700
147204,0,0,-1,-1,-1,0,49248,0,0,37701
147208,0,0,0,120000,20000,1141,60215,0,0,37872
147209,0,0,0,120000,20000,1141,60480,0,0,37873
147218,0,0,0,10000,-1,0,47604,0,0,36796
147219,1,0,-1,0,120000,100,42987,0,0,36799
147222,1,0,-1,0,120000,1153,47874,0,0,36889
147223,1,0,-1,0,120000,1153,47873,0,0,36890
147224,1,0,-1,0,120000,1153,47872,0,0,36891
147239,0,0,0,5000,-1,0,48345,0,0,37259
147240,0,0,-1,-1,-1,0,483,0,0,37337
147241,1,6,0,-1,-1,0,44616,0,0,37337
147242,0,0,-1,-1,-1,0,483,0,0,37338
147243,1,6,0,-1,-1,0,44630,0,0,37338
147251,0,0,0,10000,-1,0,49075,0,0,37621
147255,0,0,-1,-1,-1,0,49244,0,0,37702
147256,0,0,-1,-1,-1,0,49246,0,0,37703
147257,0,0,-1,-1,-1,0,49247,0,0,37704
147258,0,0,-1,-1,-1,0,49245,0,0,37705
147259,0,0,0,-1,-1,0,49266,0,0,37708
147265,0,0,0,6000,-1,0,49546,0,0,37877
147266,0,0,0,5000,5000,0,50166,0,0,37878
147267,0,0,0,10000,-1,0,49566,0,0,37881
147275,1,0,-1,0,120000,1153,47875,0,0,36892
147276,1,0,-1,0,120000,1153,47876,0,0,36893
147277,1,0,-1,0,120000,1153,47877,0,0,36894
147278,0,0,-1,-1,-1,0,47883,0,0,36895
147279,0,0,0,0,180000,1148,47885,0,0,36896
147281,0,0,0,0,180000,1148,47887,0,0,36897
147293,0,0,0,5000,5000,0,48218,0,0,37173
147300,0,1,0,-1,-1,0,60482,0,0,37264
147301,0,0,-6,10000,-1,0,48359,0,0,37265
147302,0,0,-1,-1,-1,0,483,0,0,37339
147303,1,6,0,-1,-1,0,44621,0,0,37339
147304,0,0,-1,-1,-1,0,483,0,0,37340
147305,1,6,0,-1,-1,0,44588,0,0,37340
147319,0,0,-50,30000,-1,0,49289,0,0,37709
147320,0,0,-1,-1,-1,0,3366,0,0,37711
147328,0,0,0,5000,-1,0,49587,0,0,37887
147335,0,0,-5,1000,-1,0,47904,0,0,36899
147336,0,0,-5,1000,-1,0,47906,0,0,36900
147340,0,0,0,120000,-1,0,60214,0,0,36993
147347,0,0,-1,-1,-1,0,483,0,0,37341
147348,1,6,0,-1,-1,0,44589,0,0,37341
147349,0,0,-1,-1,-1,0,483,0,0,37342
147350,1,6,0,-1,-1,0,44612,0,0,37342
147351,0,0,-1,-1,-1,0,483,0,0,37343
147352,1,6,0,-1,-1,0,44633,0,0,37343
147372,0,0,0,5000,-1,0,49319,0,0,37716
147378,0,0,0,15000,-1,0,49345,0,0,37815
147380,0,0,0,10000,-1,0,49590,0,0,37888
147388,0,0,0,10000,-1,0,47634,0,0,36815
147394,0,0,-1,1000,-1,0,48099,0,0,37091
147395,0,0,-1,1000,-1,0,48100,0,0,37092
147396,0,0,-1,1000,-1,0,48101,0,0,37093
147397,0,0,-1,1000,-1,0,48102,0,0,37094
147403,0,0,0,5000,-1,0,48268,0,0,37187
147411,0,0,-1,-1,-1,0,483,0,0,37344
147412,1,6,0,-1,-1,0,44524,0,0,37344
147413,0,0,-1,-1,-1,0,483,0,0,37345
147414,1,6,0,-1,-1,0,44513,0,0,37345
147415,0,0,-1,-1,-1,0,483,0,0,37346
147416,1,6,0,-1,-1,0,44598,0,0,37346
147429,0,0,0,180000,-1,0,60180,0,0,37638
147431,0,0,0,120000,20000,1141,60299,0,0,37723
147434,0,0,0,-1,-1,0,47291,0,0,36726
147435,0,0,0,0,2000,1149,47627,0,0,36818
147441,0,0,-1,1000,-1,0,48103,0,0,37097
147442,0,0,-1,1000,-1,0,48104,0,0,37098
147454,0,0,-1,0,0,0,483,0,0,37347
147455,1,6,0,0,0,0,44591,0,0,37347
147456,0,0,-1,0,0,0,483,0,0,37348
147457,1,6,0,0,0,0,47898,0,0,37348
147458,0,0,-1,0,0,0,483,0,0,37349
147459,1,6,0,0,0,0,44631,0,0,37349
147460,0,0,-1,0,-1,0,48650,0,0,37431
147466,0,0,0,30000,-1,0,48790,0,0,37539
147468,0,0,0,-1,-1,0,48794,0,0,37542
147475,0,0,-1,1500,-1,0,49349,0,0,37727
147478,0,0,0,210000,-1,0,49890,0,0,37923
147479,0,0,0,2000,-1,0,47305,0,0,36732
147480,0,0,0,120000,-1,0,47919,0,0,36734
147481,0,0,0,-1,-1,0,50251,0,0,36827
147482,0,0,0,10000,-1,0,48021,0,0,37006
147486,0,0,-1,-1,-1,0,47978,0,0,37013
147493,0,0,-2,6000,-1,0,48252,0,0,37198
147498,0,0,0,0,30000,1149,48388,0,0,37287
147505,0,0,0,5000,-1,0,48712,0,0,37438
147521,0,0,0,120000,-1,0,60517,0,0,37734
147522,0,0,-1,-1,-1,0,483,0,0,44487
147523,1,6,0,-1,-1,0,60714,0,0,44487
147524,0,0,-1,0,0,0,483,0,0,44488
147525,1,6,0,0,0,0,47899,0,0,44488
147526,0,0,-1,0,0,0,483,0,0,44489
147527,1,6,0,0,0,0,60692,0,0,44489
147528,0,0,-1,0,0,0,483,0,0,44491
147529,1,6,0,0,0,0,47901,0,0,44491
147530,0,0,-1,-1,-1,0,483,0,0,44492
147531,1,6,0,-1,-1,0,59621,0,0,44492
147532,0,0,-1,-1,-1,0,483,0,0,44494
147533,1,6,0,-1,-1,0,44576,0,0,44494
147534,0,0,-1,-1,-1,0,483,0,0,44495
147535,1,6,0,-1,-1,0,59625,0,0,44495
147536,0,0,-1,-1,-1,0,483,0,0,44496
147537,1,6,0,-1,-1,0,59619,0,0,44496
147538,0,0,-1,0,0,0,483,0,0,44498
147539,1,6,0,0,0,0,60767,0,0,44498
147540,0,0,-1,-1,-1,0,483,0,0,44472
147541,1,6,0,-1,-1,0,47898,0,0,44472
147542,0,0,-1,-1,-1,0,483,0,0,44473
147543,1,6,0,-1,-1,0,44595,0,0,44473
147544,0,0,-1,-1,-1,0,483,0,0,44483
147545,1,6,0,-1,-1,0,60691,0,0,44483
147546,0,0,-1,-1,-1,0,483,0,0,44484
147547,1,6,0,-1,-1,0,44575,0,0,44484
147548,0,0,-1,0,0,0,483,0,0,44485
147549,1,6,0,0,0,0,44625,0,0,44485
147550,0,0,-1,-1,-1,0,483,0,0,44486
147551,1,6,0,-1,-1,0,60707,0,0,44486
147552,0,0,-1,-1,-1,0,483,0,0,45059
147553,1,6,0,-1,-1,0,62948,0,0,45059
147554,0,0,-1,-1,3000,330,55884,0,0,45801
147555,1,6,0,-1,-1,0,63956,0,0,45801
147556,0,0,-1,-1,-1,0,483,0,0,46027
147557,1,6,0,-1,-1,0,64441,0,0,46027
147558,0,0,-1,-1,-1,0,483,0,0,46348
147559,1,6,0,-1,-1,0,64579,0,0,46348
147560,0,5,-1,-1,-1,0,69510,0,0,49661
147561,0,0,-1,-1,3000,330,55884,0,0,51954
147562,1,6,0,-1,-1,0,72808,0,0,51954
147563,0,0,-1,-1,3000,330,55884,0,0,51955
147564,1,6,0,-1,-1,0,72807,0,0,51955
147594,0,1,0,-1,-1,0,370919,0,0,23705
147886,0,1,0,-1,-1,0,372857,0,0,191481
165718,1,6,0,-1,-1,0,470,0,0,2411
165719,1,6,0,0,0,0,580,0,0,1132
165720,1,6,0,0,0,0,581,0,0,1133
165721,1,6,0,0,0,0,459,0,0,1134
165722,2,0,0,1800000,0,0,17712,0,0,833
165723,1,6,0,0,0,0,578,0,0,1041
165724,0,0,0,-1,-1,0,7,0,0,192
165725,0,0,100,-1,-1,0,7,0,0,17
165726,0,0,-1,-1,-1,0,58172,0,0,5523
165727,0,0,100,-1,-1,0,265,0,0,2248
165728,1,0,1000,-1,-1,0,18,0,0,2248
165729,1,6,0,-1,-1,0,6899,0,0,5872
165730,1,6,0,-1,-1,0,6898,0,0,5873
165731,1,6,0,-1,-1,0,6896,0,0,5874
165732,1,6,0,-1,-1,0,6897,0,0,5875
165733,0,0,0,-1,-1,0,265,0,0,3359
165734,1,6,0,-1,-1,0,471,0,0,2413
165735,1,6,0,-1,-1,0,6648,0,0,5655
165736,1,6,0,-1,-1,0,4055,0,0,4401
165737,1,6,0,0,0,0,6654,0,0,5668
165738,0,0,-1,-1,-1,0,58168,0,0,5524
165739,1,6,0,-1,-1,0,472,0,0,2414
165740,0,0,0,-1,-1,0,265,0,0,3398
165741,0,0,-1,-1,-1,0,68417,0,0,5048
165742,1,6,0,-1,-1,0,10684,0,0,8495
165743,1,6,0,-1,-1,0,10711,0,0,8497
165744,1,6,0,-1,-1,0,10697,0,0,8499
165745,1,6,0,0,0,0,8395,0,0,8588
165746,1,6,0,0,0,0,10795,0,0,8589
165747,1,6,0,0,0,0,10798,0,0,8590
165748,0,1,0,-1,-1,0,63751,0,0,6786
165749,1,6,0,-1,-1,0,458,0,0,5656
165750,1,6,0,0,0,0,10796,0,0,8591
165751,1,6,0,0,0,0,10799,0,0,8592
165752,0,0,0,-1,-1,0,68417,0,0,5014
165753,0,0,-1,-1,-1,0,68417,0,0,5042
165754,1,6,0,-1,-1,0,10707,0,0,8500
165755,1,6,0,0,0,0,6653,0,0,5665
165756,0,0,-1,-1,-1,0,58165,0,0,7973
165757,1,6,0,-1,-1,0,10695,0,0,10822
165758,1,6,0,0,0,0,10792,0,0,8628
165759,1,6,0,-1,-1,0,10683,0,0,8492
165760,1,6,0,-1,-1,0,10709,0,0,10394
165761,1,6,0,-1,-1,0,10717,0,0,10392
165762,1,6,0,-1,-1,0,10688,0,0,10393
165763,1,6,0,-1,-1,0,10714,0,0,10360
165764,1,6,0,0,0,0,8980,0,0,8583
165765,1,6,0,-1,-1,0,10716,0,0,10361
165766,1,6,0,0,0,0,10788,0,0,8633
165767,1,6,0,0,0,0,579,0,0,5663
165768,1,6,0,-1,-1,0,10673,0,0,8485
165769,1,6,0,-1,-1,0,10674,0,0,8486
165770,1,6,0,-1,-1,0,10676,0,0,8487
165771,1,6,0,-1,-1,0,10706,0,0,8501
165772,1,6,0,0,0,0,10789,0,0,8632
165773,1,6,0,-1,-1,0,10675,0,0,8491
165774,1,6,0,0,0,0,10787,0,0,8627
165775,1,6,0,-1,-1,0,10678,0,0,8488
165776,1,6,0,-1,-1,0,10873,0,0,8563
165777,1,6,0,-1,-1,0,10679,0,0,8489
165778,1,6,0,-1,-1,0,10698,0,0,8498
165779,1,6,0,-1,-1,0,12243,0,0,10398
165780,1,6,0,-1,-1,0,15648,0,0,11903
165781,1,6,0,0,0,0,10790,0,0,8630
165782,1,6,0,-1,-1,0,10685,0,0,11023
165783,1,6,0,-1,-1,0,15048,0,0,11825
165785,1,6,0,-1,-1,0,15779,0,0,13326
165786,1,6,0,-1,-1,0,15999,0,0,12264
165787,1,6,0,0,0,0,17229,0,0,13086
165788,1,6,0,-1,-1,0,468,0,0,2415
165789,1,6,0,-1,-1,0,17454,0,0,13322
165790,1,6,0,0,0,0,17463,0,0,13332
165791,1,6,0,-1,-1,0,17481,0,0,13335
165792,1,6,0,0,0,0,16058,0,0,12325
165793,1,6,0,-1,-1,0,10682,0,0,8494
165794,1,6,0,0,0,0,16081,0,0,12351
165795,1,0,0,1500,-1,0,17567,0,0,12185
165796,1,6,0,-1,-1,0,10704,0,0,11026
165797,1,6,0,-1,-1,0,10703,0,0,11027
165798,1,6,0,-1,-1,0,10969,0,0,8595
165799,1,6,0,-1,-1,0,17458,0,0,13325
165800,1,6,0,-1,-1,0,17459,0,0,13327
165801,0,1,0,-1,-1,0,70313,0,0,12549
165802,1,6,0,0,0,0,16060,0,0,12327
165803,1,6,0,-1,-1,0,15067,0,0,11474
165804,1,6,0,-1,-1,0,17460,0,0,13329
165805,1,6,0,0,0,0,17462,0,0,13331
165806,1,6,0,-1,-1,0,16450,0,0,12529
165807,1,6,0,0,0,0,8394,0,0,8631
165808,1,6,0,0,0,0,16080,0,0,12330
165809,1,6,0,-1,-1,0,6777,0,0,5864
165810,1,6,0,-1,-1,0,10680,0,0,8496
165811,1,6,0,-1,-1,0,16083,0,0,12353
165812,2,0,0,900000,0,0,15646,0,0,11832
165813,1,6,0,-1,-1,0,17709,0,0,13582
165814,1,6,0,-1,-1,0,17708,0,0,13584
165815,1,6,0,0,0,0,16056,0,0,12302
165816,1,6,0,0,0,0,16055,0,0,12303
165817,1,6,0,-1,-1,0,15049,0,0,11826
165818,1,6,0,0,0,0,10793,0,0,8629
165819,1,6,0,-1,-1,0,13548,0,0,11110
165820,1,6,0,-1,-1,0,17455,0,0,13323
165821,1,6,0,-1,-1,0,17456,0,0,13324
165822,0,0,0,300000,0,0,62352,0,0,16608
165823,1,6,0,-1,-1,0,18990,0,0,15290
165824,1,6,0,0,0,0,17450,0,0,13317
165825,1,6,0,0,0,0,17464,0,0,13333
165826,1,6,0,0,0,0,17465,0,0,13334
165827,1,6,0,-1,-1,0,18989,0,0,15277
165828,1,6,0,-1,-1,0,17453,0,0,13321
165829,1,6,0,0,0,0,18363,0,0,14062
165830,1,6,0,-1,-1,0,10677,0,0,8490
165831,1,6,0,-1,-1,0,18991,0,0,15292
165832,0,0,-1,-1,-1,0,61898,0,0,15874
165833,1,6,0,0,0,0,16059,0,0,12326
165834,1,6,0,-1,-1,0,22720,0,0,18244
165835,1,6,0,-1,-1,0,23228,0,0,18778
165836,1,6,0,0,0,0,23246,0,0,18791
165837,1,6,0,0,0,0,23251,0,0,18797
165838,1,6,0,-1,-1,0,16082,0,0,16339
165839,1,6,0,0,0,0,22723,0,0,18242
165840,1,6,0,0,0,0,22722,0,0,18248
165841,1,6,0,0,0,0,22724,0,0,18245
165842,1,6,0,-1,-1,0,22718,0,0,18247
165843,1,6,0,-1,-1,0,23811,0,0,19450
165844,1,6,0,-1,-1,0,22719,0,0,18243
165845,1,6,0,-1,-1,0,458,0,0,16338
165846,0,0,-1,-1,-1,0,68417,0,0,17303
165847,1,6,0,-1,-1,0,23222,0,0,18774
165848,1,6,0,0,0,0,23219,0,0,18767
165849,1,6,0,-1,-1,0,25162,0,0,20769
165850,1,6,0,-1,-1,0,23530,0,0,19054
165851,0,1,0,-1,-1,0,61980,0,0,19028
165852,1,6,0,-1,-1,0,23509,0,0,19029
165853,1,6,0,-1,-1,0,23248,0,0,18795
165854,1,6,0,0,0,0,23338,0,0,18902
165855,1,6,0,0,0,0,16084,0,0,8586
165856,1,6,0,-1,-1,0,23223,0,0,18773
165857,1,6,0,-1,-1,0,23430,0,0,18967
165858,1,6,0,-1,-1,0,23227,0,0,18776
165859,1,6,0,0,0,0,23220,0,0,18768
165860,1,6,0,-1,-1,0,23225,0,0,18772
165861,1,6,0,-1,-1,0,23238,0,0,18786
165862,1,6,0,0,0,0,6654,0,0,16343
165863,1,6,0,-1,-1,0,22717,0,0,18241
165864,1,6,0,-1,-1,0,23531,0,0,19055
165865,0,0,-1,-1,-1,0,68417,0,0,17304
165866,1,6,0,-1,-1,0,23240,0,0,18785
165867,1,6,0,0,0,0,23250,0,0,18796
165868,1,6,0,0,0,0,23243,0,0,18790
165869,0,0,-1,-1,-1,0,68417,0,0,17307
165870,1,6,0,-1,-1,0,23239,0,0,18787
165871,1,6,0,0,0,0,23241,0,0,18788
165872,1,6,0,-1,-1,0,24252,0,0,19902
165873,1,6,0,-1,-1,0,23431,0,0,18966
165874,1,6,0,-1,-1,0,24696,0,0,20371
165875,1,6,0,0,0,0,23221,0,0,18766
165876,1,6,0,-1,-1,0,23432,0,0,18965
165877,1,6,0,0,0,0,23242,0,0,18789
165878,1,6,0,-1,-1,0,17461,0,0,13328
165879,1,6,0,-1,-1,0,19772,0,0,15996
165880,1,6,0,-1,-1,0,23247,0,0,18793
165881,1,6,0,-1,-1,0,23249,0,0,18794
165882,1,6,0,-1,-1,0,23229,0,0,18777
165883,1,6,0,0,0,0,23252,0,0,18798
165884,1,6,0,0,0,0,22721,0,0,18246
165885,1,6,0,-1,-1,0,23510,0,0,19030
165886,1,6,0,-1,-1,0,17707,0,0,13583
165887,0,0,-1,0,1000,11,70581,0,0,21821
165888,1,6,0,-1,-1,0,26056,0,0,21323
165889,1,6,0,-1,-1,0,26055,0,0,21324
165890,1,6,0,-1,-1,0,25953,0,0,21218
165891,1,6,0,-1,-1,0,23428,0,0,18963
165892,0,0,-1,0,1000,11,70580,0,0,21817
165893,0,0,-1,0,1000,11,70579,0,0,21818
165894,0,0,-1,0,1000,11,70578,0,0,21819
165895,0,0,-1,0,1000,11,70576,0,0,21820
165896,1,6,0,-1,-1,0,26010,0,0,21277
165897,1,6,0,-1,-1,0,26656,0,0,21176
165898,1,6,0,-1,-1,0,30174,0,0,23720
165899,1,6,0,-1,-1,0,23429,0,0,18964
165900,1,6,0,-1,-1,0,26054,0,0,21321
165901,1,6,0,-1,-1,0,26533,0,0,21301
165902,1,6,0,-1,-1,0,25849,0,0,21168
165903,1,6,0,-1,-1,0,28487,0,0,22780
165904,1,6,0,-1,-1,0,28505,0,0,22781
165905,1,6,0,-1,-1,0,30156,0,0,23713
165906,1,6,0,-1,-1,0,24242,0,0,19872
165907,1,6,0,-1,-1,0,26541,0,0,21305
165908,1,6,0,-1,-1,0,28738,0,0,23002
165909,1,6,0,-1,-1,0,25018,0,0,20651
165910,1,6,0,-1,-1,0,26529,0,0,21308
165911,1,6,0,-1,-1,0,3363,0,0,21736
165912,2,0,0,900000,0,0,15604,0,0,11819
165913,1,6,0,-1,-1,0,27241,0,0,22114
165914,0,0,-1,0,1000,11,70577,0,0,21816
165915,1,6,0,-1,-1,0,26045,0,0,21309
165916,0,0,-1,-1,-1,0,68418,0,0,21830
165917,1,6,0,-1,-1,0,29059,0,0,23193
165918,1,6,0,-1,-1,0,28871,0,0,23083
165919,1,6,0,-1,-1,0,28740,0,0,23015
165920,1,6,0,-1,-1,0,28739,0,0,23007
165921,1,6,0,-1,-1,0,27570,0,0,22235
165922,1,6,0,-1,-1,0,30152,0,0,23712
165923,0,0,-1,0,1000,11,70575,0,0,21822
165924,0,0,-1,0,1000,11,70574,0,0,21823
165925,0,2,0,-1,-1,0,21992,0,0,171470
165926,1,6,0,-1,-1,0,32420,0,0,25664
165927,1,6,0,0,0,0,34406,0,0,28481
165928,1,6,0,0,0,0,34407,0,0,28482
165929,1,6,0,-1,-1,0,33050,0,0,27445
165930,1,6,0,0,0,0,22723,0,0,29471
165931,1,6,0,-1,-1,0,35020,0,0,29220
165932,1,6,0,0,0,0,34897,0,0,29231
165933,1,6,0,-1,-1,0,35156,0,0,29363
165934,1,6,0,-1,-1,0,35239,0,0,29364
165935,1,6,0,-1,-1,0,22719,0,0,29465
165936,1,6,0,-1,-1,0,22718,0,0,29466
165937,1,6,0,-1,-1,0,22720,0,0,29467
165938,1,6,0,-1,-1,0,22717,0,0,29468
165939,1,6,0,0,0,0,22724,0,0,29469
165940,1,6,0,0,0,0,22722,0,0,29470
165941,1,6,0,0,0,0,22721,0,0,29472
165942,1,6,0,0,0,0,35711,0,0,29743
165943,1,6,0,0,0,0,35710,0,0,29744
165944,1,6,0,0,0,0,35713,0,0,29745
165945,1,6,0,0,0,0,35712,0,0,29746
165946,1,6,0,0,0,0,35714,0,0,29747
165947,1,6,0,-1,-1,0,35907,0,0,29901
165948,1,6,0,-1,-1,0,35909,0,0,29902
165949,1,6,0,-1,-1,0,35910,0,0,29903
165950,1,6,0,-1,-1,0,35911,0,0,29904
165951,1,6,0,0,0,0,39316,0,0,28915
165952,1,6,0,-1,-1,0,34795,0,0,28927
165953,1,6,0,0,0,0,33660,0,0,28936
165954,1,6,0,0,0,0,34896,0,0,29102
165955,1,6,0,0,0,0,34897,0,0,29103
165956,1,6,0,0,0,0,34898,0,0,29104
165957,1,6,0,0,0,0,34899,0,0,29105
165958,1,6,0,-1,-1,0,35022,0,0,29221
165959,1,6,0,-1,-1,0,35018,0,0,29222
165960,1,6,0,0,0,0,35025,0,0,29223
165961,1,6,0,0,0,0,35027,0,0,29224
165962,1,6,0,0,0,0,34896,0,0,29227
165963,1,6,0,0,0,0,34790,0,0,29228
165964,1,6,0,0,0,0,34898,0,0,29229
165965,1,6,0,0,0,0,34899,0,0,29230
165966,1,6,0,-1,-1,0,37015,0,0,30609
165967,2,5,0,-1,-1,0,38132,0,0,31088
165968,1,6,0,-1,-1,0,36027,0,0,29953
165969,1,6,0,-1,-1,0,36028,0,0,29956
165970,1,6,0,-1,-1,0,36029,0,0,29957
165971,1,6,0,-1,-1,0,36031,0,0,29958
165972,1,6,0,-1,-1,0,36034,0,0,29960
165973,1,6,0,-1,-1,0,24988,0,0,30360
165974,1,6,0,-1,-1,0,36702,0,0,30480
165975,1,6,0,-1,-1,0,39709,0,0,32233
165978,1,6,0,-1,-1,0,39798,0,0,32314
165979,1,6,0,-1,-1,0,39801,0,0,32316
165980,1,6,0,-1,-1,0,40192,0,0,32458
165981,1,6,0,-1,-1,0,40319,0,0,32465
165982,1,6,0,-1,-1,0,39800,0,0,32317
165983,1,6,0,-1,-1,0,39803,0,0,32319
165984,1,6,0,-1,-1,0,40405,0,0,32498
165985,1,6,0,-1,-1,0,40614,0,0,32616
165986,1,6,0,-1,-1,0,40613,0,0,32617
165987,1,6,0,-1,-1,0,40634,0,0,32622
165988,1,6,0,-1,-1,0,40549,0,0,32588
165989,1,6,0,-1,-1,0,41252,0,0,32768
165990,1,6,0,-1,-1,0,38842,0,0,31665
165991,1,6,0,-1,-1,0,39181,0,0,31760
165992,1,6,0,0,0,0,39318,0,0,31833
165993,1,6,0,0,0,0,39318,0,0,31834
165994,1,6,0,0,0,0,39319,0,0,31835
165995,1,6,0,0,0,0,39315,0,0,31829
165996,1,6,0,0,0,0,39315,0,0,31830
165997,1,6,0,0,0,0,39319,0,0,31836
165998,1,6,0,0,0,0,39317,0,0,31831
165999,1,6,0,0,0,0,39317,0,0,31832
166000,1,6,0,-1,-1,0,43697,0,0,33816
166001,1,6,0,-1,-1,0,43697,0,0,33817
166002,1,6,0,-1,-1,0,43698,0,0,33818
166003,1,6,0,-1,-1,0,43900,0,0,33977
166004,1,6,0,-1,-1,0,43918,0,0,33993
166005,1,6,0,0,0,0,44153,0,0,34060
166006,1,6,0,0,0,0,44151,0,0,34061
166007,1,6,0,-1,-1,0,44744,0,0,34092
166008,1,6,0,-1,-1,0,43899,0,0,33976
166009,1,6,0,-1,-1,0,43927,0,0,33999
166010,1,6,0,0,0,0,35028,0,0,34129
166011,1,6,0,-1,-1,0,54187,0,0,34425
166012,1,6,0,-1,-1,0,45082,0,0,34478
166013,1,6,0,-1,-1,0,45125,0,0,34492
166014,1,6,0,-1,-1,0,45127,0,0,34493
166015,1,6,0,-1,-1,0,45125,0,0,34495
166016,1,6,0,-1,-1,0,45174,0,0,34518
166017,1,6,0,-1,-1,0,45175,0,0,34519
166018,2,0,0,120000,-1,0,45052,0,0,34430
166019,1,6,0,-1,-1,0,10696,0,0,34535
166020,1,6,0,-1,-1,0,41516,0,0,32860
166021,1,6,0,-1,-1,0,41517,0,0,32861
166022,1,6,0,-1,-1,0,41518,0,0,32862
166023,1,6,0,-1,-1,0,41513,0,0,32857
166024,1,6,0,-1,-1,0,41514,0,0,32858
166025,1,6,0,-1,-1,0,41515,0,0,32859
166026,1,6,0,-1,-1,0,42668,0,0,33179
166027,1,6,0,-1,-1,0,42609,0,0,33154
166028,1,6,0,0,0,0,42776,0,0,33224
166029,1,6,0,0,0,0,42777,0,0,33225
166030,1,6,0,-1,3000,0,48025,0,0,37012
166031,1,6,0,-1,-1,0,43688,0,0,33809
166032,1,6,0,-1,-1,0,48954,0,0,37598
166033,1,6,0,-1,-1,0,46199,0,0,35226
166034,1,6,0,-1,-1,0,49378,0,0,37827
166035,1,6,0,-1,-1,0,49379,0,0,37828
166036,1,6,0,0,0,0,51412,0,0,38576
166037,1,6,0,-1,-1,0,45890,0,0,34955
166038,1,6,0,-1,-1,0,49322,0,0,37719
166039,1,6,0,-1,-1,0,46425,0,0,35349
166040,1,6,0,-1,-1,0,46426,0,0,35350
166041,1,6,0,-1,-1,0,46197,0,0,35225
166042,1,6,0,0,0,0,46628,0,0,35513
166043,1,6,0,-1,-1,0,53082,0,0,39656
166044,1,6,0,0,0,0,48027,0,0,35906
166045,1,6,0,-1,-1,0,48406,0,0,37297
166046,1,6,0,-1,-1,0,48408,0,0,37298
166047,1,6,0,-1,-1,0,49964,0,0,38050
166048,1,6,0,-1,-1,0,49193,0,0,37676
166049,1,6,0,-1,-1,0,46599,0,0,35504
166050,1,6,0,-1,-1,0,51716,0,0,38628
166051,1,5,0,-1,-1,0,30645,0,0,23821
166053,1,6,0,-1,-1,0,32246,0,0,25477
166054,1,6,0,-1,-1,0,32290,0,0,25528
166055,1,6,0,-1,-1,0,32292,0,0,25529
166056,1,6,0,-1,-1,0,32296,0,0,25532
166057,1,6,0,-1,-1,0,32298,0,0,25535
166058,1,6,0,-1,-1,0,32235,0,0,25470
166059,1,6,0,-1,-1,0,32239,0,0,25471
166060,1,6,0,-1,-1,0,32240,0,0,25472
166061,1,6,0,-1,-1,0,32243,0,0,25474
166062,1,6,0,-1,-1,0,32244,0,0,25475
166063,1,6,0,-1,-1,0,32245,0,0,25476
166064,1,6,0,-1,-1,0,32345,0,0,25596
166065,1,6,0,-1,-1,0,32289,0,0,25527
166066,1,6,0,-1,-1,0,32297,0,0,25533
166067,0,0,-1,-1,-1,0,58160,0,0,24476
166072,1,6,0,-1,-1,0,32295,0,0,25531
166073,1,6,0,-1,-1,0,39802,0,0,32318
166074,1,6,0,-1,-1,0,32242,0,0,25473
166075,1,6,0,-1,-1,0,18992,0,0,15293
166076,1,6,0,-1,-1,0,16082,0,0,12354
166083,1,6,0,-1,-1,0,330659,0,0,180089
166085,1,6,0,-1,-1,0,348459,0,0,184865
166295,0,0,-1,1000,-1,0,55884,0,0,193837
166296,1,6,0,-1,-1,0,375473,0,0,193837
166459,0,6,0,-1,-1,0,376324,0,0,194101
166726,0,0,-1,-1,-1,0,55884,0,0,194518
166727,1,6,0,-1,-1,0,377159,0,0,194518
170027,0,0,0,-1,-1,0,383268,0,0,198428
170198,0,0,-1,-1,3000,330,55884,0,0,198628
170199,1,6,0,-1,-1,0,387311,0,0,198628
170200,0,0,-1,-1,3000,330,55884,0,0,198629
170201,1,6,0,-1,-1,0,387323,0,0,198629
170202,0,0,-1,-1,3000,330,55884,0,0,198630
170203,1,6,0,-1,-1,0,387320,0,0,198630
170205,0,0,-1,-1,3000,330,55884,0,0,198631
170206,1,6,0,-1,-1,0,387308,0,0,198631
170207,0,0,-1,-1,3000,330,55884,0,0,198632
170208,1,6,0,-1,-1,0,387319,0,0,198632
170209,0,0,-1,-1,3000,330,55884,0,0,198633
170210,1,6,0,-1,-1,0,387321,0,0,198633
170211,0,0,-1,-1,-1,0,55884,0,0,198634
170212,1,6,0,-1,-1,0,387330,0,0,198634
170213,0,0,-1,-1,-1,0,55884,0,0,198635
170214,1,6,0,-1,-1,0,387325,0,0,198635
170215,0,0,-1,-1,-1,0,55884,0,0,198636
170216,1,6,0,-1,-1,0,387332,0,0,198636
170217,0,0,-1,-1,-1,0,55884,0,0,198637
170218,1,6,0,-1,-1,0,387328,0,0,198637
170221,0,0,-1,-1,-1,0,55884,0,0,198638
170222,1,6,0,-1,-1,0,387329,0,0,198638
170223,0,0,-1,-1,-1,0,55884,0,0,198639
170224,1,6,0,-1,-1,0,387326,0,0,198639
170225,0,0,-1,-1,-1,0,55884,0,0,198640
170226,1,6,0,-1,-1,0,387331,0,0,198640
170227,0,0,0,600000,0,0,387422,0,0,198641
170228,0,0,0,300000,-1,0,387424,0,0,198642
170229,0,0,0,60000,-1,0,387426,0,0,198643
170230,0,0,0,30000,0,0,387425,0,0,198644
170711,0,0,-1,3600000,3600000,94,387060,0,0,199335
170712,0,0,-1,3600000,3600000,94,387064,0,0,199336
170956,0,0,0,600000,0,0,423330,0,0,199530
170965,1,0,0,120000,20000,1141,48863,0,0,199529
170966,0,0,0,120000,20000,1141,48847,0,0,199527
170967,0,0,0,120000,15000,1141,36372,0,0,199528
170970,0,1,0,-1,-1,0,387573,0,0,199636
170971,0,1,0,-1,-1,0,423440,0,0,199637
170974,0,1,0,-1,-1,0,388426,0,0,199635
170975,0,1,0,-1,-1,0,388429,0,0,199638
170976,0,1,0,-1,-1,0,388428,0,0,199639
170977,0,1,0,-1,-1,0,388427,0,0,199640
170978,0,1,0,-1,-1,0,34230,0,0,199642
170979,0,1,0,-1,-1,0,388432,0,0,199643
170980,0,1,0,-1,-1,0,388430,0,0,199644
171011,0,0,0,-1,-1,0,388074,0,0,199751
171026,0,0,-1,3600000,3600000,94,388098,0,0,199777
171027,0,0,-1,3600000,3600000,94,388099,0,0,199778
171144,0,0,-1,3600000,3600000,94,388616,0,0,200068
171698,1,0,-1,-1,-1,0,55884,0,0,194101
172444,0,0,-1,1500,-1,0,397567,0,0,202195
173909,0,0,-1,0,0,0,405003,0,0,204385
176246,0,0,-1,-1,3000,330,55884,0,0,63040
176247,1,6,0,-1,-1,0,88742,0,0,63040
176248,0,0,-1,-1,3000,330,55884,0,0,63041
176249,1,6,0,-1,-1,0,88744,0,0,63041
176250,0,0,-1,-1,3000,330,55884,0,0,63042
176251,1,6,0,-1,-1,0,88718,0,0,63042
176252,0,0,-1,-1,3000,330,55884,0,0,63043
176253,1,6,0,-1,-1,0,88746,0,0,63043
176266,0,0,-1,-1,3000,330,55884,0,0,63125
176267,1,6,0,-1,-1,0,88990,0,0,63125
176960,0,0,-1,-1,3000,330,55884,0,0,67151
176961,1,6,0,-1,-1,0,98718,0,0,67151
177145,0,0,-1,-1,3000,330,55884,0,0,68823
177146,1,6,0,-1,-1,0,96491,0,0,68823
177147,0,0,-1,-1,3000,330,55884,0,0,68824
177148,1,6,0,-1,-1,0,96499,0,0,68824
177211,0,0,-1,-1,3000,330,55884,0,0,69224
177212,1,6,0,-1,-1,0,97493,0,0,69224
177216,0,0,0,1800000,-1,0,97555,0,0,69227
177241,0,0,-1,-1,3000,330,55884,0,0,69747
177242,1,6,0,-1,-1,0,98204,0,0,69747
177539,0,0,-1,-1,3000,330,55884,0,0,71665
177540,1,6,0,-1,-1,0,101542,0,0,71665
177549,0,0,-1,-1,-1,0,55884,0,0,71726
177550,1,6,0,-1,-1,0,101606,0,0,71726
177781,0,0,-1,-1,-1,0,55884,0,0,72134
177782,1,6,0,-1,-1,0,102317,0,0,72134
177791,0,0,0,1800000,-1,0,102362,0,0,72159
177792,0,0,0,1800000,-1,0,102365,0,0,72161
177824,0,0,-1,-1,3000,330,55884,0,0,72575
177825,1,6,0,-1,-1,0,102488,0,0,72575
177826,0,0,-1,-1,3000,330,55884,0,0,72582
177827,1,6,0,-1,-1,0,102514,0,0,72582
177974,0,0,-1,-1,-1,0,55884,0,0,76062
177975,1,6,0,-1,-1,0,105633,0,0,76062
177978,0,0,-1,-1,3000,330,483,0,0,76755
177979,1,6,0,-1,-1,0,107203,0,0,76755
177980,0,0,-1,-1,3000,330,55884,0,0,76889
177981,1,6,0,-1,-1,0,107516,0,0,76889
177982,0,0,-1,-1,3000,330,55884,0,0,76902
177983,1,6,0,-1,-1,0,107517,0,0,76902
177984,0,0,-1,-1,3000,330,55884,0,0,77067
177985,1,6,0,-1,-1,0,107842,0,0,77067
177988,0,0,-1,-1,3000,330,55884,0,0,77069
177989,1,6,0,-1,-1,0,107845,0,0,77069
178155,0,0,-1,-1,3000,330,55884,0,0,78919
178156,1,6,0,-1,-1,0,110039,0,0,78919
178157,0,0,-1,-1,3000,330,483,0,0,78924
178158,1,6,0,-1,3000,0,110051,0,0,78924
178164,0,0,-1,-1,3000,330,55884,0,0,83086
178165,1,6,0,-1,-1,0,121820,0,0,83086
178364,0,0,-1,1000,-1,0,412869,0,0,206272
178443,0,1,0,-1,-1,0,57818,0,0,206392
178444,1,1,0,-1,-1,0,413430,0,0,206392
178620,0,0,-1,0,0,0,413898,0,0,206580
178721,0,0,-1,-1,-1,0,414813,0,0,206953
180916,0,0,-1,-1,-1,0,55884,0,0,211082
180917,1,6,0,-1,-1,0,428053,0,0,211082
180987,0,0,0,120000,-1,0,429416,0,0,211261
180988,0,0,0,120000,-1,0,429416,0,0,211262
181362,0,0,0,30000,-1,0,43873,0,0,211850
181363,1,0,0,600000,60000,94,50070,0,0,211851
182420,0,0,-1,-1,3000,330,55884,0,0,213601
182421,1,6,0,-1,-1,0,435115,0,0,213601
185758,0,0,-1,-1,-1,0,55884,0,0,224002
185759,1,6,0,-1,-1,0,450535,0,0,224002
187253,1,0,0,60000,-1,0,46643,0,0,225923
190100,0,0,-1,-1,3000,330,483,0,0,228754
190101,1,6,0,-1,-1,0,463045,0,0,228754
190841,0,0,-1,-1,3000,330,483,0,0,230214
190842,1,6,0,-1,-1,0,466948,0,0,230214
190848,0,0,-1,-1,3000,330,483,0,0,230221
190849,1,6,0,-1,-1,0,466977,0,0,230221
190850,0,0,-1,-1,3000,330,483,0,0,230222
190851,1,6,0,-1,-1,0,466980,0,0,230222
190853,0,0,-1,-1,3000,330,483,0,0,230223
190854,1,6,0,-1,-1,0,466983,0,0,230223
190980,0,0,0,120000,-1,0,467349,0,0,230755
190981,0,1,0,-1,-1,0,467351,0,0,230756
190982,0,1,0,-1,-1,0,467353,0,0,230757
190983,0,1,0,-1,-1,0,467355,0,0,230758
190984,0,0,0,600000,60000,94,467357,0,0,230759
190985,0,0,0,600000,60000,94,467358,0,0,230761
190986,1,0,0,600000,60000,94,50070,0,0,230767
190987,0,0,0,30000,-1,0,43873,0,0,230768
191631,0,0,-1,-1,-1,0,55884,0,0,231312
191632,1,6,0,-1,-1,0,468247,0,0,231312
193006,0,0,-1,-1,3000,330,55884,0,0,232614
193007,1,6,0,-1,-1,0,471440,0,0,232614
193299,0,0,-1,-1,3000,330,483,0,0,233212
193300,1,6,0,-1,-1,0,473478,0,0,233212
193302,0,0,-1,-1,3000,330,483,0,0,233214
193303,1,6,0,-1,-1,0,473487,0,0,233214
199797,0,0,-1,-1,3000,330,483,0,0,85870
199798,1,6,0,-1,-1,0,124659,0,0,85870
201096,0,0,-1,-1,-1,0,55884,0,0,92707
201097,1,6,0,-1,-1,0,134538,0,0,92707
201868,0,0,-1,-1,-1,0,55884,0,0,98550
201869,1,6,0,-1,-1,0,142880,0,0,98550
203876,0,0,0,-1,300000,97,93636,0,0,67097
204801,0,0,0,-1,-1,0,1216885,0,0,235464
204934,0,0,-1,-1,-1,0,55884,0,0,235561
204935,1,6,0,-1,-1,0,1217380,0,0,235561
204936,0,0,-1,-1,3000,330,483,0,0,235562
204937,1,6,0,-1,-1,0,1217476,0,0,235562
206234,0,1,0,-1,-1,0,1221426,0,0,237061
206235,0,1,0,-1,-1,0,1221426,0,0,237087
212011,0,0,-1,-1,3000,330,483,0,0,245584
212012,1,6,0,-1,-1,0,1239204,0,0,245584
212028,0,0,-1,-1,3000,330,483,0,0,245612
212029,1,6,0,-1,-1,0,1239240,0,0,245612
212030,0,0,-1,-1,3000,330,483,0,0,245613
212031,1,6,0,-1,-1,0,1239372,0,0,245613
213210,0,0,0,60000,-1,0,1245056,0,0,247893
213346,0,0,0,-1,-1,0,1246839,0,0,248263
213560,0,0,0,120000,20000,0,1247618,0,0,248753
213561,0,0,0,120000,-1,0,1247619,0,0,248754
213618,1,0,0,60000,-1,0,46643,0,0,248945
214055,0,1,0,-1,-1,0,1249837,0,0,249819
214056,0,1,0,-1,-1,0,1249839,0,0,249820
214057,0,1,0,-1,-1,0,1249841,0,0,249821
215145,0,0,-1,1000,-1,0,1252638,0,0,251542
215655,0,0,-1,-1,-1,0,55884,0,0,252194
215656,3,6,0,-1,-1,0,1254207,0,0,252194
224556,0,1,0,-1,-1,0,1265568,0,0,255085
224561,0,2,0,-1,-1,0,1265558,0,0,255087
224563,0,2,0,-1,-1,0,1265523,0,0,255089
224565,0,2,0,-1,-1,0,21170,0,0,255090
224566,1,0,0,-1,60000,1150,1265588,0,0,255090
224567,0,2,0,-1,-1,0,1265735,0,0,255091
224572,0,1,0,-1,-1,0,1265733,0,0,255096
224579,0,2,0,-1,-1,0,21179,0,0,255102
224580,1,0,0,-1,60000,1150,1265587,0,0,255102
224581,0,1,0,-1,-1,0,1266122,0,0,255103
224582,0,2,0,-1,-1,0,1265515,0,0,255104
224583,0,0,0,0,60000,1160,1265743,0,0,255107
224585,0,0,0,0,60000,1160,1265742,0,0,255108
224588,0,0,0,-1,-1,0,1266944,0,0,255109
224603,0,1,0,-1,-1,0,1265649,0,0,255123
224604,0,2,0,-1,-1,0,1265731,0,0,255124
224606,0,0,0,90000,15000,1141,1265532,0,0,255126
225020,0,0,-1,-1,-1,0,1259687,0,0,255973
225033,0,0,0,600000,60000,94,1259853,0,0,256052
225034,0,1,0,-1,-1,0,1259860,0,0,256054
225035,0,0,0,600000,60000,94,1259889,0,0,256056
225045,0,1,0,-1,-1,0,1259909,0,0,256068
225046,0,1,0,-1,-1,0,1259911,0,0,256069
225047,0,0,0,120000,-1,0,1259913,0,0,256070
225100,0,0,0,600000,-1,0,1259999,0,0,256141
225862,0,0,-1,-1,-1,0,21160,0,0,257605
226250,2,0,0,300000,0,0,18385,0,0,258424
226482,0,0,-1,-1,3000,330,55884,0,0,258883
226483,1,6,0,-1,-1,0,1249659,0,0,258883
226810,1,2,0,-1,-1,0,1265741,0,0,259908
226811,2,1,0,-1,-1,0,1265737,0,0,259908
226842,0,1,0,-1,-1,0,1265744,0,0,255113
226940,1,0,0,1500,1500,2476,1266146,0,0,255103
226943,0,1,0,-1,-1,0,1266168,0,0,257606
226944,1,0,0,1500,1500,2476,1266124,0,0,257606
226945,0,1,0,-1,-1,0,1266170,0,0,260344
226946,1,0,0,1500,1500,2476,1266203,0,0,260344
226947,0,1,0,-1,-1,0,1266196,0,0,260346
226948,1,0,0,1500,1500,2476,1266150,0,0,260346
227038,0,1,0,-1,-1,0,1266765,0,0,260703
227039,1,1,0,-1,-1,0,1266767,0,0,260703
227046,0,0,-1,-1,-1,0,1266779,0,0,260710
227056,0,0,-1,1000,-1,0,1266790,0,0,260722
227067,0,0,-1,1000,-1,0,1266841,0,0,260734
227077,0,0,0,0,3000,330,1266866,0,0,260759
227088,0,0,-1,1000,-1,0,1266877,0,0,260774
227094,0,0,0,-1,-1,0,1266890,0,0,260780
227224,0,1,0,-1,-1,0,1268965,0,0,18542
227274,0,6,0,-1,-1,0,1266345,0,0,260438
227288,1,0,-1,-1,3000,330,483,0,0,260438
227289,0,0,0,-1,-1,0,1266325,0,0,260433
227290,1,0,-1,-1,-1,0,55884,0,0,260433
227291,0,0,0,-1,-1,0,1265709,0,0,260221
227518,1,0,0,600000,60000,94,50070,0,0,263204
227522,0,0,0,30000,-1,0,43873,0,0,263207
227562,0,2,0,-1,-1,0,21159,0,0,263264
227563,0,0,-1,-1,-1,0,1270185,0,0,17203
227581,0,0,0,120000,120000,1182,1270376,0,0,255093
227688,0,0,-1,-1,-1,0,55884,0,0,263514
227689,1,6,0,-1,-1,0,1270636,0,0,263514
227928,0,0,-1,1000,-1,0,1271076,0,0,264161
227930,0,0,-1,1000,-1,0,1271213,0,0,264167
227949,0,0,-1,0,0,0,1271413,0,0,264198
228066,0,0,-1,-1,-1,0,1271527,0,0,264272
228118,0,0,0,120000,120000,1182,42292,0,0,264358
228119,0,0,0,120000,120000,1182,42292,0,0,264359
228921,1,2,0,-1,-1,0,1272538,0,0,264731
228922,2,1,0,-1,-1,0,1272548,0,0,264731
228923,1,2,0,-1,-1,0,1272539,0,0,264741
228924,2,1,0,-1,-1,0,1272549,0,0,264741
228925,1,2,0,-1,-1,0,1272540,0,0,264742
228926,2,1,0,-1,-1,0,1272550,0,0,264742
228927,1,2,0,-1,-1,0,1272541,0,0,264743
228928,2,1,0,-1,-1,0,1272551,0,0,264743
228929,1,2,0,-1,-1,0,1272542,0,0,264744
228930,2,1,0,-1,-1,0,1272552,0,0,264744
228931,1,2,0,-1,-1,0,1272543,0,0,264745
228932,2,1,0,-1,-1,0,1272553,0,0,264745
228933,1,2,0,-1,-1,0,1272544,0,0,264746
228934,2,1,0,-1,-1,0,1272554,0,0,264746
228935,1,2,0,-1,-1,0,1272545,0,0,264747
228936,2,1,0,-1,-1,0,1272555,0,0,264747
228937,1,2,0,-1,-1,0,1272546,0,0,264748
228938,2,1,0,-1,-1,0,1272556,0,0,264748
228939,1,2,0,-1,-1,0,1272547,0,0,264749
228940,2,1,0,-1,-1,0,1272557,0,0,264749
228941,0,1,0,-1,-1,0,1266122,0,0,264750
228942,1,0,0,1500,1500,2476,1266146,0,0,264750
228943,0,1,0,-1,-1,0,1266122,0,0,264751
228944,1,0,0,1500,1500,2476,1266146,0,0,264751
228945,0,1,0,-1,-1,0,1266122,0,0,264752
228946,1,0,0,1500,1500,2476,1266146,0,0,264752
228947,0,1,0,-1,-1,0,1266122,0,0,264753
228948,1,0,0,1500,1500,2476,1266146,0,0,264753
228949,0,1,0,-1,-1,0,1266122,0,0,264754
228950,1,0,0,1500,1500,2476,1266146,0,0,264754
228951,0,1,0,-1,-1,0,1266122,0,0,264755
228952,1,0,0,1500,1500,2476,1266146,0,0,264755
228953,0,1,0,-1,-1,0,1266122,0,0,264756
228954,1,0,0,1500,1500,2476,1266146,0,0,264756
228955,0,1,0,-1,-1,0,1266122,0,0,264757
228956,1,0,0,1500,1500,2476,1266146,0,0,264757
228957,0,1,0,-1,-1,0,1266122,0,0,264758
228958,1,0,0,1500,1500,2476,1266146,0,0,264758
228959,0,1,0,-1,-1,0,1266168,0,0,264759
228960,1,0,0,1500,1500,2476,1266124,0,0,264759
228961,0,1,0,-1,-1,0,1266168,0,0,264760
228962,1,0,0,1500,1500,2476,1266124,0,0,264760
228963,0,1,0,-1,-1,0,1266168,0,0,264761
228964,1,0,0,1500,1500,2476,1266124,0,0,264761
228965,0,1,0,-1,-1,0,1266168,0,0,264762
228966,1,0,0,1500,1500,2476,1266124,0,0,264762
228967,0,1,0,-1,-1,0,1266168,0,0,264763
228968,1,0,0,1500,1500,2476,1266124,0,0,264763
228969,0,1,0,-1,-1,0,1266168,0,0,264764
228970,1,0,0,1500,1500,2476,1266124,0,0,264764
228971,0,1,0,-1,-1,0,1266168,0,0,264765
228972,1,0,0,1500,1500,2476,1266124,0,0,264765
228973,0,1,0,-1,-1,0,1266168,0,0,264766
228974,1,0,0,1500,1500,2476,1266124,0,0,264766
228975,0,1,0,-1,-1,0,1266168,0,0,264767
228976,1,0,0,1500,1500,2476,1266124,0,0,264767
228977,0,1,0,-1,-1,0,1266168,0,0,264768
228978,1,0,0,1500,1500,2476,1266124,0,0,264768
228979,0,1,0,-1,-1,0,1266196,0,0,264769
228980,1,0,0,1500,1500,2476,1266150,0,0,264769
228981,0,1,0,-1,-1,0,1266196,0,0,264770
228982,1,0,0,1500,1500,2476,1266150,0,0,264770
228983,0,1,0,-1,-1,0,1266196,0,0,264771
228984,1,0,0,1500,1500,2476,1266150,0,0,264771
228985,0,1,0,-1,-1,0,1266196,0,0,264772
228986,1,0,0,1500,1500,2476,1266150,0,0,264772
228987,0,1,0,-1,-1,0,1266196,0,0,264773
228988,1,0,0,1500,1500,2476,1266150,0,0,264773
228989,0,1,0,-1,-1,0,1266196,0,0,264774
228990,1,0,0,1500,1500,2476,1266150,0,0,264774
228991,0,1,0,-1,-1,0,1266196,0,0,264775
228992,1,0,0,1500,1500,2476,1266150,0,0,264775
228993,0,1,0,-1,-1,0,1266196,0,0,264776
228994,1,0,0,1500,1500,2476,1266150,0,0,264776
228995,0,1,0,-1,-1,0,1266196,0,0,264777
228996,1,0,0,1500,1500,2476,1266150,0,0,264777
228997,0,1,0,-1,-1,0,1266196,0,0,264778
228998,1,0,0,1500,1500,2476,1266150,0,0,264778
228999,0,1,0,-1,-1,0,1266170,0,0,264779
229000,1,0,0,1500,1500,2476,1266203,0,0,264779
229001,0,1,0,-1,-1,0,1266170,0,0,264780
229002,1,0,0,1500,1500,2476,1266203,0,0,264780
229003,0,1,0,-1,-1,0,1266170,0,0,264781
229004,1,0,0,1500,1500,2476,1266203,0,0,264781
229005,0,1,0,-1,-1,0,1266170,0,0,264782
229006,1,0,0,1500,1500,2476,1266203,0,0,264782
229007,0,1,0,-1,-1,0,1266170,0,0,264783
229008,1,0,0,1500,1500,2476,1266203,0,0,264783
229009,0,1,0,-1,-1,0,1266170,0,0,264784
229010,1,0,0,1500,1500,2476,1266203,0,0,264784
229011,0,1,0,-1,-1,0,1266170,0,0,264785
229012,1,0,0,1500,1500,2476,1266203,0,0,264785
229013,0,1,0,-1,-1,0,1266170,0,0,264786
229014,1,0,0,1500,1500,2476,1266203,0,0,264786
229015,0,1,0,-1,-1,0,1266170,0,0,264787
229016,1,0,0,1500,1500,2476,1266203,0,0,264787
229017,0,1,0,-1,-1,0,1266170,0,0,264788
229018,1,0,0,1500,1500,2476,1266203,0,0,264788
229019,0,1,0,-1,-1,0,1266122,0,0,264789
229020,1,0,0,1500,1500,2476,1266146,0,0,264789
229077,1,2,0,-1,-1,0,1265741,0,0,264926
229078,2,1,0,-1,-1,0,1265737,0,0,264926
229079,1,2,0,-1,-1,0,1272538,0,0,264927
229080,2,1,0,-1,-1,0,1272548,0,0,264927
229081,1,2,0,-1,-1,0,1272539,0,0,264928
229082,2,1,0,-1,-1,0,1272549,0,0,264928
229083,1,2,0,-1,-1,0,1272540,0,0,264929
229084,2,1,0,-1,-1,0,1272550,0,0,264929
229085,1,2,0,-1,-1,0,1272541,0,0,264930
229086,2,1,0,-1,-1,0,1272551,0,0,264930
229087,1,2,0,-1,-1,0,1272542,0,0,264931
229088,2,1,0,-1,-1,0,1272552,0,0,264931
229089,1,2,0,-1,-1,0,1272543,0,0,264932
229090,2,1,0,-1,-1,0,1272553,0,0,264932
229091,1,2,0,-1,-1,0,1272544,0,0,264933
229092,2,1,0,-1,-1,0,1272554,0,0,264933
229093,1,2,0,-1,-1,0,1272545,0,0,264934
229094,2,1,0,-1,-1,0,1272555,0,0,264934
229095,1,2,0,-1,-1,0,1272546,0,0,264935
229096,2,1,0,-1,-1,0,1272556,0,0,264935
229097,1,2,0,-1,-1,0,1272547,0,0,264936
229098,2,1,0,-1,-1,0,1272557,0,0,264936
229099,0,1,0,-1,-1,0,1272881,0,0,264937
229100,0,1,0,-1,-1,0,43588,0,0,29947
229109,0,0,-1,-1,3000,330,55884,0,0,264986
229110,1,6,0,-1,-1,0,1272988,0,0,264986
229114,0,1,0,-1,-1,0,1272999,0,0,30449
229125,1,1,0,-1,-1,0,1273123,0,0,30446
229128,1,1,0,-1,-1,0,1273134,0,0,30449
229135,1,1,0,-1,-1,0,1273140,0,0,264937
229136,2,1,0,-1,-1,0,1273143,0,0,264937
229138,0,1,0,-1,-1,0,37536,0,0,30446
229139,0,1,0,-1,-1,0,71354,0,0,265036
229142,1,0,0,30000,-1,0,36481,0,0,265069
229143,2,0,0,30000,-1,0,36481,0,0,265070
229161,1,1,0,-1,-1,0,23218,0,0,30664
229168,0,1,0,-1,-1,0,1288295,0,0,46237
229170,0,0,-1,-1,-1,0,1275568,0,0,265335
229171,0,0,-1,-1,-1,0,1275584,0,0,265340
229173,1,1,0,-1,-1,0,61249,0,0,30450
229174,1,1,0,-1,-1,0,1275688,0,0,30720
229175,0,1,0,-1,-1,0,1275694,0,0,30665
229192,1,1,0,-1,-1,0,1275835,0,0,30663
229209,0,1,0,-1,-1,0,1276035,0,0,265492
229210,1,1,0,-1,-1,0,1275968,0,0,265492
229211,0,2,0,-1,-1,0,21992,0,0,265514
229212,0,2,0,-1,-1,0,21992,0,0,265515
229213,0,2,0,-1,-1,0,21992,0,0,265516
229214,0,2,0,-1,-1,0,21992,0,0,265517
229215,0,2,0,-1,-1,0,21992,0,0,265518
229216,0,2,0,-1,-1,0,21992,0,0,265519
229217,0,2,0,-1,-1,0,21992,0,0,265520
229218,0,2,0,-1,-1,0,21992,0,0,265521
229219,0,2,0,-1,-1,0,21992,0,0,265522
229220,0,0,-1,-1,-1,0,1275567,0,0,265523
229221,0,0,-1,-1,-1,0,1275585,0,0,265524
229222,0,0,-1,-1,-1,0,1276050,0,0,265526
229255,0,1,0,-1,-1,0,1276171,0,0,265563
229256,3,0,0,-1,-1,0,28148,0,0,265563
229257,4,1,0,-1,-1,0,31796,0,0,265563
229258,0,1,0,-1,-1,0,1276171,0,0,265564
229259,3,0,0,-1,-1,0,28148,0,0,265564
229260,4,1,0,-1,-1,0,31796,0,0,265564
229261,0,1,0,-1,-1,0,1276171,0,0,265565
229262,3,0,0,-1,-1,0,28148,0,0,265565
229263,4,1,0,-1,-1,0,31796,0,0,265565
229264,0,1,0,-1,-1,0,1276171,0,0,265566
229265,3,0,0,-1,-1,0,28148,0,0,265566
229266,4,1,0,-1,-1,0,31796,0,0,265566
229267,0,1,0,-1,-1,0,1276171,0,0,265567
229268,3,0,0,-1,-1,0,28148,0,0,265567
229269,4,1,0,-1,-1,0,31796,0,0,265567
229270,0,1,0,-1,-1,0,1276171,0,0,265568
229271,3,0,0,-1,-1,0,28148,0,0,265568
229272,4,1,0,-1,-1,0,31796,0,0,265568
229273,0,1,0,-1,-1,0,1276171,0,0,265569
229274,3,0,0,-1,-1,0,28148,0,0,265569
229275,4,1,0,-1,-1,0,31796,0,0,265569
229276,0,1,0,-1,-1,0,1276171,0,0,265570
229277,3,0,0,-1,-1,0,28148,0,0,265570
229278,4,1,0,-1,-1,0,31796,0,0,265570
229494,0,0,-1,-1,-1,0,28324,0,0,22726
229495,0,0,-1,-1,-1,0,1277337,0,0,265841
229506,0,0,-1,-1,-1,0,55884,0,0,265933
229507,1,6,0,-1,-1,0,446916,0,0,265933
229508,0,0,-1,-1,3000,330,483,0,0,265937
229509,1,6,0,-1,-1,0,446902,0,0,265937
229510,0,0,-1,-1,-1,0,55884,0,0,265939
229511,1,6,0,-1,-1,0,1238896,0,0,265939
229512,0,0,-1,-1,-1,0,55884,0,0,265940
229513,1,6,0,-1,-1,0,112994,0,0,265940
229514,0,0,-1,-1,-1,0,55884,0,0,265941
229515,1,6,0,-1,-1,0,95786,0,0,265941
229516,0,0,-1,-1,-1,0,55884,0,0,265942
229517,1,6,0,-1,-1,0,95909,0,0,265942
229519,0,0,-1,-1,3000,330,483,0,0,265944
229520,1,6,0,-1,-1,0,1250045,0,0,265944
229825,0,0,-1,-1,-1,0,1276053,0,0,267335
229826,0,0,-1,-1,-1,0,1275566,0,0,267338
229827,0,0,-1,-1,-1,0,1275586,0,0,267339
229828,0,0,-1,-1,-1,0,1280225,0,0,267340
229870,0,0,-1,-1,3000,330,55884,0,0,267402
229871,1,6,0,-1,-1,0,1280400,0,0,267402
230329,0,2,0,-1,-1,0,1281479,0,0,19944
230351,0,0,-1,-1,-1,0,1281749,0,0,268129
230352,0,0,-1,-1,-1,0,1281750,0,0,268130
230353,0,0,-1,-1,-1,0,1281751,0,0,268131
230354,0,0,-1,-1,-1,0,1281758,0,0,268132
230355,0,0,-1,-1,-1,0,1281761,0,0,268133
230357,0,0,-1,-1,-1,0,1281766,0,0,268143
230358,0,0,-1,-1,-1,0,1281767,0,0,268144
230360,0,0,-1,-1,-1,0,1281787,0,0,268145
230364,0,0,-1,-1,-1,0,1281810,0,0,268151
230365,0,0,-1,-1,-1,0,1281812,0,0,268152
230366,0,0,-1,-1,-1,0,1281814,0,0,268153
230367,0,0,-1,-1,-1,0,1281816,0,0,268154
230368,0,0,-1,-1,-1,0,1281817,0,0,268155
230369,0,0,-1,-1,-1,0,1281820,0,0,268156
230380,0,0,-5,0,0,0,1282986,0,0,268172
230381,0,0,-5,1000,-1,0,1282985,0,0,268173
230382,0,0,-1,-1,-1,0,1282761,0,0,268174
230397,0,0,-1,0,0,0,1282124,0,0,268295
230479,0,0,-1,-1,-1,0,1282765,0,0,268541
230480,0,0,-1,-1,-1,0,1282760,0,0,268542
230481,0,0,-1,-1,-1,0,1282758,0,0,268543
230482,0,0,-1,-1,-1,0,1282755,0,0,268544
230489,0,0,-1,3000,3000,79,30003,0,0,268553
230503,0,1,0,-1,-1,0,12418,0,0,19999
230551,0,0,-1,-1,3000,330,483,0,0,268706
230552,1,6,0,-1,-1,0,1283471,0,0,268706
230576,0,0,0,120000,20000,1141,1285565,0,0,268773
230577,2,1,0,-1,-1,0,1285566,0,0,268777
230611,0,0,-1,-1,3000,330,55884,0,0,268922
230612,1,6,0,-1,-1,0,1284042,0,0,268922
230613,0,0,-1,-1,3000,330,55884,0,0,268923
230614,1,6,0,-1,-1,0,1284043,0,0,268923
230615,0,0,-1,-1,3000,330,483,0,0,268924
230616,1,6,0,-1,-1,0,1284044,0,0,268924
230617,0,0,-1,-1,-1,0,55884,0,0,268925
230618,1,6,0,-1,-1,0,1284045,0,0,268925
230619,0,0,-1,-1,-1,0,55884,0,0,268926
230620,1,6,0,-1,-1,0,1284046,0,0,268926
231113,0,1,0,-1,-1,0,24433,0,0,19613
231116,0,0,-1,-1,-1,0,1285612,0,0,269577
231180,0,0,-1,-1,-1,0,1275587,0,0,269664
231181,0,0,-1,-1,-1,0,1280226,0,0,269665
231182,0,0,-1,-1,-1,0,1275575,0,0,269667
231183,0,0,-1,-1,-1,0,1276054,0,0,269669
231184,0,0,-1,-1,-1,0,1286002,0,0,269670
231219,0,0,-1,-1,-1,0,1286165,0,0,269722
231273,0,1,0,-1,-1,0,46699,0,0,269842
231276,0,1,0,-1,-1,0,46699,0,0,269845
231277,0,1,0,-1,-1,0,46699,0,0,269846
231278,0,1,0,-1,-1,0,46699,0,0,269847
231279,0,1,0,-1,-1,0,46699,0,0,269848
231280,0,1,0,-1,-1,0,46699,0,0,269849
231281,1,1,0,-1,-1,0,1286648,0,0,34334
231282,1,1,0,-1,-1,0,1286648,0,0,269842
231283,1,1,0,-1,-1,0,1286648,0,0,269845
231284,1,1,0,-1,-1,0,1286648,0,0,269846
231285,1,1,0,-1,-1,0,1286648,0,0,269847
231286,1,1,0,-1,-1,0,1286648,0,0,269848
231287,1,1,0,-1,-1,0,1286648,0,0,269849
231363,0,0,-5,0,60000,24,1287087,0,0,269943
231382,0,0,-1,-1,-1,0,483,0,0,269965
231383,1,6,0,-1,-1,0,1287152,0,0,269965
231417,0,0,-1,0,0,0,1287385,0,0,270064
231422,0,0,-1,-1,-1,0,1275588,0,0,270148
231423,0,0,-1,-1,-1,0,1280227,0,0,270149
231424,0,0,-1,-1,-1,0,1286003,0,0,270150
231425,0,0,-1,-1,-1,0,1276055,0,0,270156
231426,0,0,-1,-1,-1,0,1275576,0,0,270157
231427,0,0,-1,-1,-1,0,1287433,0,0,270158
231451,0,0,0,120000,-1,0,1287448,0,153983,270177
231452,0,0,0,120000,-1,0,1287449,0,153962,270178
231453,0,1,0,-1,-1,0,64415,0,0,270182
231454,1,1,0,-1,-1,0,68496,0,0,270182
231455,0,1,0,-1,-1,0,64415,0,0,270183
231456,1,1,0,-1,-1,0,68496,0,0,270183
231457,0,1,0,-1,-1,0,64415,0,0,270184
231458,1,1,0,-1,-1,0,68496,0,0,270184
231459,0,1,0,-1,-1,0,64415,0,0,270185
231460,1,1,0,-1,-1,0,68496,0,0,270185
231461,0,1,0,-1,-1,0,64415,0,0,270186
231462,1,1,0,-1,-1,0,68496,0,0,270186
231463,0,0,-1,-1,-1,0,1287480,0,0,270187
231467,0,0,0,120000,-1,0,1287511,0,0,270194
231468,0,0,0,120000,-1,0,1287512,0,0,270195
231469,0,0,0,120000,-1,0,1287514,0,0,270196
231470,0,0,0,120000,-1,0,1287516,0,0,270197
231471,0,0,0,120000,-1,0,1287517,0,0,270198
231472,0,0,0,120000,-1,0,1287518,0,0,270199
231473,0,0,0,120000,-1,0,1287519,0,0,270200
231474,0,0,0,120000,-1,0,1287521,0,0,270201
231475,0,0,0,120000,-1,0,1287523,0,0,270202
231476,0,0,0,120000,-1,0,1287524,0,0,270203
231477,0,0,0,120000,-1,0,1287525,0,0,270204
231478,0,0,0,120000,-1,0,1287526,0,0,270205
231479,0,0,0,120000,-1,0,1287527,0,0,270206
231480,0,0,0,120000,-1,0,1287528,0,0,270207
231481,0,0,0,120000,-1,0,1287529,0,0,270208
231482,0,0,0,120000,-1,0,1287530,0,0,270209
231511,0,0,0,-1,-1,0,1287626,0,0,270265
231522,0,0,0,-1,-1,0,1287814,0,0,270306
231534,0,0,-1,-1,-1,0,1288590,0,0,270314
231599,0,1,0,-1,-1,0,1288295,0,0,46234
231610,0,0,-1,-1,-1,0,1280228,0,0,270902
231611,0,0,-1,-1,-1,0,1275577,0,0,270903
231612,0,0,-1,-1,-1,0,1276055,0,0,270904
231613,0,0,-1,-1,-1,0,1275589,0,0,270905
231614,0,0,-1,-1,-1,0,1286004,0,0,270906
231615,0,0,-1,-1,-1,0,1287435,0,0,270907
231616,0,0,-1,-1,-1,0,1288355,0,0,270908
231824,0,0,0,86400000,-1,0,1289259,0,0,31113
231825,0,0,-1,-1,-1,0,483,0,0,271651
231826,1,6,0,-1,-1,0,1289297,0,0,271651
231829,0,0,-1,-1,-1,0,483,0,0,271656
231830,1,6,0,-1,-1,0,1289300,0,0,271656
231831,0,0,-1,0,0,0,1289304,0,0,271660
231833,0,0,-1,0,0,0,1289307,0,0,271676
231834,0,0,-1,-1,-1,0,483,0,0,271677
231835,1,6,0,-1,-1,0,1289307,0,0,271677
231838,0,0,-1,-1,-1,0,483,0,0,271694
231839,1,6,0,-1,-1,0,1289332,0,0,271694
231840,0,0,-1,0,0,0,1289332,0,0,271695
231866,0,0,-1,-1,-1,0,483,0,0,271773
231867,1,6,0,-1,-1,0,1289436,0,0,271773
231868,0,0,-1,-1,-1,0,483,0,0,271775
231869,1,6,0,-1,-1,0,1289437,0,0,271775
232157,0,2,0,-1,-1,0,1290564,0,0,17142
232171,0,0,0,60000,-1,0,1290636,0,0,272263
232239,1,1,0,-1,-1,0,1291121,0,0,17142
232729,0,2,0,-1,-1,0,1290564,0,0,269680
232730,1,1,0,-1,-1,0,1291121,0,0,269680
232732,0,2,0,-1,-1,0,1290564,0,0,269679
232733,1,1,0,-1,-1,0,1291121,0,0,269679
232734,0,2,0,-1,-1,0,1290564,0,0,269672
232735,1,1,0,-1,-1,0,1291121,0,0,269672
232736,0,2,0,-1,-1,0,1290564,0,0,269677
232737,1,1,0,-1,-1,0,1291121,0,0,269677
232738,0,2,0,-1,-1,0,1290564,0,0,269676
232739,1,1,0,-1,-1,0,1291121,0,0,269676
232740,0,2,0,-1,-1,0,1290564,0,0,269675
232741,1,1,0,-1,-1,0,1291121,0,0,269675
232742,0,2,0,-1,-1,0,1290564,0,0,269674
232743,1,1,0,-1,-1,0,1291121,0,0,269674
233386,0,0,-1,-1,-1,0,55884,0,0,273648
233387,3,6,0,-1,-1,0,1292303,0,0,273648
233480,0,0,-1,-1,-1,0,1292756,0,0,273849
233630,0,0,-1,-1,-1,0,1293044,0,0,270264
233631,0,0,-1,-1,-1,0,1293045,0,0,271107
234080,0,0,-1,-1,-1,0,1295488,0,0,40615
234081,0,0,-1,-1,-1,0,1295488,0,0,40613
234082,0,0,-1,-1,-1,0,1295488,0,0,40614
234595,0,0,-1,-1,-1,0,55884,0,0,275818
234596,3,6,0,-1,-1,0,1297823,0,0,275818
235340,0,0,0,120000,15000,1141,1301953,0,0,277402
235341,1,0,0,120000,20000,1141,1301956,0,0,277403
235342,0,0,0,180000,0,0,1301958,0,0,277404
235343,0,0,0,120000,20000,1141,1301950,0,0,277405
235344,0,1,0,-1,-1,0,1301986,0,0,277422
235345,0,1,0,-1,-1,0,1301981,0,0,277423
235346,0,1,0,-1,-1,0,1301991,0,0,277424
235347,0,1,0,-1,-1,0,1301982,0,0,277425
235348,0,1,0,-1,-1,0,1301965,0,0,277426
235349,0,1,0,-1,-1,0,1301966,0,0,277427
235350,0,1,0,-1,-1,0,1301988,0,0,277428
235351,0,1,0,-1,-1,0,1301987,0,0,277429
235352,0,1,0,-1,-1,0,1301974,0,0,277430
235353,0,1,0,-1,-1,0,1301978,0,0,277431
235354,0,1,0,-1,-1,0,1301980,0,0,277432
235355,0,1,0,-1,-1,0,1301977,0,0,277433
235725,2,1,0,-1,-1,0,1305161,0,0,17142
235726,2,1,0,-1,-1,0,1305161,0,0,269672
235727,2,1,0,-1,-1,0,1305161,0,0,269674
235728,2,1,0,-1,-1,0,1305161,0,0,269675
235729,2,1,0,-1,-1,0,1305161,0,0,269676
235730,2,1,0,-1,-1,0,1305161,0,0,269677
235731,2,1,0,-1,-1,0,1305161,0,0,269679
235732,2,1,0,-1,-1,0,1305161,0,0,269680
236129,0,0,-1,1000,-1,0,1306939,0,0,279578
180274,0,0,0,120000,15000,1141,45049,0,0,209695
180275,1,0,0,120000,20000,1141,61617,0,0,209696
180276,0,0,0,180000,0,0,387423,0,0,209697
180282,0,0,0,120000,20000,1141,59658,0,0,209780
180307,0,1,0,-1,-1,0,61322,0,0,209807
180308,0,1,0,-1,-1,0,63353,0,0,209808
180309,0,1,0,-1,-1,0,57907,0,0,209809
180310,0,1,0,-1,-1,0,61323,0,0,209810
180311,0,1,0,-1,-1,0,61321,0,0,209811
180312,0,1,0,-1,-1,0,61318,0,0,209812
180313,0,1,0,-1,-1,0,52314,0,0,209813
180314,0,1,0,-1,-1,0,57918,0,0,209814
180315,0,1,0,-1,-1,0,61325,0,0,209815
180324,0,1,0,-1,-1,0,54809,0,0,209826
180325,0,1,0,-1,-1,0,54800,0,0,209827
180327,0,1,0,-1,-1,0,54807,0,0,209829
180347,0,0,0,-1,-1,0,424512,0,0,209878
180424,0,0,-1,3600000,3600000,94,424369,0,0,210046
180425,0,0,-1,3600000,3600000,94,424370,0,0,210047
139415,0,0,-1,-1,-1,0,55884,0,0,187794
173806,1,6,0,-1,-1,0,359755,0,0,187794
188074,0,0,-1,-1,3000,330,55884,0,0,226805
188075,1,6,0,-1,-1,0,459486,0,0,226805
178805,0,0,-1,-1,3000,330,55884,0,0,207097
178806,1,6,0,-1,-1,0,416158,0,0,207097
180345,0,0,-1,-1,-1,0,55884,0,0,209877
180346,1,6,0,-1,-1,0,423843,0,0,209877
231165,0,0,-1,-1,3000,330,55884,0,0,269640
231166,1,6,0,-1,-1,0,1285897,0,0,269640
147873,0,0,-1,-1,3000,330,55884,0,0,192455
147874,1,6,0,-1,-1,0,372677,0,0,192455
170237,1,0,0,3600000,0,0,384630,0,0,198647
170256,1,6,0,-1,-1,0,384796,0,0,198665
170257,0,0,-1,-1,-1,0,55884,0,0,198665
224787,0,0,-1,-1,3000,330,483,0,0,255692
224788,1,6,0,-1,-1,0,457485,0,0,255692
188090,0,0,0,-1,3000,330,483,0,0,226812
188091,1,6,0,-1,-1,0,459538,0,0,226812
226090,0,0,0,-1,-1,0,1244268,0,0,258129
226100,0,0,0,-1,-1,0,1262837,0,0,258135
226102,0,0,0,-1,-1,0,1262850,0,0,258136
232215,0,0,-1,-1,-1,0,55884,0,0,272357
232216,3,6,0,-1,-1,0,1291005,0,0,272357
226475,0,0,0,600000,-1,59,1264100,0,0,258840
232744,0,0,-1,-1,3000,330,55884,0,0,272920
232745,1,6,0,-1,-1,0,1291315,0,0,272920
235285,0,0,-1,-1,3000,330,483,0,0,277171
235286,1,6,0,-1,-1,0,1301737,0,0,277171
172003,0,0,-1,-1,3000,330,55884,0,0,201699
172004,1,6,0,-1,-1,0,394209,0,0,201699
235308,0,0,-1,-1,-1,0,55884,0,0,277193
235309,3,6,0,-1,-1,0,1301783,0,0,277193
171126,0,0,-1,-1,3000,330,483,0,0,199931
171127,1,6,0,-1,-1,0,388516,0,0,199931
171128,0,0,-1,-1,-1,0,55884,0,0,200060
171129,1,6,0,-1,-1,0,388541,0,0,200060
174217,0,0,-1,-1,-1,0,55884,0,0,204982
174218,1,6,0,-1,-1,0,407786,0,0,204982
231172,0,0,-1,-1,3000,330,55884,0,0,269659
231173,1,6,0,-1,-1,0,1266982,0,0,269659
227153,0,0,-1,-1,3000,330,55884,0,0,262344
227154,1,6,0,-1,-1,0,1267077,0,0,262344
231827,0,0,-1,-1,-1,0,55884,0,0,271652
231828,3,6,0,-1,-1,0,1289296,0,0,271652
180351,0,0,-1,-1,-1,0,55884,0,0,209945
180352,1,6,0,-1,-1,0,423868,0,0,209945
180353,0,0,-1,-1,3000,330,483,0,0,209946
180354,1,6,0,-1,-1,0,423869,0,0,209946
230675,0,0,-1,-1,3000,330,55884,0,0,269012
230676,1,6,0,-1,-1,0,1284679,0,0,269012
180343,0,0,-1,-1,3000,330,483,0,0,209876
180344,1,6,0,-1,-1,0,440915,0,0,209876
